{"onTablo":{"compTeamSecondS2":"0.0","compTeamSecondS1":"0.0","secondPlaceLag":"01.358","teamsByTimestamp":[11,3,13,1,9,6,5],"bestLapRaceNameTeam":"","finish":true,"compTeamFirstLastLap":"0.0","raceStartedButtonTimestamp":1660765620,"bestLapRaceNumberTeam":"","raceFinishedTimestamp":1660765613,"compDiff":"-0.0","bestLapRaceNamePilot":"","compTeamSecondLastLap":"0.0","secondPlaceName":"Васильчук Назар","karts":[1,2,3,4,5,6,7,8,9,10,11,12,13,14,15,16,17,18,19,20,21,22,33,44,69],"compTeamFirstS2":"0.0","compTeamFirstS1":"0.0","compTeamNameSecond":"Команда2","totalRaceTime":"00:01:37","thirdPlaceName":"Лантушенко Ігор","secondPlaceNumber":"11","isRace":true,"firstPlaceNumber":"5","thirdPlaceNumber":"3","bestS2Race":"27.278","firstPlaceLag":"","bestS1Race":"13.119","compLag":"0.0","teams":[{"pilotName":"Якусик Дмитро","lag":"0","timeFromLassPassing":"10794","endLap":false,"position":"1","lastPitTime":"00:00:00","transponderId":"8584138","teamName":"","lastLap":"41.24","lastLapSec":"41","bestLap":"41.24","segments":[{"pilotName":"","finishTime":"00:00:00","pilotId":"1","totalPilotTime":"00:01:37","neLength":"00:01:37","kart":"0","pitTime":""}],"lapCount":"2","lastLapS2":"27.91","lastLapS1":"13.33","secondsFromPit":"138","isOnPit":false,"isRaketa":false,"number":"5","pitstops":"0","kart":"0","lastPitMainTime":"0","totalOnTrack":"00:01:37","midLap":"42.842","pilots":[{"onTrack":"00:00:00","name":""}],"bestLapOnSegment":"41.248"},{"pilotName":"Васильчук Назар","lag":"01.35","timeFromLassPassing":"9482","endLap":false,"position":"2","lastPitTime":"00:00:00","transponderId":"2758575","teamName":"","lastLap":"40.92","lastLapSec":"41","bestLap":"40.92","segments":[{"pilotName":"","finishTime":"00:00:00","pilotId":"1","totalPilotTime":"00:01:37","neLength":"00:01:37","kart":"0","pitTime":""}],"lapCount":"2","lastLapS2":"27.49","lastLapS1":"13.42","secondsFromPit":"138","isOnPit":false,"isRaketa":false,"number":"11","pitstops":"0","kart":"0","lastPitMainTime":"0","totalOnTrack":"00:01:37","midLap":"44.092","pilots":[{"onTrack":"00:00:00","name":""}],"bestLapOnSegment":"40.920"},{"pilotName":"Лантушенко Ігор","lag":"0.51","timeFromLassPassing":"8835","endLap":false,"position":"3","lastPitTime":"00:00:00","transponderId":"5885393","teamName":"","lastLap":"40.53","lastLapSec":"41","bestLap":"40.53","segments":[{"pilotName":"","finishTime":"00:00:00","pilotId":"1","totalPilotTime":"00:01:37","neLength":"00:01:37","kart":"0","pitTime":""}],"lapCount":"2","lastLapS2":"27.27","lastLapS1":"13.26","secondsFromPit":"138","isOnPit":false,"isRaketa":true,"number":"3","pitstops":"0","kart":"0","lastPitMainTime":"0","totalOnTrack":"00:01:37","midLap":"43.220","pilots":[{"onTrack":"00:00:00","name":""}],"bestLapOnSegment":"40.538"},{"pilotName":"Хавіло Дмитро","lag":"0.55","timeFromLassPassing":"8385","endLap":false,"position":"4","lastPitTime":"00:00:00","transponderId":"8441658","teamName":"","lastLap":"40.86","lastLapSec":"41","bestLap":"40.86","segments":[{"pilotName":"","finishTime":"00:00:00","pilotId":"1","totalPilotTime":"00:01:37","neLength":"00:01:37","kart":"0","pitTime":""}],"lapCount":"2","lastLapS2":"27.46","lastLapS1":"13.39","secondsFromPit":"138","isOnPit":false,"isRaketa":false,"number":"13","pitstops":"0","kart":"0","lastPitMainTime":"0","totalOnTrack":"00:01:37","midLap":"44.084","pilots":[{"onTrack":"00:00:00","name":""}],"bestLapOnSegment":"40.860"},{"pilotName":"Кравчонок Олександр","lag":"0.64","timeFromLassPassing":"7738","endLap":false,"position":"5","lastPitTime":"00:00:00","transponderId":"9739691","teamName":"","lastLap":"40.82","lastLapSec":"41","bestLap":"40.82","segments":[{"pilotName":"","finishTime":"00:00:00","pilotId":"1","totalPilotTime":"00:01:37","neLength":"00:01:37","kart":"0","pitTime":""}],"lapCount":"2","lastLapS2":"27.71","lastLapS1":"13.11","secondsFromPit":"138","isOnPit":false,"isRaketa":false,"number":"1","pitstops":"0","kart":"0","lastPitMainTime":"0","totalOnTrack":"00:01:37","midLap":"43.644","pilots":[{"onTrack":"00:00:00","name":""}],"bestLapOnSegment":"40.829"},{"pilotName":"Литвиненко Віктор","lag":"0.21","timeFromLassPassing":"7521","endLap":false,"position":"6","lastPitTime":"00:00:00","transponderId":"2807865","teamName":"","lastLap":"41.39","lastLapSec":"41","bestLap":"41.39","segments":[{"pilotName":"","finishTime":"00:00:00","pilotId":"1","totalPilotTime":"00:01:37","neLength":"00:01:37","kart":"0","pitTime":""}],"lapCount":"2","lastLapS2":"28.09","lastLapS1":"13.29","secondsFromPit":"138","isOnPit":false,"isRaketa":false,"number":"9","pitstops":"0","kart":"0","lastPitMainTime":"0","totalOnTrack":"00:01:37","midLap":"44.185","pilots":[{"onTrack":"00:00:00","name":""}],"bestLapOnSegment":"41.394"},{"pilotName":"Булавінов Андрій","lag":"0.89","timeFromLassPassing":"6537","endLap":false,"position":"7","lastPitTime":"00:00:00","transponderId":"9661676","teamName":"","lastLap":"41.59","lastLapSec":"42","bestLap":"41.59","segments":[{"pilotName":"","finishTime":"00:00:00","pilotId":"1","totalPilotTime":"00:01:37","neLength":"00:01:37","kart":"0","pitTime":""}],"lapCount":"2","lastLapS2":"28.05","lastLapS1":"13.53","secondsFromPit":"138","isOnPit":false,"isRaketa":false,"number":"6","pitstops":"0","kart":"0","lastPitMainTime":"0","totalOnTrack":"00:01:37","midLap":"45.546","pilots":[{"onTrack":"00:00:00","name":""}],"bestLapOnSegment":"41.597"}],"thirdPlaceLag":"0.519","firstPlaceName":"Якусик Дмитро","bestLapRace":"40.538","teams2":{"1":{"pilotName":"Кравчонок Олександр","lag":"0.64","timeFromLassPassing":"7738","endLap":false,"position":"5","lastPitTime":"00:00:00","transponderId":"9739691","teamName":"","lastLap":"40.82","lastLapSec":"41","bestLap":"40.82","segments":[{"pilotName":"","finishTime":"00:00:00","pilotId":"1","totalPilotTime":"00:01:37","neLength":"00:01:37","kart":"0","pitTime":""}],"lapCount":"2","lastLapS2":"27.71","lastLapS1":"13.11","secondsFromPit":"138","isOnPit":false,"isRaketa":false,"number":"1","pitstops":"0","kart":"0","lastPitMainTime":"0","totalOnTrack":"00:01:37","midLap":"43.644","pilots":[{"onTrack":"00:00:00","name":""}],"bestLapOnSegment":"40.829"},"3":{"pilotName":"Лантушенко Ігор","lag":"0.51","timeFromLassPassing":"8835","endLap":false,"position":"3","lastPitTime":"00:00:00","transponderId":"5885393","teamName":"","lastLap":"40.53","lastLapSec":"41","bestLap":"40.53","segments":[{"pilotName":"","finishTime":"00:00:00","pilotId":"1","totalPilotTime":"00:01:37","neLength":"00:01:37","kart":"0","pitTime":""}],"lapCount":"2","lastLapS2":"27.27","lastLapS1":"13.26","secondsFromPit":"138","isOnPit":false,"isRaketa":true,"number":"3","pitstops":"0","kart":"0","lastPitMainTime":"0","totalOnTrack":"00:01:37","midLap":"43.220","pilots":[{"onTrack":"00:00:00","name":""}],"bestLapOnSegment":"40.538"},"5":{"pilotName":"Якусик Дмитро","lag":"0","timeFromLassPassing":"10794","endLap":false,"position":"1","lastPitTime":"00:00:00","transponderId":"8584138","teamName":"","lastLap":"41.24","lastLapSec":"41","bestLap":"41.24","segments":[{"pilotName":"","finishTime":"00:00:00","pilotId":"1","totalPilotTime":"00:01:37","neLength":"00:01:37","kart":"0","pitTime":""}],"lapCount":"2","lastLapS2":"27.91","lastLapS1":"13.33","secondsFromPit":"138","isOnPit":false,"isRaketa":false,"number":"5","pitstops":"0","kart":"0","lastPitMainTime":"0","totalOnTrack":"00:01:37","midLap":"42.842","pilots":[{"onTrack":"00:00:00","name":""}],"bestLapOnSegment":"41.248"},"6":{"pilotName":"Булавінов Андрій","lag":"0.89","timeFromLassPassing":"6537","endLap":false,"position":"7","lastPitTime":"00:00:00","transponderId":"9661676","teamName":"","lastLap":"41.59","lastLapSec":"42","bestLap":"41.59","segments":[{"pilotName":"","finishTime":"00:00:00","pilotId":"1","totalPilotTime":"00:01:37","neLength":"00:01:37","kart":"0","pitTime":""}],"lapCount":"2","lastLapS2":"28.05","lastLapS1":"13.53","secondsFromPit":"138","isOnPit":false,"isRaketa":false,"number":"6","pitstops":"0","kart":"0","lastPitMainTime":"0","totalOnTrack":"00:01:37","midLap":"45.546","pilots":[{"onTrack":"00:00:00","name":""}],"bestLapOnSegment":"41.597"},"9":{"pilotName":"Литвиненко Віктор","lag":"0.21","timeFromLassPassing":"7521","endLap":false,"position":"6","lastPitTime":"00:00:00","transponderId":"2807865","teamName":"","lastLap":"41.39","lastLapSec":"41","bestLap":"41.39","segments":[{"pilotName":"","finishTime":"00:00:00","pilotId":"1","totalPilotTime":"00:01:37","neLength":"00:01:37","kart":"0","pitTime":""}],"lapCount":"2","lastLapS2":"28.09","lastLapS1":"13.29","secondsFromPit":"138","isOnPit":false,"isRaketa":false,"number":"9","pitstops":"0","kart":"0","lastPitMainTime":"0","totalOnTrack":"00:01:37","midLap":"44.185","pilots":[{"onTrack":"00:00:00","name":""}],"bestLapOnSegment":"41.394"},"11":{"pilotName":"Васильчук Назар","lag":"01.35","timeFromLassPassing":"9482","endLap":false,"position":"2","lastPitTime":"00:00:00","transponderId":"2758575","teamName":"","lastLap":"40.92","lastLapSec":"41","bestLap":"40.92","segments":[{"pilotName":"","finishTime":"00:00:00","pilotId":"1","totalPilotTime":"00:01:37","neLength":"00:01:37","kart":"0","pitTime":""}],"lapCount":"2","lastLapS2":"27.49","lastLapS1":"13.42","secondsFromPit":"138","isOnPit":false,"isRaketa":false,"number":"11","pitstops":"0","kart":"0","lastPitMainTime":"0","totalOnTrack":"00:01:37","midLap":"44.092","pilots":[{"onTrack":"00:00:00","name":""}],"bestLapOnSegment":"40.920"},"13":{"pilotName":"Хавіло Дмитро","lag":"0.55","timeFromLassPassing":"8385","endLap":false,"position":"4","lastPitTime":"00:00:00","transponderId":"8441658","teamName":"","lastLap":"40.86","lastLapSec":"41","bestLap":"40.86","segments":[{"pilotName":"","finishTime":"00:00:00","pilotId":"1","totalPilotTime":"00:01:37","neLength":"00:01:37","kart":"0","pitTime":""}],"lapCount":"2","lastLapS2":"27.46","lastLapS1":"13.39","secondsFromPit":"138","isOnPit":false,"isRaketa":false,"number":"13","pitstops":"0","kart":"0","lastPitMainTime":"0","totalOnTrack":"00:01:37","midLap":"44.084","pilots":[{"onTrack":"00:00:00","name":""}],"bestLapOnSegment":"40.860"}},"compTeamNameFirst":"Команда1","compDiffS2":"-0.0","compDiffS1":"+0.0"},"onBoard":{"karts_on_track":[],"position":"5","timeDiff":"+05.630","firstpos_lag":"-03.074","lastLap":"40.829","onTrack":"01:37.587","position_by_time":"2","sector_2_time":"27.71","karts_on_pit":[],"second_pos_time":"40.920","second_pos_name":"Васильчук Назар","sector_2_lag":"-0.432","timeLag":"-0.291","sector_1_lag":"+0.141","lapCount":"2","third_pos_time":"40.538","third_pos_name":"Лантушенко Ігор","sector_1_time":"13.11","totalOnTrack":"00:01:37","prevpos_lag":"+0.217","nextpos_lag":"-0.645","bestLapOnSegment":"40.829","first_pos_time":"41.248","first_pos_name":"Якусик Дмитро"}}