{"onTablo":{"compTeamSecondS2":"0.0","compTeamSecondS1":"0.0","secondPlaceLag":"","teamsByTimestamp":[5,3,1,11,13,9,6],"bestLapRaceNameTeam":"","finish":false,"compTeamFirstLastLap":"0.0","raceStartedButtonTimestamp":1660766222,"bestLapRaceNumberTeam":"","raceFinishedTimestamp":1660766088,"compDiff":"-0.0","bestLapRaceNamePilot":"","compTeamSecondLastLap":"0.0","secondPlaceName":"Маніло Денис","karts":[1,2,3,4,5,6,7,8,9,10,11,12,13,14,15,16,17,18,19,20,21,22,33,44,69],"compTeamFirstS2":"0.0","compTeamFirstS1":"0.0","compTeamNameSecond":"Команда2","totalRaceTime":"00:07:07","thirdPlaceName":"Міфтахутдінов Ільяс","secondPlaceNumber":"3","isRace":true,"firstPlaceNumber":"5","thirdPlaceNumber":"1","bestS2Race":"8:20:00.000","firstPlaceLag":"","bestS1Race":"8:20:00.000","compLag":"0.0","teams":[{"pilotName":"Шиленко Олександр","lag":"0","timeFromLassPassing":"14501","endLap":false,"position":"1","lastPitTime":"00:00:00","transponderId":"8584138","teamName":"","lastLap":"","lastLapSec":"0","bestLap":"","segments":[{"pilotName":"","finishTime":"00:00:00","pilotId":"1","totalPilotTime":"00:07:07","neLength":"00:07:07","kart":"0","pitTime":""}],"lapCount":"0","lastLapS2":"","lastLapS1":"","secondsFromPit":"134","isOnPit":false,"isRaketa":false,"number":"5","pitstops":"0","kart":"0","lastPitMainTime":"0","totalOnTrack":"00:07:07","midLap":"0","pilots":[{"onTrack":"00:00:00","name":""}],"bestLapOnSegment":""},{"pilotName":"Маніло Денис","lag":"","timeFromLassPassing":"13855","endLap":false,"position":"2","lastPitTime":"00:00:00","transponderId":"5885393","teamName":"","lastLap":"","lastLapSec":"0","bestLap":"","segments":[{"pilotName":"","finishTime":"00:00:00","pilotId":"1","totalPilotTime":"00:07:07","neLength":"00:07:07","kart":"0","pitTime":""}],"lapCount":"0","lastLapS2":"","lastLapS1":"","secondsFromPit":"134","isOnPit":false,"isRaketa":false,"number":"3","pitstops":"0","kart":"0","lastPitMainTime":"0","totalOnTrack":"00:07:07","midLap":"0","pilots":[{"onTrack":"00:00:00","name":""}],"bestLapOnSegment":""},{"pilotName":"Міфтахутдінов Ільяс","lag":"","timeFromLassPassing":"13410","endLap":false,"position":"3","lastPitTime":"00:00:00","transponderId":"9739691","teamName":"","lastLap":"","lastLapSec":"0","bestLap":"","segments":[{"pilotName":"","finishTime":"00:00:00","pilotId":"1","totalPilotTime":"00:07:07","neLength":"00:07:07","kart":"0","pitTime":""}],"lapCount":"0","lastLapS2":"","lastLapS1":"","secondsFromPit":"134","isOnPit":false,"isRaketa":false,"number":"1","pitstops":"0","kart":"0","lastPitMainTime":"0","totalOnTrack":"00:07:07","midLap":"0","pilots":[{"onTrack":"00:00:00","name":""}],"bestLapOnSegment":""},{"pilotName":"Карт 11","lag":"","timeFromLassPassing":"10684","endLap":false,"position":"4","lastPitTime":"00:00:00","transponderId":"2758575","teamName":"","lastLap":"","lastLapSec":"0","bestLap":"","segments":[{"pilotName":"","finishTime":"00:00:00","pilotId":"1","totalPilotTime":"00:07:07","neLength":"00:07:07","kart":"0","pitTime":""}],"lapCount":"0","lastLapS2":"","lastLapS1":"","secondsFromPit":"134","isOnPit":false,"isRaketa":false,"number":"11","pitstops":"0","kart":"0","lastPitMainTime":"0","totalOnTrack":"00:07:07","midLap":"0","pilots":[{"onTrack":"00:00:00","name":""}],"bestLapOnSegment":""},{"pilotName":"Ткаченко Кирило","lag":"","timeFromLassPassing":"10468","endLap":false,"position":"5","lastPitTime":"00:00:00","transponderId":"8441658","teamName":"","lastLap":"","lastLapSec":"0","bestLap":"","segments":[{"pilotName":"","finishTime":"00:00:00","pilotId":"1","totalPilotTime":"00:07:07","neLength":"00:07:07","kart":"0","pitTime":""}],"lapCount":"0","lastLapS2":"","lastLapS1":"","secondsFromPit":"134","isOnPit":false,"isRaketa":false,"number":"13","pitstops":"0","kart":"0","lastPitMainTime":"0","totalOnTrack":"00:07:07","midLap":"0","pilots":[{"onTrack":"00:00:00","name":""}],"bestLapOnSegment":""},{"pilotName":"Лихошерст Олексій","lag":"","timeFromLassPassing":"10130","endLap":false,"position":"6","lastPitTime":"00:00:00","transponderId":"2807865","teamName":"","lastLap":"","lastLapSec":"0","bestLap":"","segments":[{"pilotName":"","finishTime":"00:00:00","pilotId":"1","totalPilotTime":"00:07:07","neLength":"00:07:07","kart":"0","pitTime":""}],"lapCount":"0","lastLapS2":"","lastLapS1":"","secondsFromPit":"134","isOnPit":false,"isRaketa":false,"number":"9","pitstops":"0","kart":"0","lastPitMainTime":"0","totalOnTrack":"00:07:07","midLap":"0","pilots":[{"onTrack":"00:00:00","name":""}],"bestLapOnSegment":""},{"pilotName":"Вінтонів Іван","lag":"","timeFromLassPassing":"7946","endLap":false,"position":"7","lastPitTime":"00:00:00","transponderId":"9661676","teamName":"","lastLap":"","lastLapSec":"0","bestLap":"","segments":[{"pilotName":"","finishTime":"00:00:00","pilotId":"1","totalPilotTime":"00:07:07","neLength":"00:07:07","kart":"0","pitTime":""}],"lapCount":"0","lastLapS2":"","lastLapS1":"","secondsFromPit":"134","isOnPit":false,"isRaketa":false,"number":"6","pitstops":"0","kart":"0","lastPitMainTime":"0","totalOnTrack":"00:07:07","midLap":"0","pilots":[{"onTrack":"00:00:00","name":""}],"bestLapOnSegment":""}],"thirdPlaceLag":"","firstPlaceName":"Шиленко Олександр","bestLapRace":"0","teams2":{"1":{"pilotName":"Міфтахутдінов Ільяс","lag":"","timeFromLassPassing":"13410","endLap":false,"position":"3","lastPitTime":"00:00:00","transponderId":"9739691","teamName":"","lastLap":"","lastLapSec":"0","bestLap":"","segments":[{"pilotName":"","finishTime":"00:00:00","pilotId":"1","totalPilotTime":"00:07:07","neLength":"00:07:07","kart":"0","pitTime":""}],"lapCount":"0","lastLapS2":"","lastLapS1":"","secondsFromPit":"134","isOnPit":false,"isRaketa":false,"number":"1","pitstops":"0","kart":"0","lastPitMainTime":"0","totalOnTrack":"00:07:07","midLap":"0","pilots":[{"onTrack":"00:00:00","name":""}],"bestLapOnSegment":""},"3":{"pilotName":"Маніло Денис","lag":"","timeFromLassPassing":"13855","endLap":false,"position":"2","lastPitTime":"00:00:00","transponderId":"5885393","teamName":"","lastLap":"","lastLapSec":"0","bestLap":"","segments":[{"pilotName":"","finishTime":"00:00:00","pilotId":"1","totalPilotTime":"00:07:07","neLength":"00:07:07","kart":"0","pitTime":""}],"lapCount":"0","lastLapS2":"","lastLapS1":"","secondsFromPit":"134","isOnPit":false,"isRaketa":false,"number":"3","pitstops":"0","kart":"0","lastPitMainTime":"0","totalOnTrack":"00:07:07","midLap":"0","pilots":[{"onTrack":"00:00:00","name":""}],"bestLapOnSegment":""},"5":{"pilotName":"Шиленко Олександр","lag":"0","timeFromLassPassing":"14501","endLap":false,"position":"1","lastPitTime":"00:00:00","transponderId":"8584138","teamName":"","lastLap":"","lastLapSec":"0","bestLap":"","segments":[{"pilotName":"","finishTime":"00:00:00","pilotId":"1","totalPilotTime":"00:07:07","neLength":"00:07:07","kart":"0","pitTime":""}],"lapCount":"0","lastLapS2":"","lastLapS1":"","secondsFromPit":"134","isOnPit":false,"isRaketa":false,"number":"5","pitstops":"0","kart":"0","lastPitMainTime":"0","totalOnTrack":"00:07:07","midLap":"0","pilots":[{"onTrack":"00:00:00","name":""}],"bestLapOnSegment":""},"6":{"pilotName":"Вінтонів Іван","lag":"","timeFromLassPassing":"7946","endLap":false,"position":"7","lastPitTime":"00:00:00","transponderId":"9661676","teamName":"","lastLap":"","lastLapSec":"0","bestLap":"","segments":[{"pilotName":"","finishTime":"00:00:00","pilotId":"1","totalPilotTime":"00:07:07","neLength":"00:07:07","kart":"0","pitTime":""}],"lapCount":"0","lastLapS2":"","lastLapS1":"","secondsFromPit":"134","isOnPit":false,"isRaketa":false,"number":"6","pitstops":"0","kart":"0","lastPitMainTime":"0","totalOnTrack":"00:07:07","midLap":"0","pilots":[{"onTrack":"00:00:00","name":""}],"bestLapOnSegment":""},"9":{"pilotName":"Лихошерст Олексій","lag":"","timeFromLassPassing":"10130","endLap":false,"position":"6","lastPitTime":"00:00:00","transponderId":"2807865","teamName":"","lastLap":"","lastLapSec":"0","bestLap":"","segments":[{"pilotName":"","finishTime":"00:00:00","pilotId":"1","totalPilotTime":"00:07:07","neLength":"00:07:07","kart":"0","pitTime":""}],"lapCount":"0","lastLapS2":"","lastLapS1":"","secondsFromPit":"134","isOnPit":false,"isRaketa":false,"number":"9","pitstops":"0","kart":"0","lastPitMainTime":"0","totalOnTrack":"00:07:07","midLap":"0","pilots":[{"onTrack":"00:00:00","name":""}],"bestLapOnSegment":""},"11":{"pilotName":"Карт 11","lag":"","timeFromLassPassing":"10684","endLap":false,"position":"4","lastPitTime":"00:00:00","transponderId":"2758575","teamName":"","lastLap":"","lastLapSec":"0","bestLap":"","segments":[{"pilotName":"","finishTime":"00:00:00","pilotId":"1","totalPilotTime":"00:07:07","neLength":"00:07:07","kart":"0","pitTime":""}],"lapCount":"0","lastLapS2":"","lastLapS1":"","secondsFromPit":"134","isOnPit":false,"isRaketa":false,"number":"11","pitstops":"0","kart":"0","lastPitMainTime":"0","totalOnTrack":"00:07:07","midLap":"0","pilots":[{"onTrack":"00:00:00","name":""}],"bestLapOnSegment":""},"13":{"pilotName":"Ткаченко Кирило","lag":"","timeFromLassPassing":"10468","endLap":false,"position":"5","lastPitTime":"00:00:00","transponderId":"8441658","teamName":"","lastLap":"","lastLapSec":"0","bestLap":"","segments":[{"pilotName":"","finishTime":"00:00:00","pilotId":"1","totalPilotTime":"00:07:07","neLength":"00:07:07","kart":"0","pitTime":""}],"lapCount":"0","lastLapS2":"","lastLapS1":"","secondsFromPit":"134","isOnPit":false,"isRaketa":false,"number":"13","pitstops":"0","kart":"0","lastPitMainTime":"0","totalOnTrack":"00:07:07","midLap":"0","pilots":[{"onTrack":"00:00:00","name":""}],"bestLapOnSegment":""}},"compTeamNameFirst":"Команда1","compDiffS2":"-0.0","compDiffS1":"+0.0"},"onBoard":{"karts_on_track":[],"position":"1","timeDiff":"+","firstpos_lag":"-","lastLap":"","onTrack":"10:26.830","position_by_time":"1","sector_2_time":"","karts_on_pit":[],"second_pos_time":"","second_pos_name":"Маніло Денис","sector_2_lag":"+0.0","timeLag":"+0.0","sector_1_lag":"+0.0","lapCount":"0","third_pos_time":"","third_pos_name":"Міфтахутдінов Ільяс","sector_1_time":"","totalOnTrack":"00:10:26","prevpos_lag":"+","nextpos_lag":"-","bestLapOnSegment":"","first_pos_time":"","first_pos_name":"Шиленко Олександр"}}