{"onTablo":{"compTeamSecondS2":"0.0","compTeamSecondS1":"0.0","secondPlaceLag":"0.294","teamsByTimestamp":[13,4,1,7,2,69,5],"bestLapRaceNameTeam":"","finish":true,"compTeamFirstLastLap":"0.0","raceStartedButtonTimestamp":1660768905,"bestLapRaceNumberTeam":"","raceFinishedTimestamp":1660768895,"compDiff":"-0.0","bestLapRaceNamePilot":"","compTeamSecondLastLap":"0.0","secondPlaceName":"Маніло Денис","karts":[1,2,3,4,5,6,7,8,9,10,11,12,13,14,15,16,17,18,19,20,21,22,33,44,69],"compTeamFirstS2":"0.0","compTeamFirstS1":"0.0","compTeamNameSecond":"Команда2","totalRaceTime":"00:00:48","thirdPlaceName":"Якусик Дмитро","secondPlaceNumber":"13","isRace":true,"firstPlaceNumber":"69","thirdPlaceNumber":"4","bestS2Race":"27.483","firstPlaceLag":"","bestS1Race":"15.247","compLag":"0.0","teams":[{"pilotName":"Дорохін Антон","lag":"0","timeFromLassPassing":"4384","endLap":false,"position":"1","lastPitTime":"00:00:00","transponderId":"6191269","teamName":"","lastLap":"44.24","lastLapSec":"44","bestLap":"44.24","segments":[{"pilotName":"","finishTime":"00:00:00","pilotId":"1","totalPilotTime":"00:00:48","neLength":"00:00:48","kart":"0","pitTime":""}],"lapCount":"1","lastLapS2":"27.72","lastLapS1":"16.52","secondsFromPit":"835","isOnPit":false,"isRaketa":false,"number":"69","pitstops":"0","kart":"0","lastPitMainTime":"0","totalOnTrack":"00:00:48","midLap":"44.242","pilots":[{"onTrack":"00:00:00","name":""}],"bestLapOnSegment":"44.242"},{"pilotName":"Маніло Денис","lag":"0.29","timeFromLassPassing":"4201","endLap":false,"position":"2","lastPitTime":"00:00:00","transponderId":"8441658","teamName":"","lastLap":"43.07","lastLapSec":"43","bestLap":"43.07","segments":[{"pilotName":"","finishTime":"00:00:00","pilotId":"1","totalPilotTime":"00:00:48","neLength":"00:00:48","kart":"0","pitTime":""}],"lapCount":"1","lastLapS2":"27.48","lastLapS1":"15.59","secondsFromPit":"835","isOnPit":false,"isRaketa":false,"number":"13","pitstops":"0","kart":"0","lastPitMainTime":"0","totalOnTrack":"00:00:48","midLap":"43.079","pilots":[{"onTrack":"00:00:00","name":""}],"bestLapOnSegment":"43.079"},{"pilotName":"Якусик Дмитро","lag":"0.40","timeFromLassPassing":"3720","endLap":false,"position":"3","lastPitTime":"00:00:00","transponderId":"8431733","teamName":"","lastLap":"43.04","lastLapSec":"43","bestLap":"43.04","segments":[{"pilotName":"","finishTime":"00:00:00","pilotId":"1","totalPilotTime":"00:00:48","neLength":"00:00:48","kart":"0","pitTime":""}],"lapCount":"1","lastLapS2":"27.72","lastLapS1":"15.32","secondsFromPit":"835","isOnPit":false,"isRaketa":false,"number":"4","pitstops":"0","kart":"0","lastPitMainTime":"0","totalOnTrack":"00:00:48","midLap":"43.043","pilots":[{"onTrack":"00:00:00","name":""}],"bestLapOnSegment":"43.043"},{"pilotName":"Литвиненко Віктор","lag":"0.31","timeFromLassPassing":"3288","endLap":false,"position":"4","lastPitTime":"00:00:00","transponderId":"9739691","teamName":"","lastLap":"42.92","lastLapSec":"43","bestLap":"42.92","segments":[{"pilotName":"","finishTime":"00:00:00","pilotId":"1","totalPilotTime":"00:00:48","neLength":"00:00:48","kart":"0","pitTime":""}],"lapCount":"1","lastLapS2":"27.67","lastLapS1":"15.24","secondsFromPit":"835","isOnPit":false,"isRaketa":true,"number":"1","pitstops":"0","kart":"0","lastPitMainTime":"0","totalOnTrack":"00:00:48","midLap":"42.925","pilots":[{"onTrack":"00:00:00","name":""}],"bestLapOnSegment":"42.925"},{"pilotName":"Лихошерст Олексій","lag":"01.08","timeFromLassPassing":"2300","endLap":false,"position":"5","lastPitTime":"00:00:00","transponderId":"9614994","teamName":"","lastLap":"46.69","lastLapSec":"47","bestLap":"46.69","segments":[{"pilotName":"","finishTime":"00:00:00","pilotId":"1","totalPilotTime":"00:00:48","neLength":"00:00:48","kart":"0","pitTime":""}],"lapCount":"1","lastLapS2":"28.43","lastLapS1":"18.26","secondsFromPit":"835","isOnPit":false,"isRaketa":false,"number":"7","pitstops":"0","kart":"0","lastPitMainTime":"0","totalOnTrack":"00:00:48","midLap":"46.699","pilots":[{"onTrack":"00:00:00","name":""}],"bestLapOnSegment":"46.699"},{"pilotName":"Булавінов Андрій","lag":"0.62","timeFromLassPassing":"1759","endLap":false,"position":"6","lastPitTime":"00:00:00","transponderId":"8583082","teamName":"","lastLap":"46.15","lastLapSec":"46","bestLap":"46.15","segments":[{"pilotName":"","finishTime":"00:00:00","pilotId":"1","totalPilotTime":"00:00:48","neLength":"00:00:48","kart":"0","pitTime":""}],"lapCount":"1","lastLapS2":"28.85","lastLapS1":"17.30","secondsFromPit":"835","isOnPit":false,"isRaketa":false,"number":"2","pitstops":"0","kart":"0","lastPitMainTime":"0","totalOnTrack":"00:00:48","midLap":"46.159","pilots":[{"onTrack":"00:00:00","name":""}],"bestLapOnSegment":"46.159"},{"pilotName":"Родін Артем","lag":"","timeFromLassPassing":"47838","endLap":false,"position":"7","lastPitTime":"00:00:00","transponderId":"8584138","teamName":"","lastLap":"","lastLapSec":"0","bestLap":"","segments":[{"pilotName":"","finishTime":"00:00:00","pilotId":"1","totalPilotTime":"00:00:48","neLength":"00:00:48","kart":"0","pitTime":""}],"lapCount":"0","lastLapS2":"","lastLapS1":"21.21","secondsFromPit":"835","isOnPit":false,"isRaketa":false,"number":"5","pitstops":"0","kart":"0","lastPitMainTime":"0","totalOnTrack":"00:00:48","midLap":"0","pilots":[{"onTrack":"00:00:00","name":""}],"bestLapOnSegment":""}],"thirdPlaceLag":"0.401","firstPlaceName":"Дорохін Антон","bestLapRace":"42.925","teams2":{"1":{"pilotName":"Литвиненко Віктор","lag":"0.31","timeFromLassPassing":"3288","endLap":false,"position":"4","lastPitTime":"00:00:00","transponderId":"9739691","teamName":"","lastLap":"42.92","lastLapSec":"43","bestLap":"42.92","segments":[{"pilotName":"","finishTime":"00:00:00","pilotId":"1","totalPilotTime":"00:00:48","neLength":"00:00:48","kart":"0","pitTime":""}],"lapCount":"1","lastLapS2":"27.67","lastLapS1":"15.24","secondsFromPit":"835","isOnPit":false,"isRaketa":true,"number":"1","pitstops":"0","kart":"0","lastPitMainTime":"0","totalOnTrack":"00:00:48","midLap":"42.925","pilots":[{"onTrack":"00:00:00","name":""}],"bestLapOnSegment":"42.925"},"2":{"pilotName":"Булавінов Андрій","lag":"0.62","timeFromLassPassing":"1759","endLap":false,"position":"6","lastPitTime":"00:00:00","transponderId":"8583082","teamName":"","lastLap":"46.15","lastLapSec":"46","bestLap":"46.15","segments":[{"pilotName":"","finishTime":"00:00:00","pilotId":"1","totalPilotTime":"00:00:48","neLength":"00:00:48","kart":"0","pitTime":""}],"lapCount":"1","lastLapS2":"28.85","lastLapS1":"17.30","secondsFromPit":"835","isOnPit":false,"isRaketa":false,"number":"2","pitstops":"0","kart":"0","lastPitMainTime":"0","totalOnTrack":"00:00:48","midLap":"46.159","pilots":[{"onTrack":"00:00:00","name":""}],"bestLapOnSegment":"46.159"},"4":{"pilotName":"Якусик Дмитро","lag":"0.40","timeFromLassPassing":"3720","endLap":false,"position":"3","lastPitTime":"00:00:00","transponderId":"8431733","teamName":"","lastLap":"43.04","lastLapSec":"43","bestLap":"43.04","segments":[{"pilotName":"","finishTime":"00:00:00","pilotId":"1","totalPilotTime":"00:00:48","neLength":"00:00:48","kart":"0","pitTime":""}],"lapCount":"1","lastLapS2":"27.72","lastLapS1":"15.32","secondsFromPit":"835","isOnPit":false,"isRaketa":false,"number":"4","pitstops":"0","kart":"0","lastPitMainTime":"0","totalOnTrack":"00:00:48","midLap":"43.043","pilots":[{"onTrack":"00:00:00","name":""}],"bestLapOnSegment":"43.043"},"5":{"pilotName":"Родін Артем","lag":"","timeFromLassPassing":"47838","endLap":false,"position":"7","lastPitTime":"00:00:00","transponderId":"8584138","teamName":"","lastLap":"","lastLapSec":"0","bestLap":"","segments":[{"pilotName":"","finishTime":"00:00:00","pilotId":"1","totalPilotTime":"00:00:48","neLength":"00:00:48","kart":"0","pitTime":""}],"lapCount":"0","lastLapS2":"","lastLapS1":"21.21","secondsFromPit":"835","isOnPit":false,"isRaketa":false,"number":"5","pitstops":"0","kart":"0","lastPitMainTime":"0","totalOnTrack":"00:00:48","midLap":"0","pilots":[{"onTrack":"00:00:00","name":""}],"bestLapOnSegment":""},"7":{"pilotName":"Лихошерст Олексій","lag":"01.08","timeFromLassPassing":"2300","endLap":false,"position":"5","lastPitTime":"00:00:00","transponderId":"9614994","teamName":"","lastLap":"46.69","lastLapSec":"47","bestLap":"46.69","segments":[{"pilotName":"","finishTime":"00:00:00","pilotId":"1","totalPilotTime":"00:00:48","neLength":"00:00:48","kart":"0","pitTime":""}],"lapCount":"1","lastLapS2":"28.43","lastLapS1":"18.26","secondsFromPit":"835","isOnPit":false,"isRaketa":false,"number":"7","pitstops":"0","kart":"0","lastPitMainTime":"0","totalOnTrack":"00:00:48","midLap":"46.699","pilots":[{"onTrack":"00:00:00","name":""}],"bestLapOnSegment":"46.699"},"13":{"pilotName":"Маніло Денис","lag":"0.29","timeFromLassPassing":"4201","endLap":false,"position":"2","lastPitTime":"00:00:00","transponderId":"8441658","teamName":"","lastLap":"43.07","lastLapSec":"43","bestLap":"43.07","segments":[{"pilotName":"","finishTime":"00:00:00","pilotId":"1","totalPilotTime":"00:00:48","neLength":"00:00:48","kart":"0","pitTime":""}],"lapCount":"1","lastLapS2":"27.48","lastLapS1":"15.59","secondsFromPit":"835","isOnPit":false,"isRaketa":false,"number":"13","pitstops":"0","kart":"0","lastPitMainTime":"0","totalOnTrack":"00:00:48","midLap":"43.079","pilots":[{"onTrack":"00:00:00","name":""}],"bestLapOnSegment":"43.079"},"69":{"pilotName":"Дорохін Антон","lag":"0","timeFromLassPassing":"4384","endLap":false,"position":"1","lastPitTime":"00:00:00","transponderId":"6191269","teamName":"","lastLap":"44.24","lastLapSec":"44","bestLap":"44.24","segments":[{"pilotName":"","finishTime":"00:00:00","pilotId":"1","totalPilotTime":"00:00:48","neLength":"00:00:48","kart":"0","pitTime":""}],"lapCount":"1","lastLapS2":"27.72","lastLapS1":"16.52","secondsFromPit":"835","isOnPit":false,"isRaketa":false,"number":"69","pitstops":"0","kart":"0","lastPitMainTime":"0","totalOnTrack":"00:00:48","midLap":"44.242","pilots":[{"onTrack":"00:00:00","name":""}],"bestLapOnSegment":"44.242"}},"compTeamNameFirst":"Команда1","compDiffS2":"-0.0","compDiffS1":"+0.0"},"onBoard":{"karts_on_track":[],"position":"4","timeDiff":"+","firstpos_lag":"-01.011","lastLap":"42.925","onTrack":"48.951","position_by_time":"1","sector_2_time":"27.67","karts_on_pit":[],"second_pos_time":"43.079","second_pos_name":"Маніло Денис","sector_2_lag":"-0.195","timeLag":"+0.118","sector_1_lag":"+0.075","lapCount":"1","third_pos_time":"43.043","third_pos_name":"Якусик Дмитро","sector_1_time":"15.24","totalOnTrack":"00:00:48","prevpos_lag":"+01.085","nextpos_lag":"-0.316","bestLapOnSegment":"42.925","first_pos_time":"44.242","first_pos_name":"Дорохін Антон"}}