{"onTablo":{"compTeamSecondS2":"0.0","compTeamSecondS1":"0.0","secondPlaceLag":"0.516","teamsByTimestamp":[3,1,11,13,9,6,5],"bestLapRaceNameTeam":"","finish":false,"compTeamFirstLastLap":"0.0","raceStartedButtonTimestamp":1660765620,"bestLapRaceNumberTeam":"","raceFinishedTimestamp":1660766088,"compDiff":"-0.0","bestLapRaceNamePilot":"","compTeamSecondLastLap":"0.0","secondPlaceName":"Лантушенко Ігор","karts":[1,2,3,4,5,6,7,8,9,10,11,12,13,14,15,16,17,18,19,20,21,22,33,44,69],"compTeamFirstS2":"0.0","compTeamFirstS1":"0.0","compTeamNameSecond":"Команда2","totalRaceTime":"00:07:07","thirdPlaceName":"Кравчонок Олександр","secondPlaceNumber":"3","isRace":true,"firstPlaceNumber":"5","thirdPlaceNumber":"1","bestS2Race":"26.875","firstPlaceLag":"","bestS1Race":"13.012","compLag":"0.0","teams":[{"pilotName":"Якусик Дмитро","lag":"0","timeFromLassPassing":"14501","endLap":false,"position":"1","lastPitTime":"00:00:00","transponderId":"8584138","teamName":"","lastLap":"41.41","lastLapSec":"41","bestLap":"40.41","segments":[{"pilotName":"","finishTime":"00:00:00","pilotId":"1","totalPilotTime":"00:07:07","neLength":"00:07:07","kart":"0","pitTime":""}],"lapCount":"10","lastLapS2":"28.27","lastLapS1":"13.13","secondsFromPit":"468","isOnPit":false,"isRaketa":false,"number":"5","pitstops":"0","kart":"0","lastPitMainTime":"0","totalOnTrack":"00:07:07","midLap":"41.226","pilots":[{"onTrack":"00:00:00","name":""}],"bestLapOnSegment":"40.418"},{"pilotName":"Лантушенко Ігор","lag":"0.51","timeFromLassPassing":"13855","endLap":false,"position":"2","lastPitTime":"00:00:00","transponderId":"5885393","teamName":"","lastLap":"40.44","lastLapSec":"40","bestLap":"40.14","segments":[{"pilotName":"","finishTime":"00:00:00","pilotId":"1","totalPilotTime":"00:07:07","neLength":"00:07:07","kart":"0","pitTime":""}],"lapCount":"10","lastLapS2":"27.40","lastLapS1":"13.04","secondsFromPit":"468","isOnPit":false,"isRaketa":true,"number":"3","pitstops":"0","kart":"0","lastPitMainTime":"0","totalOnTrack":"00:07:07","midLap":"41.165","pilots":[{"onTrack":"00:00:00","name":""}],"bestLapOnSegment":"40.141"},{"pilotName":"Кравчонок Олександр","lag":"0.42","timeFromLassPassing":"13410","endLap":false,"position":"3","lastPitTime":"00:00:00","transponderId":"9739691","teamName":"","lastLap":"42.12","lastLapSec":"42","bestLap":"39.89","segments":[{"pilotName":"","finishTime":"00:00:00","pilotId":"1","totalPilotTime":"00:07:07","neLength":"00:07:07","kart":"0","pitTime":""}],"lapCount":"10","lastLapS2":"29.06","lastLapS1":"13.05","secondsFromPit":"468","isOnPit":false,"isRaketa":false,"number":"1","pitstops":"0","kart":"0","lastPitMainTime":"0","totalOnTrack":"00:07:07","midLap":"41.173","pilots":[{"onTrack":"00:00:00","name":""}],"bestLapOnSegment":"39.895"},{"pilotName":"Васильчук Назар","lag":"02.72","timeFromLassPassing":"10684","endLap":false,"position":"4","lastPitTime":"00:00:00","transponderId":"2758575","teamName":"","lastLap":"40.69","lastLapSec":"41","bestLap":"40.39","segments":[{"pilotName":"","finishTime":"00:00:00","pilotId":"1","totalPilotTime":"00:07:07","neLength":"00:07:07","kart":"0","pitTime":""}],"lapCount":"10","lastLapS2":"27.49","lastLapS1":"13.20","secondsFromPit":"468","isOnPit":false,"isRaketa":false,"number":"11","pitstops":"0","kart":"0","lastPitMainTime":"0","totalOnTrack":"00:07:07","midLap":"41.707","pilots":[{"onTrack":"00:00:00","name":""}],"bestLapOnSegment":"40.398"},{"pilotName":"Хавіло Дмитро","lag":"0.31","timeFromLassPassing":"10468","endLap":false,"position":"5","lastPitTime":"00:00:00","transponderId":"8441658","teamName":"","lastLap":"40.49","lastLapSec":"40","bestLap":"40.40","segments":[{"pilotName":"","finishTime":"00:00:00","pilotId":"1","totalPilotTime":"00:07:07","neLength":"00:07:07","kart":"0","pitTime":""}],"lapCount":"10","lastLapS2":"27.34","lastLapS1":"13.15","secondsFromPit":"468","isOnPit":false,"isRaketa":false,"number":"13","pitstops":"0","kart":"0","lastPitMainTime":"0","totalOnTrack":"00:07:07","midLap":"41.629","pilots":[{"onTrack":"00:00:00","name":""}],"bestLapOnSegment":"40.400"},{"pilotName":"Литвиненко Віктор","lag":"0.23","timeFromLassPassing":"10130","endLap":false,"position":"6","lastPitTime":"00:00:00","transponderId":"2807865","teamName":"","lastLap":"40.51","lastLapSec":"41","bestLap":"40.43","segments":[{"pilotName":"","finishTime":"00:00:00","pilotId":"1","totalPilotTime":"00:07:07","neLength":"00:07:07","kart":"0","pitTime":""}],"lapCount":"10","lastLapS2":"27.34","lastLapS1":"13.17","secondsFromPit":"468","isOnPit":false,"isRaketa":false,"number":"9","pitstops":"0","kart":"0","lastPitMainTime":"0","totalOnTrack":"00:07:07","midLap":"41.586","pilots":[{"onTrack":"00:00:00","name":""}],"bestLapOnSegment":"40.439"},{"pilotName":"Булавінов Андрій","lag":"02.18","timeFromLassPassing":"7946","endLap":false,"position":"7","lastPitTime":"00:00:00","transponderId":"9661676","teamName":"","lastLap":"41.09","lastLapSec":"41","bestLap":"40.83","segments":[{"pilotName":"","finishTime":"00:00:00","pilotId":"1","totalPilotTime":"00:07:07","neLength":"00:07:07","kart":"0","pitTime":""}],"lapCount":"10","lastLapS2":"27.57","lastLapS1":"13.52","secondsFromPit":"468","isOnPit":false,"isRaketa":false,"number":"6","pitstops":"0","kart":"0","lastPitMainTime":"0","totalOnTrack":"00:07:07","midLap":"41.987","pilots":[{"onTrack":"00:00:00","name":""}],"bestLapOnSegment":"40.837"}],"thirdPlaceLag":"0.427","firstPlaceName":"Якусик Дмитро","bestLapRace":"39.895","teams2":{"1":{"pilotName":"Кравчонок Олександр","lag":"0.42","timeFromLassPassing":"13410","endLap":false,"position":"3","lastPitTime":"00:00:00","transponderId":"9739691","teamName":"","lastLap":"42.12","lastLapSec":"42","bestLap":"39.89","segments":[{"pilotName":"","finishTime":"00:00:00","pilotId":"1","totalPilotTime":"00:07:07","neLength":"00:07:07","kart":"0","pitTime":""}],"lapCount":"10","lastLapS2":"29.06","lastLapS1":"13.05","secondsFromPit":"468","isOnPit":false,"isRaketa":false,"number":"1","pitstops":"0","kart":"0","lastPitMainTime":"0","totalOnTrack":"00:07:07","midLap":"41.173","pilots":[{"onTrack":"00:00:00","name":""}],"bestLapOnSegment":"39.895"},"3":{"pilotName":"Лантушенко Ігор","lag":"0.51","timeFromLassPassing":"13855","endLap":false,"position":"2","lastPitTime":"00:00:00","transponderId":"5885393","teamName":"","lastLap":"40.44","lastLapSec":"40","bestLap":"40.14","segments":[{"pilotName":"","finishTime":"00:00:00","pilotId":"1","totalPilotTime":"00:07:07","neLength":"00:07:07","kart":"0","pitTime":""}],"lapCount":"10","lastLapS2":"27.40","lastLapS1":"13.04","secondsFromPit":"468","isOnPit":false,"isRaketa":true,"number":"3","pitstops":"0","kart":"0","lastPitMainTime":"0","totalOnTrack":"00:07:07","midLap":"41.165","pilots":[{"onTrack":"00:00:00","name":""}],"bestLapOnSegment":"40.141"},"5":{"pilotName":"Якусик Дмитро","lag":"0","timeFromLassPassing":"14501","endLap":false,"position":"1","lastPitTime":"00:00:00","transponderId":"8584138","teamName":"","lastLap":"41.41","lastLapSec":"41","bestLap":"40.41","segments":[{"pilotName":"","finishTime":"00:00:00","pilotId":"1","totalPilotTime":"00:07:07","neLength":"00:07:07","kart":"0","pitTime":""}],"lapCount":"10","lastLapS2":"28.27","lastLapS1":"13.13","secondsFromPit":"468","isOnPit":false,"isRaketa":false,"number":"5","pitstops":"0","kart":"0","lastPitMainTime":"0","totalOnTrack":"00:07:07","midLap":"41.226","pilots":[{"onTrack":"00:00:00","name":""}],"bestLapOnSegment":"40.418"},"6":{"pilotName":"Булавінов Андрій","lag":"02.18","timeFromLassPassing":"7946","endLap":false,"position":"7","lastPitTime":"00:00:00","transponderId":"9661676","teamName":"","lastLap":"41.09","lastLapSec":"41","bestLap":"40.83","segments":[{"pilotName":"","finishTime":"00:00:00","pilotId":"1","totalPilotTime":"00:07:07","neLength":"00:07:07","kart":"0","pitTime":""}],"lapCount":"10","lastLapS2":"27.57","lastLapS1":"13.52","secondsFromPit":"468","isOnPit":false,"isRaketa":false,"number":"6","pitstops":"0","kart":"0","lastPitMainTime":"0","totalOnTrack":"00:07:07","midLap":"41.987","pilots":[{"onTrack":"00:00:00","name":""}],"bestLapOnSegment":"40.837"},"9":{"pilotName":"Литвиненко Віктор","lag":"0.23","timeFromLassPassing":"10130","endLap":false,"position":"6","lastPitTime":"00:00:00","transponderId":"2807865","teamName":"","lastLap":"40.51","lastLapSec":"41","bestLap":"40.43","segments":[{"pilotName":"","finishTime":"00:00:00","pilotId":"1","totalPilotTime":"00:07:07","neLength":"00:07:07","kart":"0","pitTime":""}],"lapCount":"10","lastLapS2":"27.34","lastLapS1":"13.17","secondsFromPit":"468","isOnPit":false,"isRaketa":false,"number":"9","pitstops":"0","kart":"0","lastPitMainTime":"0","totalOnTrack":"00:07:07","midLap":"41.586","pilots":[{"onTrack":"00:00:00","name":""}],"bestLapOnSegment":"40.439"},"11":{"pilotName":"Васильчук Назар","lag":"02.72","timeFromLassPassing":"10684","endLap":false,"position":"4","lastPitTime":"00:00:00","transponderId":"2758575","teamName":"","lastLap":"40.69","lastLapSec":"41","bestLap":"40.39","segments":[{"pilotName":"","finishTime":"00:00:00","pilotId":"1","totalPilotTime":"00:07:07","neLength":"00:07:07","kart":"0","pitTime":""}],"lapCount":"10","lastLapS2":"27.49","lastLapS1":"13.20","secondsFromPit":"468","isOnPit":false,"isRaketa":false,"number":"11","pitstops":"0","kart":"0","lastPitMainTime":"0","totalOnTrack":"00:07:07","midLap":"41.707","pilots":[{"onTrack":"00:00:00","name":""}],"bestLapOnSegment":"40.398"},"13":{"pilotName":"Хавіло Дмитро","lag":"0.31","timeFromLassPassing":"10468","endLap":false,"position":"5","lastPitTime":"00:00:00","transponderId":"8441658","teamName":"","lastLap":"40.49","lastLapSec":"40","bestLap":"40.40","segments":[{"pilotName":"","finishTime":"00:00:00","pilotId":"1","totalPilotTime":"00:07:07","neLength":"00:07:07","kart":"0","pitTime":""}],"lapCount":"10","lastLapS2":"27.34","lastLapS1":"13.15","secondsFromPit":"468","isOnPit":false,"isRaketa":false,"number":"13","pitstops":"0","kart":"0","lastPitMainTime":"0","totalOnTrack":"00:07:07","midLap":"41.629","pilots":[{"onTrack":"00:00:00","name":""}],"bestLapOnSegment":"40.400"}},"compTeamNameFirst":"Команда1","compDiffS2":"-0.0","compDiffS1":"+0.0"},"onBoard":{"karts_on_track":[],"position":"3","timeDiff":"-02.226","firstpos_lag":"-0.943","lastLap":"42.121","onTrack":"07:47.374","position_by_time":"1","sector_2_time":"29.06","karts_on_pit":[],"second_pos_time":"40.141","second_pos_name":"Лантушенко Ігор","sector_2_lag":"-02.189","timeLag":"-01.679","sector_1_lag":"-0.045","lapCount":"10","third_pos_time":"39.895","third_pos_name":"Кравчонок Олександр","sector_1_time":"13.05","totalOnTrack":"00:07:47","prevpos_lag":"+02.728","nextpos_lag":"-0.427","bestLapOnSegment":"39.895","first_pos_time":"40.418","first_pos_name":"Якусик Дмитро"}}