{"onTablo":{"compTeamSecondS2":"0.0","compTeamSecondS1":"0.0","secondPlaceLag":"01.971","teamsByTimestamp":[2,6,1,3,13,4,5,9],"bestLapRaceNameTeam":"","finish":true,"compTeamFirstLastLap":"0.0","raceStartedButtonTimestamp":1660766222,"bestLapRaceNumberTeam":"","raceFinishedTimestamp":1660766088,"compDiff":"-0.0","bestLapRaceNamePilot":"","compTeamSecondLastLap":"0.0","secondPlaceName":"Родін Артем","karts":[1,2,3,4,5,6,7,8,9,10,11,12,13,14,15,16,17,18,19,20,21,22,33,44,69],"compTeamFirstS2":"0.0","compTeamFirstS1":"0.0","compTeamNameSecond":"Команда2","totalRaceTime":"00:04:41","thirdPlaceName":"Вінтонів Іван","secondPlaceNumber":"2","isRace":true,"firstPlaceNumber":"5","thirdPlaceNumber":"6","bestS2Race":"27.154","firstPlaceLag":"","bestS1Race":"13.084","compLag":"0.0","teams":[{"pilotName":"Шиленко Олександр","lag":"0","timeFromLassPassing":"30036","endLap":false,"position":"1","lastPitTime":"00:00:00","transponderId":"8584138","teamName":"","lastLap":"40.26","lastLapSec":"40","bestLap":"40.26","segments":[{"pilotName":"","finishTime":"00:00:00","pilotId":"1","totalPilotTime":"00:04:41","neLength":"00:04:41","kart":"0","pitTime":""}],"lapCount":"6","lastLapS2":"27.15","lastLapS1":"13.08","secondsFromPit":"425","isOnPit":false,"isRaketa":true,"number":"5","pitstops":"0","kart":"0","lastPitMainTime":"0","totalOnTrack":"00:04:41","midLap":"41.507","pilots":[{"onTrack":"00:00:00","name":""}],"bestLapOnSegment":"40.268"},{"pilotName":"Родін Артем","lag":"01.72","timeFromLassPassing":"28179","endLap":false,"position":"2","lastPitTime":"00:00:00","transponderId":"8583082","teamName":"","lastLap":"40.97","lastLapSec":"41","bestLap":"40.89","segments":[{"pilotName":"","finishTime":"00:00:00","pilotId":"1","totalPilotTime":"00:04:41","neLength":"00:04:41","kart":"0","pitTime":""}],"lapCount":"6","lastLapS2":"27.56","lastLapS1":"13.33","secondsFromPit":"425","isOnPit":false,"isRaketa":false,"number":"2","pitstops":"0","kart":"0","lastPitMainTime":"0","totalOnTrack":"00:04:41","midLap":"42.178","pilots":[{"onTrack":"00:00:00","name":""}],"bestLapOnSegment":"40.894"},{"pilotName":"Вінтонів Іван","lag":"02.10","timeFromLassPassing":"26101","endLap":false,"position":"3","lastPitTime":"00:00:00","transponderId":"9661676","teamName":"","lastLap":"41.70","lastLapSec":"42","bestLap":"41.49","segments":[{"pilotName":"","finishTime":"00:00:00","pilotId":"1","totalPilotTime":"00:04:41","neLength":"00:04:41","kart":"0","pitTime":""}],"lapCount":"6","lastLapS2":"28.37","lastLapS1":"13.32","secondsFromPit":"425","isOnPit":false,"isRaketa":false,"number":"6","pitstops":"0","kart":"0","lastPitMainTime":"0","totalOnTrack":"00:04:41","midLap":"42.316","pilots":[{"onTrack":"00:00:00","name":""}],"bestLapOnSegment":"41.497"},{"pilotName":"Міфтахутдінов Ільяс","lag":"0.31","timeFromLassPassing":"25776","endLap":false,"position":"4","lastPitTime":"00:00:00","transponderId":"9739691","teamName":"","lastLap":"41.87","lastLapSec":"42","bestLap":"40.38","segments":[{"pilotName":"","finishTime":"00:00:00","pilotId":"1","totalPilotTime":"00:04:41","neLength":"00:04:41","kart":"0","pitTime":""}],"lapCount":"6","lastLapS2":"28.50","lastLapS1":"13.20","secondsFromPit":"425","isOnPit":false,"isRaketa":false,"number":"1","pitstops":"0","kart":"0","lastPitMainTime":"0","totalOnTrack":"00:04:41","midLap":"42.083","pilots":[{"onTrack":"00:00:00","name":""}],"bestLapOnSegment":"40.383"},{"pilotName":"Маніло Денис","lag":"0.52","timeFromLassPassing":"25269","endLap":false,"position":"5","lastPitTime":"00:00:00","transponderId":"5885393","teamName":"","lastLap":"41.63","lastLapSec":"42","bestLap":"41.26","segments":[{"pilotName":"","finishTime":"00:00:00","pilotId":"1","totalPilotTime":"00:04:41","neLength":"00:04:41","kart":"0","pitTime":""}],"lapCount":"6","lastLapS2":"28.24","lastLapS1":"13.29","secondsFromPit":"425","isOnPit":false,"isRaketa":false,"number":"3","pitstops":"0","kart":"0","lastPitMainTime":"0","totalOnTrack":"00:04:41","midLap":"42.154","pilots":[{"onTrack":"00:00:00","name":""}],"bestLapOnSegment":"41.264"},{"pilotName":"Ткаченко Кирило","lag":"0.29","timeFromLassPassing":"25008","endLap":false,"position":"6","lastPitTime":"00:00:00","transponderId":"8441658","teamName":"","lastLap":"41.23","lastLapSec":"41","bestLap":"40.79","segments":[{"pilotName":"","finishTime":"00:00:00","pilotId":"1","totalPilotTime":"00:04:41","neLength":"00:04:41","kart":"0","pitTime":""}],"lapCount":"6","lastLapS2":"28.02","lastLapS1":"13.27","secondsFromPit":"425","isOnPit":false,"isRaketa":false,"number":"13","pitstops":"0","kart":"0","lastPitMainTime":"0","totalOnTrack":"00:04:41","midLap":"42.428","pilots":[{"onTrack":"00:00:00","name":""}],"bestLapOnSegment":"40.796"},{"pilotName":"Дорохін Антон","lag":"0.23","timeFromLassPassing":"24603","endLap":false,"position":"7","lastPitTime":"00:00:00","transponderId":"8431733","teamName":"","lastLap":"42.51","lastLapSec":"43","bestLap":"40.91","segments":[{"pilotName":"","finishTime":"00:00:00","pilotId":"1","totalPilotTime":"00:04:41","neLength":"00:04:41","kart":"0","pitTime":""}],"lapCount":"6","lastLapS2":"29.15","lastLapS1":"13.42","secondsFromPit":"425","isOnPit":false,"isRaketa":false,"number":"4","pitstops":"0","kart":"0","lastPitMainTime":"0","totalOnTrack":"00:04:41","midLap":"42.710","pilots":[{"onTrack":"00:00:00","name":""}],"bestLapOnSegment":"40.914"},{"pilotName":"Лихошерст Олексій","lag":"3L+","timeFromLassPassing":"194236","endLap":false,"position":"8","lastPitTime":"00:00:00","transponderId":"2807865","teamName":"","lastLap":"41.17","lastLapSec":"41","bestLap":"41.17","segments":[{"pilotName":"","finishTime":"00:00:00","pilotId":"1","totalPilotTime":"00:04:41","neLength":"00:04:41","kart":"0","pitTime":""}],"lapCount":"2","lastLapS2":"27.97","lastLapS1":"13.20","secondsFromPit":"425","isOnPit":false,"isRaketa":false,"number":"9","pitstops":"0","kart":"0","lastPitMainTime":"0","totalOnTrack":"00:04:41","midLap":"42.184","pilots":[{"onTrack":"00:00:00","name":""}],"bestLapOnSegment":"41.179"}],"thirdPlaceLag":"02.089","firstPlaceName":"Шиленко Олександр","bestLapRace":"40.268","teams2":{"1":{"pilotName":"Міфтахутдінов Ільяс","lag":"0.31","timeFromLassPassing":"25776","endLap":false,"position":"4","lastPitTime":"00:00:00","transponderId":"9739691","teamName":"","lastLap":"41.87","lastLapSec":"42","bestLap":"40.38","segments":[{"pilotName":"","finishTime":"00:00:00","pilotId":"1","totalPilotTime":"00:04:41","neLength":"00:04:41","kart":"0","pitTime":""}],"lapCount":"6","lastLapS2":"28.50","lastLapS1":"13.20","secondsFromPit":"425","isOnPit":false,"isRaketa":false,"number":"1","pitstops":"0","kart":"0","lastPitMainTime":"0","totalOnTrack":"00:04:41","midLap":"42.083","pilots":[{"onTrack":"00:00:00","name":""}],"bestLapOnSegment":"40.383"},"2":{"pilotName":"Родін Артем","lag":"01.72","timeFromLassPassing":"28179","endLap":false,"position":"2","lastPitTime":"00:00:00","transponderId":"8583082","teamName":"","lastLap":"40.97","lastLapSec":"41","bestLap":"40.89","segments":[{"pilotName":"","finishTime":"00:00:00","pilotId":"1","totalPilotTime":"00:04:41","neLength":"00:04:41","kart":"0","pitTime":""}],"lapCount":"6","lastLapS2":"27.56","lastLapS1":"13.33","secondsFromPit":"425","isOnPit":false,"isRaketa":false,"number":"2","pitstops":"0","kart":"0","lastPitMainTime":"0","totalOnTrack":"00:04:41","midLap":"42.178","pilots":[{"onTrack":"00:00:00","name":""}],"bestLapOnSegment":"40.894"},"3":{"pilotName":"Маніло Денис","lag":"0.52","timeFromLassPassing":"25269","endLap":false,"position":"5","lastPitTime":"00:00:00","transponderId":"5885393","teamName":"","lastLap":"41.63","lastLapSec":"42","bestLap":"41.26","segments":[{"pilotName":"","finishTime":"00:00:00","pilotId":"1","totalPilotTime":"00:04:41","neLength":"00:04:41","kart":"0","pitTime":""}],"lapCount":"6","lastLapS2":"28.24","lastLapS1":"13.29","secondsFromPit":"425","isOnPit":false,"isRaketa":false,"number":"3","pitstops":"0","kart":"0","lastPitMainTime":"0","totalOnTrack":"00:04:41","midLap":"42.154","pilots":[{"onTrack":"00:00:00","name":""}],"bestLapOnSegment":"41.264"},"4":{"pilotName":"Дорохін Антон","lag":"0.23","timeFromLassPassing":"24603","endLap":false,"position":"7","lastPitTime":"00:00:00","transponderId":"8431733","teamName":"","lastLap":"42.51","lastLapSec":"43","bestLap":"40.91","segments":[{"pilotName":"","finishTime":"00:00:00","pilotId":"1","totalPilotTime":"00:04:41","neLength":"00:04:41","kart":"0","pitTime":""}],"lapCount":"6","lastLapS2":"29.15","lastLapS1":"13.42","secondsFromPit":"425","isOnPit":false,"isRaketa":false,"number":"4","pitstops":"0","kart":"0","lastPitMainTime":"0","totalOnTrack":"00:04:41","midLap":"42.710","pilots":[{"onTrack":"00:00:00","name":""}],"bestLapOnSegment":"40.914"},"5":{"pilotName":"Шиленко Олександр","lag":"0","timeFromLassPassing":"30036","endLap":false,"position":"1","lastPitTime":"00:00:00","transponderId":"8584138","teamName":"","lastLap":"40.26","lastLapSec":"40","bestLap":"40.26","segments":[{"pilotName":"","finishTime":"00:00:00","pilotId":"1","totalPilotTime":"00:04:41","neLength":"00:04:41","kart":"0","pitTime":""}],"lapCount":"6","lastLapS2":"27.15","lastLapS1":"13.08","secondsFromPit":"425","isOnPit":false,"isRaketa":true,"number":"5","pitstops":"0","kart":"0","lastPitMainTime":"0","totalOnTrack":"00:04:41","midLap":"41.507","pilots":[{"onTrack":"00:00:00","name":""}],"bestLapOnSegment":"40.268"},"6":{"pilotName":"Вінтонів Іван","lag":"02.10","timeFromLassPassing":"26101","endLap":false,"position":"3","lastPitTime":"00:00:00","transponderId":"9661676","teamName":"","lastLap":"41.70","lastLapSec":"42","bestLap":"41.49","segments":[{"pilotName":"","finishTime":"00:00:00","pilotId":"1","totalPilotTime":"00:04:41","neLength":"00:04:41","kart":"0","pitTime":""}],"lapCount":"6","lastLapS2":"28.37","lastLapS1":"13.32","secondsFromPit":"425","isOnPit":false,"isRaketa":false,"number":"6","pitstops":"0","kart":"0","lastPitMainTime":"0","totalOnTrack":"00:04:41","midLap":"42.316","pilots":[{"onTrack":"00:00:00","name":""}],"bestLapOnSegment":"41.497"},"9":{"pilotName":"Лихошерст Олексій","lag":"3L+","timeFromLassPassing":"194236","endLap":false,"position":"8","lastPitTime":"00:00:00","transponderId":"2807865","teamName":"","lastLap":"41.17","lastLapSec":"41","bestLap":"41.17","segments":[{"pilotName":"","finishTime":"00:00:00","pilotId":"1","totalPilotTime":"00:04:41","neLength":"00:04:41","kart":"0","pitTime":""}],"lapCount":"2","lastLapS2":"27.97","lastLapS1":"13.20","secondsFromPit":"425","isOnPit":false,"isRaketa":false,"number":"9","pitstops":"0","kart":"0","lastPitMainTime":"0","totalOnTrack":"00:04:41","midLap":"42.184","pilots":[{"onTrack":"00:00:00","name":""}],"bestLapOnSegment":"41.179"},"13":{"pilotName":"Ткаченко Кирило","lag":"0.29","timeFromLassPassing":"25008","endLap":false,"position":"6","lastPitTime":"00:00:00","transponderId":"8441658","teamName":"","lastLap":"41.23","lastLapSec":"41","bestLap":"40.79","segments":[{"pilotName":"","finishTime":"00:00:00","pilotId":"1","totalPilotTime":"00:04:41","neLength":"00:04:41","kart":"0","pitTime":""}],"lapCount":"6","lastLapS2":"28.02","lastLapS1":"13.27","secondsFromPit":"425","isOnPit":false,"isRaketa":false,"number":"13","pitstops":"0","kart":"0","lastPitMainTime":"0","totalOnTrack":"00:04:41","midLap":"42.428","pilots":[{"onTrack":"00:00:00","name":""}],"bestLapOnSegment":"40.796"}},"compTeamNameFirst":"Команда1","compDiffS2":"-0.0","compDiffS1":"+0.0"},"onBoard":{"karts_on_track":[],"position":"4","timeDiff":"-01.492","firstpos_lag":"-04.133","lastLap":"41.875","onTrack":"04:41.116","position_by_time":"2","sector_2_time":"28.50","karts_on_pit":[],"second_pos_time":"40.894","second_pos_name":"Родін Артем","sector_2_lag":"-01.346","timeLag":"-01.607","sector_1_lag":"-0.124","lapCount":"6","third_pos_time":"41.497","third_pos_name":"Вінтонів Іван","sector_1_time":"13.20","totalOnTrack":"00:04:41","prevpos_lag":"+0.528","nextpos_lag":"-0.310","bestLapOnSegment":"40.383","first_pos_time":"40.268","first_pos_name":"Шиленко Олександр"}}