{"onTablo":{"compTeamSecondS2":"0.0","compTeamSecondS1":"0.0","secondPlaceLag":"0.115","teamsByTimestamp":[5,6,2,3,1,13,4,9],"bestLapRaceNameTeam":"","finish":true,"compTeamFirstLastLap":"0.0","raceStartedButtonTimestamp":1660766222,"bestLapRaceNumberTeam":"","raceFinishedTimestamp":1660766088,"compDiff":"-0.0","bestLapRaceNamePilot":"","compTeamSecondLastLap":"0.0","secondPlaceName":"Шиленко Олександр","karts":[1,2,3,4,5,6,7,8,9,10,11,12,13,14,15,16,17,18,19,20,21,22,33,44,69],"compTeamFirstS2":"0.0","compTeamFirstS1":"0.0","compTeamNameSecond":"Команда2","totalRaceTime":"00:01:41","thirdPlaceName":"Вінтонів Іван","secondPlaceNumber":"5","isRace":true,"firstPlaceNumber":"2","thirdPlaceNumber":"6","bestS2Race":"27.299","firstPlaceLag":"","bestS1Race":"13.084","compLag":"0.0","teams":[{"pilotName":"Родін Артем","lag":"0","timeFromLassPassing":"15478","endLap":false,"position":"1","lastPitTime":"00:00:00","transponderId":"8583082","teamName":"","lastLap":"41.97","lastLapSec":"42","bestLap":"41.97","segments":[{"pilotName":"","finishTime":"00:00:00","pilotId":"1","totalPilotTime":"00:01:41","neLength":"00:01:41","kart":"0","pitTime":""}],"lapCount":"2","lastLapS2":"28.41","lastLapS1":"13.38","secondsFromPit":"245","isOnPit":false,"isRaketa":false,"number":"2","pitstops":"0","kart":"0","lastPitMainTime":"0","totalOnTrack":"00:01:41","midLap":"43.124","pilots":[{"onTrack":"00:00:00","name":""}],"bestLapOnSegment":"41.976"},{"pilotName":"Шиленко Олександр","lag":"0.18","timeFromLassPassing":"15371","endLap":false,"position":"2","lastPitTime":"00:00:00","transponderId":"8584138","teamName":"","lastLap":"41.55","lastLapSec":"42","bestLap":"41.55","segments":[{"pilotName":"","finishTime":"00:00:00","pilotId":"1","totalPilotTime":"00:01:41","neLength":"00:01:41","kart":"0","pitTime":""}],"lapCount":"2","lastLapS2":"28.17","lastLapS1":"13.31","secondsFromPit":"245","isOnPit":false,"isRaketa":false,"number":"5","pitstops":"0","kart":"0","lastPitMainTime":"0","totalOnTrack":"00:01:41","midLap":"42.066","pilots":[{"onTrack":"00:00:00","name":""}],"bestLapOnSegment":"41.552"},{"pilotName":"Вінтонів Іван","lag":"0.47","timeFromLassPassing":"14814","endLap":false,"position":"3","lastPitTime":"00:00:00","transponderId":"9661676","teamName":"","lastLap":"42.45","lastLapSec":"42","bestLap":"42.45","segments":[{"pilotName":"","finishTime":"00:00:00","pilotId":"1","totalPilotTime":"00:01:41","neLength":"00:01:41","kart":"0","pitTime":""}],"lapCount":"2","lastLapS2":"28.87","lastLapS1":"13.28","secondsFromPit":"245","isOnPit":false,"isRaketa":false,"number":"6","pitstops":"0","kart":"0","lastPitMainTime":"0","totalOnTrack":"00:01:41","midLap":"42.818","pilots":[{"onTrack":"00:00:00","name":""}],"bestLapOnSegment":"42.458"},{"pilotName":"Лихошерст Олексій","lag":"0.15","timeFromLassPassing":"14698","endLap":false,"position":"4","lastPitTime":"00:00:00","transponderId":"2807865","teamName":"","lastLap":"41.17","lastLapSec":"41","bestLap":"41.17","segments":[{"pilotName":"","finishTime":"00:00:00","pilotId":"1","totalPilotTime":"00:01:41","neLength":"00:01:41","kart":"0","pitTime":""}],"lapCount":"2","lastLapS2":"27.97","lastLapS1":"13.20","secondsFromPit":"245","isOnPit":false,"isRaketa":false,"number":"9","pitstops":"0","kart":"0","lastPitMainTime":"0","totalOnTrack":"00:01:41","midLap":"42.184","pilots":[{"onTrack":"00:00:00","name":""}],"bestLapOnSegment":"41.179"},{"pilotName":"Маніло Денис","lag":"0.44","timeFromLassPassing":"14156","endLap":false,"position":"5","lastPitTime":"00:00:00","transponderId":"5885393","teamName":"","lastLap":"41.26","lastLapSec":"41","bestLap":"41.26","segments":[{"pilotName":"","finishTime":"00:00:00","pilotId":"1","totalPilotTime":"00:01:41","neLength":"00:01:41","kart":"0","pitTime":""}],"lapCount":"2","lastLapS2":"27.66","lastLapS1":"13.61","secondsFromPit":"245","isOnPit":false,"isRaketa":false,"number":"3","pitstops":"0","kart":"0","lastPitMainTime":"0","totalOnTrack":"00:01:41","midLap":"42.212","pilots":[{"onTrack":"00:00:00","name":""}],"bestLapOnSegment":"41.264"},{"pilotName":"Міфтахутдінов Ільяс","lag":"0.16","timeFromLassPassing":"14048","endLap":false,"position":"6","lastPitTime":"00:00:00","transponderId":"9739691","teamName":"","lastLap":"40.38","lastLapSec":"40","bestLap":"40.38","segments":[{"pilotName":"","finishTime":"00:00:00","pilotId":"1","totalPilotTime":"00:01:41","neLength":"00:01:41","kart":"0","pitTime":""}],"lapCount":"2","lastLapS2":"27.29","lastLapS1":"13.60","secondsFromPit":"245","isOnPit":false,"isRaketa":true,"number":"1","pitstops":"0","kart":"0","lastPitMainTime":"0","totalOnTrack":"00:01:41","midLap":"42.348","pilots":[{"onTrack":"00:00:00","name":""}],"bestLapOnSegment":"40.383"},{"pilotName":"Ткаченко Кирило","lag":"0.89","timeFromLassPassing":"13186","endLap":false,"position":"7","lastPitTime":"00:00:00","transponderId":"8441658","teamName":"","lastLap":"40.98","lastLapSec":"41","bestLap":"40.98","segments":[{"pilotName":"","finishTime":"00:00:00","pilotId":"1","totalPilotTime":"00:01:41","neLength":"00:01:41","kart":"0","pitTime":""}],"lapCount":"2","lastLapS2":"27.80","lastLapS1":"13.15","secondsFromPit":"245","isOnPit":false,"isRaketa":false,"number":"13","pitstops":"0","kart":"0","lastPitMainTime":"0","totalOnTrack":"00:01:41","midLap":"43.421","pilots":[{"onTrack":"00:00:00","name":""}],"bestLapOnSegment":"40.980"},{"pilotName":"Дорохін Антон","lag":"0.25","timeFromLassPassing":"12845","endLap":false,"position":"8","lastPitTime":"00:00:00","transponderId":"8431733","teamName":"","lastLap":"43.20","lastLapSec":"43","bestLap":"43.20","segments":[{"pilotName":"","finishTime":"00:00:00","pilotId":"1","totalPilotTime":"00:01:41","neLength":"00:01:41","kart":"0","pitTime":""}],"lapCount":"2","lastLapS2":"29.24","lastLapS1":"13.95","secondsFromPit":"245","isOnPit":false,"isRaketa":false,"number":"4","pitstops":"0","kart":"0","lastPitMainTime":"0","totalOnTrack":"00:01:41","midLap":"44.278","pilots":[{"onTrack":"00:00:00","name":""}],"bestLapOnSegment":"43.200"}],"thirdPlaceLag":"0.447","firstPlaceName":"Родін Артем","bestLapRace":"40.383","teams2":{"1":{"pilotName":"Міфтахутдінов Ільяс","lag":"0.16","timeFromLassPassing":"14048","endLap":false,"position":"6","lastPitTime":"00:00:00","transponderId":"9739691","teamName":"","lastLap":"40.38","lastLapSec":"40","bestLap":"40.38","segments":[{"pilotName":"","finishTime":"00:00:00","pilotId":"1","totalPilotTime":"00:01:41","neLength":"00:01:41","kart":"0","pitTime":""}],"lapCount":"2","lastLapS2":"27.29","lastLapS1":"13.60","secondsFromPit":"245","isOnPit":false,"isRaketa":true,"number":"1","pitstops":"0","kart":"0","lastPitMainTime":"0","totalOnTrack":"00:01:41","midLap":"42.348","pilots":[{"onTrack":"00:00:00","name":""}],"bestLapOnSegment":"40.383"},"2":{"pilotName":"Родін Артем","lag":"0","timeFromLassPassing":"15478","endLap":false,"position":"1","lastPitTime":"00:00:00","transponderId":"8583082","teamName":"","lastLap":"41.97","lastLapSec":"42","bestLap":"41.97","segments":[{"pilotName":"","finishTime":"00:00:00","pilotId":"1","totalPilotTime":"00:01:41","neLength":"00:01:41","kart":"0","pitTime":""}],"lapCount":"2","lastLapS2":"28.41","lastLapS1":"13.38","secondsFromPit":"245","isOnPit":false,"isRaketa":false,"number":"2","pitstops":"0","kart":"0","lastPitMainTime":"0","totalOnTrack":"00:01:41","midLap":"43.124","pilots":[{"onTrack":"00:00:00","name":""}],"bestLapOnSegment":"41.976"},"3":{"pilotName":"Маніло Денис","lag":"0.44","timeFromLassPassing":"14156","endLap":false,"position":"5","lastPitTime":"00:00:00","transponderId":"5885393","teamName":"","lastLap":"41.26","lastLapSec":"41","bestLap":"41.26","segments":[{"pilotName":"","finishTime":"00:00:00","pilotId":"1","totalPilotTime":"00:01:41","neLength":"00:01:41","kart":"0","pitTime":""}],"lapCount":"2","lastLapS2":"27.66","lastLapS1":"13.61","secondsFromPit":"245","isOnPit":false,"isRaketa":false,"number":"3","pitstops":"0","kart":"0","lastPitMainTime":"0","totalOnTrack":"00:01:41","midLap":"42.212","pilots":[{"onTrack":"00:00:00","name":""}],"bestLapOnSegment":"41.264"},"4":{"pilotName":"Дорохін Антон","lag":"0.25","timeFromLassPassing":"12845","endLap":false,"position":"8","lastPitTime":"00:00:00","transponderId":"8431733","teamName":"","lastLap":"43.20","lastLapSec":"43","bestLap":"43.20","segments":[{"pilotName":"","finishTime":"00:00:00","pilotId":"1","totalPilotTime":"00:01:41","neLength":"00:01:41","kart":"0","pitTime":""}],"lapCount":"2","lastLapS2":"29.24","lastLapS1":"13.95","secondsFromPit":"245","isOnPit":false,"isRaketa":false,"number":"4","pitstops":"0","kart":"0","lastPitMainTime":"0","totalOnTrack":"00:01:41","midLap":"44.278","pilots":[{"onTrack":"00:00:00","name":""}],"bestLapOnSegment":"43.200"},"5":{"pilotName":"Шиленко Олександр","lag":"0.18","timeFromLassPassing":"15371","endLap":false,"position":"2","lastPitTime":"00:00:00","transponderId":"8584138","teamName":"","lastLap":"41.55","lastLapSec":"42","bestLap":"41.55","segments":[{"pilotName":"","finishTime":"00:00:00","pilotId":"1","totalPilotTime":"00:01:41","neLength":"00:01:41","kart":"0","pitTime":""}],"lapCount":"2","lastLapS2":"28.17","lastLapS1":"13.31","secondsFromPit":"245","isOnPit":false,"isRaketa":false,"number":"5","pitstops":"0","kart":"0","lastPitMainTime":"0","totalOnTrack":"00:01:41","midLap":"42.066","pilots":[{"onTrack":"00:00:00","name":""}],"bestLapOnSegment":"41.552"},"6":{"pilotName":"Вінтонів Іван","lag":"0.47","timeFromLassPassing":"14814","endLap":false,"position":"3","lastPitTime":"00:00:00","transponderId":"9661676","teamName":"","lastLap":"42.45","lastLapSec":"42","bestLap":"42.45","segments":[{"pilotName":"","finishTime":"00:00:00","pilotId":"1","totalPilotTime":"00:01:41","neLength":"00:01:41","kart":"0","pitTime":""}],"lapCount":"2","lastLapS2":"28.87","lastLapS1":"13.28","secondsFromPit":"245","isOnPit":false,"isRaketa":false,"number":"6","pitstops":"0","kart":"0","lastPitMainTime":"0","totalOnTrack":"00:01:41","midLap":"42.818","pilots":[{"onTrack":"00:00:00","name":""}],"bestLapOnSegment":"42.458"},"9":{"pilotName":"Лихошерст Олексій","lag":"0.15","timeFromLassPassing":"14698","endLap":false,"position":"4","lastPitTime":"00:00:00","transponderId":"2807865","teamName":"","lastLap":"41.17","lastLapSec":"41","bestLap":"41.17","segments":[{"pilotName":"","finishTime":"00:00:00","pilotId":"1","totalPilotTime":"00:01:41","neLength":"00:01:41","kart":"0","pitTime":""}],"lapCount":"2","lastLapS2":"27.97","lastLapS1":"13.20","secondsFromPit":"245","isOnPit":false,"isRaketa":false,"number":"9","pitstops":"0","kart":"0","lastPitMainTime":"0","totalOnTrack":"00:01:41","midLap":"42.184","pilots":[{"onTrack":"00:00:00","name":""}],"bestLapOnSegment":"41.179"},"13":{"pilotName":"Ткаченко Кирило","lag":"0.89","timeFromLassPassing":"13186","endLap":false,"position":"7","lastPitTime":"00:00:00","transponderId":"8441658","teamName":"","lastLap":"40.98","lastLapSec":"41","bestLap":"40.98","segments":[{"pilotName":"","finishTime":"00:00:00","pilotId":"1","totalPilotTime":"00:01:41","neLength":"00:01:41","kart":"0","pitTime":""}],"lapCount":"2","lastLapS2":"27.80","lastLapS1":"13.15","secondsFromPit":"245","isOnPit":false,"isRaketa":false,"number":"13","pitstops":"0","kart":"0","lastPitMainTime":"0","totalOnTrack":"00:01:41","midLap":"43.421","pilots":[{"onTrack":"00:00:00","name":""}],"bestLapOnSegment":"40.980"}},"compTeamNameFirst":"Команда1","compDiffS2":"-0.0","compDiffS1":"+0.0"},"onBoard":{"karts_on_track":[],"position":"6","timeDiff":"+03.930","firstpos_lag":"-01.430","lastLap":"40.383","onTrack":"01:41.579","position_by_time":"1","sector_2_time":"27.29","karts_on_pit":[],"second_pos_time":"41.552","second_pos_name":"Шиленко Олександр","sector_2_lag":"+0.364","timeLag":"+0.597","sector_1_lag":"-0.523","lapCount":"2","third_pos_time":"42.458","third_pos_name":"Вінтонів Іван","sector_1_time":"13.60","totalOnTrack":"00:01:41","prevpos_lag":"+0.899","nextpos_lag":"-0.167","bestLapOnSegment":"40.383","first_pos_time":"41.976","first_pos_name":"Родін Артем"}}