{"onTablo":{"compTeamSecondS2":"0.0","compTeamSecondS1":"0.0","secondPlaceLag":"0.203","teamsByTimestamp":[6,5,4,9,3,1,13,2],"bestLapRaceNameTeam":"","finish":true,"compTeamFirstLastLap":"0.0","raceStartedButtonTimestamp":1660766222,"bestLapRaceNumberTeam":"","raceFinishedTimestamp":1660766088,"compDiff":"-0.0","bestLapRaceNamePilot":"","compTeamSecondLastLap":"0.0","secondPlaceName":"Вінтонів Іван","karts":[1,2,3,4,5,6,7,8,9,10,11,12,13,14,15,16,17,18,19,20,21,22,33,44,69],"compTeamFirstS2":"0.0","compTeamFirstS1":"0.0","compTeamNameSecond":"Команда2","totalRaceTime":"00:01:21","thirdPlaceName":"Шиленко Олександр","secondPlaceNumber":"6","isRace":true,"firstPlaceNumber":"2","thirdPlaceNumber":"5","bestS2Race":"27.753","firstPlaceLag":"","bestS1Race":"13.084","compLag":"0.0","teams":[{"pilotName":"Родін Артем","lag":"0","timeFromLassPassing":"37628","endLap":false,"position":"1","lastPitTime":"00:00:00","transponderId":"8583082","teamName":"","lastLap":"44.27","lastLapSec":"44","bestLap":"44.27","segments":[{"pilotName":"","finishTime":"00:00:00","pilotId":"1","totalPilotTime":"00:01:21","neLength":"00:01:21","kart":"0","pitTime":""}],"lapCount":"1","lastLapS2":"28.09","lastLapS1":"13.55","secondsFromPit":"225","isOnPit":false,"isRaketa":false,"number":"2","pitstops":"0","kart":"0","lastPitMainTime":"0","totalOnTrack":"00:01:21","midLap":"44.273","pilots":[{"onTrack":"00:00:00","name":""}],"bestLapOnSegment":"44.273"},{"pilotName":"Вінтонів Іван","lag":"0.18","timeFromLassPassing":"37413","endLap":false,"position":"2","lastPitTime":"00:00:00","transponderId":"9661676","teamName":"","lastLap":"43.17","lastLapSec":"43","bestLap":"43.17","segments":[{"pilotName":"","finishTime":"00:00:00","pilotId":"1","totalPilotTime":"00:01:21","neLength":"00:01:21","kart":"0","pitTime":""}],"lapCount":"1","lastLapS2":"27.75","lastLapS1":"13.58","secondsFromPit":"225","isOnPit":false,"isRaketa":false,"number":"6","pitstops":"0","kart":"0","lastPitMainTime":"0","totalOnTrack":"00:01:21","midLap":"43.179","pilots":[{"onTrack":"00:00:00","name":""}],"bestLapOnSegment":"43.179"},{"pilotName":"Шиленко Олександр","lag":"0.42","timeFromLassPassing":"37090","endLap":false,"position":"3","lastPitTime":"00:00:00","transponderId":"8584138","teamName":"","lastLap":"42.57","lastLapSec":"43","bestLap":"42.57","segments":[{"pilotName":"","finishTime":"00:00:00","pilotId":"1","totalPilotTime":"00:01:21","neLength":"00:01:21","kart":"0","pitTime":""}],"lapCount":"1","lastLapS2":"27.75","lastLapS1":"13.37","secondsFromPit":"225","isOnPit":false,"isRaketa":true,"number":"5","pitstops":"0","kart":"0","lastPitMainTime":"0","totalOnTrack":"00:01:21","midLap":"42.579","pilots":[{"onTrack":"00:00:00","name":""}],"bestLapOnSegment":"42.579"},{"pilotName":"Дорохін Антон","lag":"0.74","timeFromLassPassing":"36206","endLap":false,"position":"4","lastPitTime":"00:00:00","transponderId":"8431733","teamName":"","lastLap":"45.35","lastLapSec":"45","bestLap":"45.35","segments":[{"pilotName":"","finishTime":"00:00:00","pilotId":"1","totalPilotTime":"00:01:21","neLength":"00:01:21","kart":"0","pitTime":""}],"lapCount":"1","lastLapS2":"28.36","lastLapS1":"13.95","secondsFromPit":"225","isOnPit":false,"isRaketa":false,"number":"4","pitstops":"0","kart":"0","lastPitMainTime":"0","totalOnTrack":"00:01:21","midLap":"45.355","pilots":[{"onTrack":"00:00:00","name":""}],"bestLapOnSegment":"45.355"},{"pilotName":"Лихошерст Олексій","lag":"0.25","timeFromLassPassing":"35991","endLap":false,"position":"5","lastPitTime":"00:00:00","transponderId":"2807865","teamName":"","lastLap":"43.19","lastLapSec":"43","bestLap":"43.19","segments":[{"pilotName":"","finishTime":"00:00:00","pilotId":"1","totalPilotTime":"00:01:21","neLength":"00:01:21","kart":"0","pitTime":""}],"lapCount":"1","lastLapS2":"28.11","lastLapS1":"13.20","secondsFromPit":"225","isOnPit":false,"isRaketa":false,"number":"9","pitstops":"0","kart":"0","lastPitMainTime":"0","totalOnTrack":"00:01:21","midLap":"43.190","pilots":[{"onTrack":"00:00:00","name":""}],"bestLapOnSegment":"43.190"},{"pilotName":"Маніло Денис","lag":"0.36","timeFromLassPassing":"35653","endLap":false,"position":"6","lastPitTime":"00:00:00","transponderId":"5885393","teamName":"","lastLap":"43.16","lastLapSec":"43","bestLap":"43.16","segments":[{"pilotName":"","finishTime":"00:00:00","pilotId":"1","totalPilotTime":"00:01:21","neLength":"00:01:21","kart":"0","pitTime":""}],"lapCount":"1","lastLapS2":"28.21","lastLapS1":"13.60","secondsFromPit":"225","isOnPit":false,"isRaketa":false,"number":"3","pitstops":"0","kart":"0","lastPitMainTime":"0","totalOnTrack":"00:01:21","midLap":"43.161","pilots":[{"onTrack":"00:00:00","name":""}],"bestLapOnSegment":"43.161"},{"pilotName":"Міфтахутдінов Ільяс","lag":"01.04","timeFromLassPassing":"34575","endLap":false,"position":"7","lastPitTime":"00:00:00","transponderId":"9739691","teamName":"","lastLap":"44.31","lastLapSec":"44","bestLap":"44.31","segments":[{"pilotName":"","finishTime":"00:00:00","pilotId":"1","totalPilotTime":"00:01:21","neLength":"00:01:21","kart":"0","pitTime":""}],"lapCount":"1","lastLapS2":"29.54","lastLapS1":"13.08","secondsFromPit":"225","isOnPit":false,"isRaketa":false,"number":"1","pitstops":"0","kart":"0","lastPitMainTime":"0","totalOnTrack":"00:01:21","midLap":"44.313","pilots":[{"onTrack":"00:00:00","name":""}],"bestLapOnSegment":"44.313"},{"pilotName":"Ткаченко Кирило","lag":"0.30","timeFromLassPassing":"34341","endLap":false,"position":"8","lastPitTime":"00:00:00","transponderId":"8441658","teamName":"","lastLap":"45.86","lastLapSec":"46","bestLap":"45.86","segments":[{"pilotName":"","finishTime":"00:00:00","pilotId":"1","totalPilotTime":"00:01:21","neLength":"00:01:21","kart":"0","pitTime":""}],"lapCount":"1","lastLapS2":"30.05","lastLapS1":"13.18","secondsFromPit":"225","isOnPit":false,"isRaketa":false,"number":"13","pitstops":"0","kart":"0","lastPitMainTime":"0","totalOnTrack":"00:01:21","midLap":"45.862","pilots":[{"onTrack":"00:00:00","name":""}],"bestLapOnSegment":"45.862"}],"thirdPlaceLag":"0.221","firstPlaceName":"Родін Артем","bestLapRace":"42.579","teams2":{"1":{"pilotName":"Міфтахутдінов Ільяс","lag":"01.04","timeFromLassPassing":"34575","endLap":false,"position":"7","lastPitTime":"00:00:00","transponderId":"9739691","teamName":"","lastLap":"44.31","lastLapSec":"44","bestLap":"44.31","segments":[{"pilotName":"","finishTime":"00:00:00","pilotId":"1","totalPilotTime":"00:01:21","neLength":"00:01:21","kart":"0","pitTime":""}],"lapCount":"1","lastLapS2":"29.54","lastLapS1":"13.08","secondsFromPit":"225","isOnPit":false,"isRaketa":false,"number":"1","pitstops":"0","kart":"0","lastPitMainTime":"0","totalOnTrack":"00:01:21","midLap":"44.313","pilots":[{"onTrack":"00:00:00","name":""}],"bestLapOnSegment":"44.313"},"2":{"pilotName":"Родін Артем","lag":"0","timeFromLassPassing":"37628","endLap":false,"position":"1","lastPitTime":"00:00:00","transponderId":"8583082","teamName":"","lastLap":"44.27","lastLapSec":"44","bestLap":"44.27","segments":[{"pilotName":"","finishTime":"00:00:00","pilotId":"1","totalPilotTime":"00:01:21","neLength":"00:01:21","kart":"0","pitTime":""}],"lapCount":"1","lastLapS2":"28.09","lastLapS1":"13.55","secondsFromPit":"225","isOnPit":false,"isRaketa":false,"number":"2","pitstops":"0","kart":"0","lastPitMainTime":"0","totalOnTrack":"00:01:21","midLap":"44.273","pilots":[{"onTrack":"00:00:00","name":""}],"bestLapOnSegment":"44.273"},"3":{"pilotName":"Маніло Денис","lag":"0.36","timeFromLassPassing":"35653","endLap":false,"position":"6","lastPitTime":"00:00:00","transponderId":"5885393","teamName":"","lastLap":"43.16","lastLapSec":"43","bestLap":"43.16","segments":[{"pilotName":"","finishTime":"00:00:00","pilotId":"1","totalPilotTime":"00:01:21","neLength":"00:01:21","kart":"0","pitTime":""}],"lapCount":"1","lastLapS2":"28.21","lastLapS1":"13.60","secondsFromPit":"225","isOnPit":false,"isRaketa":false,"number":"3","pitstops":"0","kart":"0","lastPitMainTime":"0","totalOnTrack":"00:01:21","midLap":"43.161","pilots":[{"onTrack":"00:00:00","name":""}],"bestLapOnSegment":"43.161"},"4":{"pilotName":"Дорохін Антон","lag":"0.74","timeFromLassPassing":"36206","endLap":false,"position":"4","lastPitTime":"00:00:00","transponderId":"8431733","teamName":"","lastLap":"45.35","lastLapSec":"45","bestLap":"45.35","segments":[{"pilotName":"","finishTime":"00:00:00","pilotId":"1","totalPilotTime":"00:01:21","neLength":"00:01:21","kart":"0","pitTime":""}],"lapCount":"1","lastLapS2":"28.36","lastLapS1":"13.95","secondsFromPit":"225","isOnPit":false,"isRaketa":false,"number":"4","pitstops":"0","kart":"0","lastPitMainTime":"0","totalOnTrack":"00:01:21","midLap":"45.355","pilots":[{"onTrack":"00:00:00","name":""}],"bestLapOnSegment":"45.355"},"5":{"pilotName":"Шиленко Олександр","lag":"0.42","timeFromLassPassing":"37090","endLap":false,"position":"3","lastPitTime":"00:00:00","transponderId":"8584138","teamName":"","lastLap":"42.57","lastLapSec":"43","bestLap":"42.57","segments":[{"pilotName":"","finishTime":"00:00:00","pilotId":"1","totalPilotTime":"00:01:21","neLength":"00:01:21","kart":"0","pitTime":""}],"lapCount":"1","lastLapS2":"27.75","lastLapS1":"13.37","secondsFromPit":"225","isOnPit":false,"isRaketa":true,"number":"5","pitstops":"0","kart":"0","lastPitMainTime":"0","totalOnTrack":"00:01:21","midLap":"42.579","pilots":[{"onTrack":"00:00:00","name":""}],"bestLapOnSegment":"42.579"},"6":{"pilotName":"Вінтонів Іван","lag":"0.18","timeFromLassPassing":"37413","endLap":false,"position":"2","lastPitTime":"00:00:00","transponderId":"9661676","teamName":"","lastLap":"43.17","lastLapSec":"43","bestLap":"43.17","segments":[{"pilotName":"","finishTime":"00:00:00","pilotId":"1","totalPilotTime":"00:01:21","neLength":"00:01:21","kart":"0","pitTime":""}],"lapCount":"1","lastLapS2":"27.75","lastLapS1":"13.58","secondsFromPit":"225","isOnPit":false,"isRaketa":false,"number":"6","pitstops":"0","kart":"0","lastPitMainTime":"0","totalOnTrack":"00:01:21","midLap":"43.179","pilots":[{"onTrack":"00:00:00","name":""}],"bestLapOnSegment":"43.179"},"9":{"pilotName":"Лихошерст Олексій","lag":"0.25","timeFromLassPassing":"35991","endLap":false,"position":"5","lastPitTime":"00:00:00","transponderId":"2807865","teamName":"","lastLap":"43.19","lastLapSec":"43","bestLap":"43.19","segments":[{"pilotName":"","finishTime":"00:00:00","pilotId":"1","totalPilotTime":"00:01:21","neLength":"00:01:21","kart":"0","pitTime":""}],"lapCount":"1","lastLapS2":"28.11","lastLapS1":"13.20","secondsFromPit":"225","isOnPit":false,"isRaketa":false,"number":"9","pitstops":"0","kart":"0","lastPitMainTime":"0","totalOnTrack":"00:01:21","midLap":"43.190","pilots":[{"onTrack":"00:00:00","name":""}],"bestLapOnSegment":"43.190"},"13":{"pilotName":"Ткаченко Кирило","lag":"0.30","timeFromLassPassing":"34341","endLap":false,"position":"8","lastPitTime":"00:00:00","transponderId":"8441658","teamName":"","lastLap":"45.86","lastLapSec":"46","bestLap":"45.86","segments":[{"pilotName":"","finishTime":"00:00:00","pilotId":"1","totalPilotTime":"00:01:21","neLength":"00:01:21","kart":"0","pitTime":""}],"lapCount":"1","lastLapS2":"30.05","lastLapS1":"13.18","secondsFromPit":"225","isOnPit":false,"isRaketa":false,"number":"13","pitstops":"0","kart":"0","lastPitMainTime":"0","totalOnTrack":"00:01:21","midLap":"45.862","pilots":[{"onTrack":"00:00:00","name":""}],"bestLapOnSegment":"45.862"}},"compTeamNameFirst":"Команда1","compDiffS2":"-0.0","compDiffS1":"+0.0"},"onBoard":{"karts_on_track":[],"position":"7","timeDiff":"+","firstpos_lag":"-03.023","lastLap":"44.313","onTrack":"01:21.717","position_by_time":"6","sector_2_time":"29.54","karts_on_pit":[],"second_pos_time":"43.179","second_pos_name":"Вінтонів Іван","sector_2_lag":"-01.791","timeLag":"-01.734","sector_1_lag":"+0.096","lapCount":"1","third_pos_time":"42.579","third_pos_name":"Шиленко Олександр","sector_1_time":"13.08","totalOnTrack":"00:01:21","prevpos_lag":"+0.302","nextpos_lag":"-01.048","bestLapOnSegment":"44.313","first_pos_time":"44.273","first_pos_name":"Родін Артем"}}