{"onTablo":{"compTeamSecondS2":"0.0","compTeamSecondS1":"0.0","secondPlaceLag":"01.770","teamsByTimestamp":[11,3,13,9,1,6,5],"bestLapRaceNameTeam":"","finish":true,"compTeamFirstLastLap":"0.0","raceStartedButtonTimestamp":1660765620,"bestLapRaceNumberTeam":"","raceFinishedTimestamp":1660765613,"compDiff":"-0.0","bestLapRaceNamePilot":"","compTeamSecondLastLap":"0.0","secondPlaceName":"Васильчук Назар","karts":[1,2,3,4,5,6,7,8,9,10,11,12,13,14,15,16,17,18,19,20,21,22,33,44,69],"compTeamFirstS2":"0.0","compTeamFirstS1":"0.0","compTeamNameSecond":"Команда2","totalRaceTime":"00:01:08","thirdPlaceName":"Лантушенко Ігор","secondPlaceNumber":"11","isRace":true,"firstPlaceNumber":"5","thirdPlaceNumber":"3","bestS2Race":"28.432","firstPlaceLag":"","bestS1Race":"13.119","compLag":"0.0","teams":[{"pilotName":"Якусик Дмитро","lag":"0","timeFromLassPassing":"23250","endLap":false,"position":"1","lastPitTime":"00:00:00","transponderId":"8584138","teamName":"","lastLap":"44.43","lastLapSec":"44","bestLap":"44.43","segments":[{"pilotName":"","finishTime":"00:00:00","pilotId":"1","totalPilotTime":"00:01:08","neLength":"00:01:08","kart":"0","pitTime":""}],"lapCount":"1","lastLapS2":"28.43","lastLapS1":"13.33","secondsFromPit":"109","isOnPit":false,"isRaketa":true,"number":"5","pitstops":"0","kart":"0","lastPitMainTime":"0","totalOnTrack":"00:01:08","midLap":"44.437","pilots":[{"onTrack":"00:00:00","name":""}],"bestLapOnSegment":"44.437"},{"pilotName":"Васильчук Назар","lag":"01.68","timeFromLassPassing":"20850","endLap":false,"position":"2","lastPitTime":"00:00:00","transponderId":"2758575","teamName":"","lastLap":"47.26","lastLapSec":"47","bestLap":"47.26","segments":[{"pilotName":"","finishTime":"00:00:00","pilotId":"1","totalPilotTime":"00:01:08","neLength":"00:01:08","kart":"0","pitTime":""}],"lapCount":"1","lastLapS2":"29.55","lastLapS1":"13.42","secondsFromPit":"109","isOnPit":false,"isRaketa":false,"number":"11","pitstops":"0","kart":"0","lastPitMainTime":"0","totalOnTrack":"00:01:08","midLap":"47.263","pilots":[{"onTrack":"00:00:00","name":""}],"bestLapOnSegment":"47.263"},{"pilotName":"Лантушенко Ігор","lag":"0.90","timeFromLassPassing":"20527","endLap":false,"position":"3","lastPitTime":"00:00:00","transponderId":"5885393","teamName":"","lastLap":"45.90","lastLapSec":"46","bestLap":"45.90","segments":[{"pilotName":"","finishTime":"00:00:00","pilotId":"1","totalPilotTime":"00:01:08","neLength":"00:01:08","kart":"0","pitTime":""}],"lapCount":"1","lastLapS2":"30.53","lastLapS1":"13.26","secondsFromPit":"109","isOnPit":false,"isRaketa":false,"number":"3","pitstops":"0","kart":"0","lastPitMainTime":"0","totalOnTrack":"00:01:08","midLap":"45.902","pilots":[{"onTrack":"00:00:00","name":""}],"bestLapOnSegment":"45.902"},{"pilotName":"Хавіло Дмитро","lag":"0.23","timeFromLassPassing":"20404","endLap":false,"position":"4","lastPitTime":"00:00:00","transponderId":"8441658","teamName":"","lastLap":"47.30","lastLapSec":"47","bestLap":"47.30","segments":[{"pilotName":"","finishTime":"00:00:00","pilotId":"1","totalPilotTime":"00:01:08","neLength":"00:01:08","kart":"0","pitTime":""}],"lapCount":"1","lastLapS2":"31.12","lastLapS1":"13.39","secondsFromPit":"109","isOnPit":false,"isRaketa":false,"number":"13","pitstops":"0","kart":"0","lastPitMainTime":"0","totalOnTrack":"00:01:08","midLap":"47.307","pilots":[{"onTrack":"00:00:00","name":""}],"bestLapOnSegment":"47.307"},{"pilotName":"Литвиненко Віктор","lag":"0.32","timeFromLassPassing":"19973","endLap":false,"position":"5","lastPitTime":"00:00:00","transponderId":"2807865","teamName":"","lastLap":"46.97","lastLapSec":"47","bestLap":"46.97","segments":[{"pilotName":"","finishTime":"00:00:00","pilotId":"1","totalPilotTime":"00:01:08","neLength":"00:01:08","kart":"0","pitTime":""}],"lapCount":"1","lastLapS2":"30.63","lastLapS1":"13.29","secondsFromPit":"109","isOnPit":false,"isRaketa":false,"number":"9","pitstops":"0","kart":"0","lastPitMainTime":"0","totalOnTrack":"00:01:08","midLap":"46.976","pilots":[{"onTrack":"00:00:00","name":""}],"bestLapOnSegment":"46.976"},{"pilotName":"Кравчонок Олександр","lag":"0.34","timeFromLassPassing":"19759","endLap":false,"position":"6","lastPitTime":"00:00:00","transponderId":"9739691","teamName":"","lastLap":"46.45","lastLapSec":"46","bestLap":"46.45","segments":[{"pilotName":"","finishTime":"00:00:00","pilotId":"1","totalPilotTime":"00:01:08","neLength":"00:01:08","kart":"0","pitTime":""}],"lapCount":"1","lastLapS2":"31.57","lastLapS1":"13.11","secondsFromPit":"109","isOnPit":false,"isRaketa":false,"number":"1","pitstops":"0","kart":"0","lastPitMainTime":"0","totalOnTrack":"00:01:08","midLap":"46.459","pilots":[{"onTrack":"00:00:00","name":""}],"bestLapOnSegment":"46.459"},{"pilotName":"Булавінов Андрій","lag":"0.34","timeFromLassPassing":"19311","endLap":false,"position":"7","lastPitTime":"00:00:00","transponderId":"9661676","teamName":"","lastLap":"49.49","lastLapSec":"49","bestLap":"49.49","segments":[{"pilotName":"","finishTime":"00:00:00","pilotId":"1","totalPilotTime":"00:01:08","neLength":"00:01:08","kart":"0","pitTime":""}],"lapCount":"1","lastLapS2":"32.52","lastLapS1":"13.53","secondsFromPit":"109","isOnPit":false,"isRaketa":false,"number":"6","pitstops":"0","kart":"0","lastPitMainTime":"0","totalOnTrack":"00:01:08","midLap":"49.495","pilots":[{"onTrack":"00:00:00","name":""}],"bestLapOnSegment":"49.495"}],"thirdPlaceLag":"0.740","firstPlaceName":"Якусик Дмитро","bestLapRace":"44.437","teams2":{"1":{"pilotName":"Кравчонок Олександр","lag":"0.34","timeFromLassPassing":"19759","endLap":false,"position":"6","lastPitTime":"00:00:00","transponderId":"9739691","teamName":"","lastLap":"46.45","lastLapSec":"46","bestLap":"46.45","segments":[{"pilotName":"","finishTime":"00:00:00","pilotId":"1","totalPilotTime":"00:01:08","neLength":"00:01:08","kart":"0","pitTime":""}],"lapCount":"1","lastLapS2":"31.57","lastLapS1":"13.11","secondsFromPit":"109","isOnPit":false,"isRaketa":false,"number":"1","pitstops":"0","kart":"0","lastPitMainTime":"0","totalOnTrack":"00:01:08","midLap":"46.459","pilots":[{"onTrack":"00:00:00","name":""}],"bestLapOnSegment":"46.459"},"3":{"pilotName":"Лантушенко Ігор","lag":"0.90","timeFromLassPassing":"20527","endLap":false,"position":"3","lastPitTime":"00:00:00","transponderId":"5885393","teamName":"","lastLap":"45.90","lastLapSec":"46","bestLap":"45.90","segments":[{"pilotName":"","finishTime":"00:00:00","pilotId":"1","totalPilotTime":"00:01:08","neLength":"00:01:08","kart":"0","pitTime":""}],"lapCount":"1","lastLapS2":"30.53","lastLapS1":"13.26","secondsFromPit":"109","isOnPit":false,"isRaketa":false,"number":"3","pitstops":"0","kart":"0","lastPitMainTime":"0","totalOnTrack":"00:01:08","midLap":"45.902","pilots":[{"onTrack":"00:00:00","name":""}],"bestLapOnSegment":"45.902"},"5":{"pilotName":"Якусик Дмитро","lag":"0","timeFromLassPassing":"23250","endLap":false,"position":"1","lastPitTime":"00:00:00","transponderId":"8584138","teamName":"","lastLap":"44.43","lastLapSec":"44","bestLap":"44.43","segments":[{"pilotName":"","finishTime":"00:00:00","pilotId":"1","totalPilotTime":"00:01:08","neLength":"00:01:08","kart":"0","pitTime":""}],"lapCount":"1","lastLapS2":"28.43","lastLapS1":"13.33","secondsFromPit":"109","isOnPit":false,"isRaketa":true,"number":"5","pitstops":"0","kart":"0","lastPitMainTime":"0","totalOnTrack":"00:01:08","midLap":"44.437","pilots":[{"onTrack":"00:00:00","name":""}],"bestLapOnSegment":"44.437"},"6":{"pilotName":"Булавінов Андрій","lag":"0.34","timeFromLassPassing":"19311","endLap":false,"position":"7","lastPitTime":"00:00:00","transponderId":"9661676","teamName":"","lastLap":"49.49","lastLapSec":"49","bestLap":"49.49","segments":[{"pilotName":"","finishTime":"00:00:00","pilotId":"1","totalPilotTime":"00:01:08","neLength":"00:01:08","kart":"0","pitTime":""}],"lapCount":"1","lastLapS2":"32.52","lastLapS1":"13.53","secondsFromPit":"109","isOnPit":false,"isRaketa":false,"number":"6","pitstops":"0","kart":"0","lastPitMainTime":"0","totalOnTrack":"00:01:08","midLap":"49.495","pilots":[{"onTrack":"00:00:00","name":""}],"bestLapOnSegment":"49.495"},"9":{"pilotName":"Литвиненко Віктор","lag":"0.32","timeFromLassPassing":"19973","endLap":false,"position":"5","lastPitTime":"00:00:00","transponderId":"2807865","teamName":"","lastLap":"46.97","lastLapSec":"47","bestLap":"46.97","segments":[{"pilotName":"","finishTime":"00:00:00","pilotId":"1","totalPilotTime":"00:01:08","neLength":"00:01:08","kart":"0","pitTime":""}],"lapCount":"1","lastLapS2":"30.63","lastLapS1":"13.29","secondsFromPit":"109","isOnPit":false,"isRaketa":false,"number":"9","pitstops":"0","kart":"0","lastPitMainTime":"0","totalOnTrack":"00:01:08","midLap":"46.976","pilots":[{"onTrack":"00:00:00","name":""}],"bestLapOnSegment":"46.976"},"11":{"pilotName":"Васильчук Назар","lag":"01.68","timeFromLassPassing":"20850","endLap":false,"position":"2","lastPitTime":"00:00:00","transponderId":"2758575","teamName":"","lastLap":"47.26","lastLapSec":"47","bestLap":"47.26","segments":[{"pilotName":"","finishTime":"00:00:00","pilotId":"1","totalPilotTime":"00:01:08","neLength":"00:01:08","kart":"0","pitTime":""}],"lapCount":"1","lastLapS2":"29.55","lastLapS1":"13.42","secondsFromPit":"109","isOnPit":false,"isRaketa":false,"number":"11","pitstops":"0","kart":"0","lastPitMainTime":"0","totalOnTrack":"00:01:08","midLap":"47.263","pilots":[{"onTrack":"00:00:00","name":""}],"bestLapOnSegment":"47.263"},"13":{"pilotName":"Хавіло Дмитро","lag":"0.23","timeFromLassPassing":"20404","endLap":false,"position":"4","lastPitTime":"00:00:00","transponderId":"8441658","teamName":"","lastLap":"47.30","lastLapSec":"47","bestLap":"47.30","segments":[{"pilotName":"","finishTime":"00:00:00","pilotId":"1","totalPilotTime":"00:01:08","neLength":"00:01:08","kart":"0","pitTime":""}],"lapCount":"1","lastLapS2":"31.12","lastLapS1":"13.39","secondsFromPit":"109","isOnPit":false,"isRaketa":false,"number":"13","pitstops":"0","kart":"0","lastPitMainTime":"0","totalOnTrack":"00:01:08","midLap":"47.307","pilots":[{"onTrack":"00:00:00","name":""}],"bestLapOnSegment":"47.307"}},"compTeamNameFirst":"Команда1","compDiffS2":"-0.0","compDiffS1":"+0.0"},"onBoard":{"karts_on_track":[],"position":"6","timeDiff":"+","firstpos_lag":"-03.493","lastLap":"46.459","onTrack":"01:08.683","position_by_time":"3","sector_2_time":"31.57","karts_on_pit":[],"second_pos_time":"47.263","second_pos_name":"Васильчук Назар","sector_2_lag":"-03.146","timeLag":"-02.022","sector_1_lag":"+0.141","lapCount":"1","third_pos_time":"45.902","third_pos_name":"Лантушенко Ігор","sector_1_time":"13.11","totalOnTrack":"00:01:08","prevpos_lag":"+0.346","nextpos_lag":"-0.348","bestLapOnSegment":"46.459","first_pos_time":"44.437","first_pos_name":"Якусик Дмитро"}}