{"onTablo":{"compTeamSecondS2":"0.0","compTeamSecondS1":"0.0","teamsByTimestamp":[],"bestLapRaceNameTeam":"","finish":false,"compTeamFirstLastLap":"0.0","raceStartedButtonTimestamp":1660765553,"bestLapRaceNumberTeam":"","raceFinishedTimestamp":1660765550,"compDiff":"-0.0","bestLapRaceNamePilot":"","compTeamSecondLastLap":"0.0","karts":[1,2,3,4,5,6,7,8,9,10,11,12,13,14,15,16,17,18,19,20,21,22,33,44,69],"compTeamFirstS2":"0.0","compTeamFirstS1":"0.0","compTeamNameSecond":"Команда2","totalRaceTime":"00:00:34","isRace":true,"bestS2Race":"8:20:00.000","bestS1Race":"8:20:00.000","compLag":"0.0","teams":[],"bestLapRace":"0","teams2":{},"compTeamNameFirst":"Команда1","compDiffS2":"-0.0","compDiffS1":"+0.0"},"onBoard":{"karts_on_track":[],"position":"1","timeDiff":"+","firstpos_lag":"0","lastLap":"","onTrack":"01:15.376","position_by_time":"1","sector_2_time":"","karts_on_pit":[],"second_pos_time":"","second_pos_name":"","sector_2_lag":"+0.0","timeLag":"+0.0","sector_1_lag":"+0.0","lapCount":"0","third_pos_time":"","third_pos_name":"","sector_1_time":"","totalOnTrack":"00:01:15","prevpos_lag":"0","nextpos_lag":"0","bestLapOnSegment":"","first_pos_time":"","first_pos_name":""}}