{"onTablo":{"compTeamSecondS2":"0.0","compTeamSecondS1":"0.0","secondPlaceLag":"0.811","teamsByTimestamp":[11,13,5,9,3,1,6],"bestLapRaceNameTeam":"","finish":true,"compTeamFirstLastLap":"0.0","raceStartedButtonTimestamp":1660765620,"bestLapRaceNumberTeam":"","raceFinishedTimestamp":1660765613,"compDiff":"-0.0","bestLapRaceNamePilot":"","compTeamSecondLastLap":"0.0","secondPlaceName":"Васильчук Назар","karts":[1,2,3,4,5,6,7,8,9,10,11,12,13,14,15,16,17,18,19,20,21,22,33,44,69],"compTeamFirstS2":"0.0","compTeamFirstS1":"0.0","compTeamNameSecond":"Команда2","totalRaceTime":"00:00:42","thirdPlaceName":"Хавіло Дмитро","secondPlaceNumber":"11","isRace":true,"firstPlaceNumber":"6","thirdPlaceNumber":"13","bestS2Race":"8:20:00.000","firstPlaceLag":"","bestS1Race":"14.881","compLag":"0.0","teams":[{"pilotName":"Булавінов Андрій","lag":"0","timeFromLassPassing":"42159","endLap":false,"position":"1","lastPitTime":"00:00:00","transponderId":"9661676","teamName":"","lastLap":"","lastLapSec":"0","bestLap":"","segments":[{"pilotName":"","finishTime":"00:00:00","pilotId":"1","totalPilotTime":"00:00:42","neLength":"00:00:42","kart":"0","pitTime":""}],"lapCount":"0","lastLapS2":"","lastLapS1":"16.97","secondsFromPit":"83","isOnPit":false,"isRaketa":false,"number":"6","pitstops":"0","kart":"0","lastPitMainTime":"0","totalOnTrack":"00:00:42","midLap":"0","pilots":[{"onTrack":"00:00:00","name":""}],"bestLapOnSegment":""},{"pilotName":"Васильчук Назар","lag":"0.07","timeFromLassPassing":"42038","endLap":false,"position":"2","lastPitTime":"00:00:00","transponderId":"2758575","teamName":"","lastLap":"","lastLapSec":"0","bestLap":"","segments":[{"pilotName":"","finishTime":"00:00:00","pilotId":"1","totalPilotTime":"00:00:42","neLength":"00:00:42","kart":"0","pitTime":""}],"lapCount":"0","lastLapS2":"","lastLapS1":"17.70","secondsFromPit":"83","isOnPit":false,"isRaketa":false,"number":"11","pitstops":"0","kart":"0","lastPitMainTime":"0","totalOnTrack":"00:00:42","midLap":"0","pilots":[{"onTrack":"00:00:00","name":""}],"bestLapOnSegment":""},{"pilotName":"Хавіло Дмитро","lag":"01.08","timeFromLassPassing":"41174","endLap":false,"position":"3","lastPitTime":"00:00:00","transponderId":"8441658","teamName":"","lastLap":"","lastLapSec":"0","bestLap":"","segments":[{"pilotName":"","finishTime":"00:00:00","pilotId":"1","totalPilotTime":"00:00:42","neLength":"00:00:42","kart":"0","pitTime":""}],"lapCount":"0","lastLapS2":"","lastLapS1":"16.18","secondsFromPit":"83","isOnPit":false,"isRaketa":false,"number":"13","pitstops":"0","kart":"0","lastPitMainTime":"0","totalOnTrack":"00:00:42","midLap":"0","pilots":[{"onTrack":"00:00:00","name":""}],"bestLapOnSegment":""},{"pilotName":"Якусик Дмитро","lag":"0.05","timeFromLassPassing":"41067","endLap":false,"position":"4","lastPitTime":"00:00:00","transponderId":"8584138","teamName":"","lastLap":"","lastLapSec":"0","bestLap":"","segments":[{"pilotName":"","finishTime":"00:00:00","pilotId":"1","totalPilotTime":"00:00:42","neLength":"00:00:42","kart":"0","pitTime":""}],"lapCount":"0","lastLapS2":"","lastLapS1":"16.00","secondsFromPit":"83","isOnPit":false,"isRaketa":false,"number":"5","pitstops":"0","kart":"0","lastPitMainTime":"0","totalOnTrack":"00:00:42","midLap":"0","pilots":[{"onTrack":"00:00:00","name":""}],"bestLapOnSegment":""},{"pilotName":"Литвиненко Віктор","lag":"0.60","timeFromLassPassing":"40514","endLap":false,"position":"5","lastPitTime":"00:00:00","transponderId":"2807865","teamName":"","lastLap":"","lastLapSec":"0","bestLap":"","segments":[{"pilotName":"","finishTime":"00:00:00","pilotId":"1","totalPilotTime":"00:00:42","neLength":"00:00:42","kart":"0","pitTime":""}],"lapCount":"0","lastLapS2":"","lastLapS1":"16.34","secondsFromPit":"83","isOnPit":false,"isRaketa":false,"number":"9","pitstops":"0","kart":"0","lastPitMainTime":"0","totalOnTrack":"00:00:42","midLap":"0","pilots":[{"onTrack":"00:00:00","name":""}],"bestLapOnSegment":""},{"pilotName":"Лантушенко Ігор","lag":"0.51","timeFromLassPassing":"39972","endLap":false,"position":"6","lastPitTime":"00:00:00","transponderId":"5885393","teamName":"","lastLap":"","lastLapSec":"0","bestLap":"","segments":[{"pilotName":"","finishTime":"00:00:00","pilotId":"1","totalPilotTime":"00:00:42","neLength":"00:00:42","kart":"0","pitTime":""}],"lapCount":"0","lastLapS2":"","lastLapS1":"15.36","secondsFromPit":"83","isOnPit":false,"isRaketa":false,"number":"3","pitstops":"0","kart":"0","lastPitMainTime":"0","totalOnTrack":"00:00:42","midLap":"0","pilots":[{"onTrack":"00:00:00","name":""}],"bestLapOnSegment":""},{"pilotName":"Кравчонок Олександр","lag":"0.34","timeFromLassPassing":"39621","endLap":false,"position":"7","lastPitTime":"00:00:00","transponderId":"9739691","teamName":"","lastLap":"","lastLapSec":"0","bestLap":"","segments":[{"pilotName":"","finishTime":"00:00:00","pilotId":"1","totalPilotTime":"00:00:42","neLength":"00:00:42","kart":"0","pitTime":""}],"lapCount":"0","lastLapS2":"","lastLapS1":"14.88","secondsFromPit":"83","isOnPit":false,"isRaketa":false,"number":"1","pitstops":"0","kart":"0","lastPitMainTime":"0","totalOnTrack":"00:00:42","midLap":"0","pilots":[{"onTrack":"00:00:00","name":""}],"bestLapOnSegment":""}],"thirdPlaceLag":"","firstPlaceName":"Булавінов Андрій","bestLapRace":"0","teams2":{"1":{"pilotName":"Кравчонок Олександр","lag":"0.34","timeFromLassPassing":"39621","endLap":false,"position":"7","lastPitTime":"00:00:00","transponderId":"9739691","teamName":"","lastLap":"","lastLapSec":"0","bestLap":"","segments":[{"pilotName":"","finishTime":"00:00:00","pilotId":"1","totalPilotTime":"00:00:42","neLength":"00:00:42","kart":"0","pitTime":""}],"lapCount":"0","lastLapS2":"","lastLapS1":"14.88","secondsFromPit":"83","isOnPit":false,"isRaketa":false,"number":"1","pitstops":"0","kart":"0","lastPitMainTime":"0","totalOnTrack":"00:00:42","midLap":"0","pilots":[{"onTrack":"00:00:00","name":""}],"bestLapOnSegment":""},"3":{"pilotName":"Лантушенко Ігор","lag":"0.51","timeFromLassPassing":"39972","endLap":false,"position":"6","lastPitTime":"00:00:00","transponderId":"5885393","teamName":"","lastLap":"","lastLapSec":"0","bestLap":"","segments":[{"pilotName":"","finishTime":"00:00:00","pilotId":"1","totalPilotTime":"00:00:42","neLength":"00:00:42","kart":"0","pitTime":""}],"lapCount":"0","lastLapS2":"","lastLapS1":"15.36","secondsFromPit":"83","isOnPit":false,"isRaketa":false,"number":"3","pitstops":"0","kart":"0","lastPitMainTime":"0","totalOnTrack":"00:00:42","midLap":"0","pilots":[{"onTrack":"00:00:00","name":""}],"bestLapOnSegment":""},"5":{"pilotName":"Якусик Дмитро","lag":"0.05","timeFromLassPassing":"41067","endLap":false,"position":"4","lastPitTime":"00:00:00","transponderId":"8584138","teamName":"","lastLap":"","lastLapSec":"0","bestLap":"","segments":[{"pilotName":"","finishTime":"00:00:00","pilotId":"1","totalPilotTime":"00:00:42","neLength":"00:00:42","kart":"0","pitTime":""}],"lapCount":"0","lastLapS2":"","lastLapS1":"16.00","secondsFromPit":"83","isOnPit":false,"isRaketa":false,"number":"5","pitstops":"0","kart":"0","lastPitMainTime":"0","totalOnTrack":"00:00:42","midLap":"0","pilots":[{"onTrack":"00:00:00","name":""}],"bestLapOnSegment":""},"6":{"pilotName":"Булавінов Андрій","lag":"0","timeFromLassPassing":"42159","endLap":false,"position":"1","lastPitTime":"00:00:00","transponderId":"9661676","teamName":"","lastLap":"","lastLapSec":"0","bestLap":"","segments":[{"pilotName":"","finishTime":"00:00:00","pilotId":"1","totalPilotTime":"00:00:42","neLength":"00:00:42","kart":"0","pitTime":""}],"lapCount":"0","lastLapS2":"","lastLapS1":"16.97","secondsFromPit":"83","isOnPit":false,"isRaketa":false,"number":"6","pitstops":"0","kart":"0","lastPitMainTime":"0","totalOnTrack":"00:00:42","midLap":"0","pilots":[{"onTrack":"00:00:00","name":""}],"bestLapOnSegment":""},"9":{"pilotName":"Литвиненко Віктор","lag":"0.60","timeFromLassPassing":"40514","endLap":false,"position":"5","lastPitTime":"00:00:00","transponderId":"2807865","teamName":"","lastLap":"","lastLapSec":"0","bestLap":"","segments":[{"pilotName":"","finishTime":"00:00:00","pilotId":"1","totalPilotTime":"00:00:42","neLength":"00:00:42","kart":"0","pitTime":""}],"lapCount":"0","lastLapS2":"","lastLapS1":"16.34","secondsFromPit":"83","isOnPit":false,"isRaketa":false,"number":"9","pitstops":"0","kart":"0","lastPitMainTime":"0","totalOnTrack":"00:00:42","midLap":"0","pilots":[{"onTrack":"00:00:00","name":""}],"bestLapOnSegment":""},"11":{"pilotName":"Васильчук Назар","lag":"0.07","timeFromLassPassing":"42038","endLap":false,"position":"2","lastPitTime":"00:00:00","transponderId":"2758575","teamName":"","lastLap":"","lastLapSec":"0","bestLap":"","segments":[{"pilotName":"","finishTime":"00:00:00","pilotId":"1","totalPilotTime":"00:00:42","neLength":"00:00:42","kart":"0","pitTime":""}],"lapCount":"0","lastLapS2":"","lastLapS1":"17.70","secondsFromPit":"83","isOnPit":false,"isRaketa":false,"number":"11","pitstops":"0","kart":"0","lastPitMainTime":"0","totalOnTrack":"00:00:42","midLap":"0","pilots":[{"onTrack":"00:00:00","name":""}],"bestLapOnSegment":""},"13":{"pilotName":"Хавіло Дмитро","lag":"01.08","timeFromLassPassing":"41174","endLap":false,"position":"3","lastPitTime":"00:00:00","transponderId":"8441658","teamName":"","lastLap":"","lastLapSec":"0","bestLap":"","segments":[{"pilotName":"","finishTime":"00:00:00","pilotId":"1","totalPilotTime":"00:00:42","neLength":"00:00:42","kart":"0","pitTime":""}],"lapCount":"0","lastLapS2":"","lastLapS1":"16.18","secondsFromPit":"83","isOnPit":false,"isRaketa":false,"number":"13","pitstops":"0","kart":"0","lastPitMainTime":"0","totalOnTrack":"00:00:42","midLap":"0","pilots":[{"onTrack":"00:00:00","name":""}],"bestLapOnSegment":""}},"compTeamNameFirst":"Команда1","compDiffS2":"-0.0","compDiffS1":"+0.0"},"onBoard":{"karts_on_track":[],"position":"7","timeDiff":"+","firstpos_lag":"-02.690","lastLap":"","onTrack":"42.160","position_by_time":"1","sector_2_time":"","karts_on_pit":[],"second_pos_time":"","second_pos_name":"Васильчук Назар","sector_2_lag":"+0.0","timeLag":"+0.0","sector_1_lag":"+0.487","lapCount":"0","third_pos_time":"","third_pos_name":"Хавіло Дмитро","sector_1_time":"14.88","totalOnTrack":"00:00:42","prevpos_lag":"0","nextpos_lag":"-0.349","bestLapOnSegment":"","first_pos_time":"","first_pos_name":"Булавінов Андрій"}}