{"onTablo":{"compTeamSecondS2":"0.0","compTeamSecondS1":"0.0","secondPlaceLag":"01.310","teamsByTimestamp":[11,3,1,13,9,6,5],"bestLapRaceNameTeam":"","finish":true,"compTeamFirstLastLap":"0.0","raceStartedButtonTimestamp":1660765620,"bestLapRaceNumberTeam":"","raceFinishedTimestamp":1660765613,"compDiff":"-0.0","bestLapRaceNamePilot":"","compTeamSecondLastLap":"0.0","secondPlaceName":"Васильчук Назар","karts":[1,2,3,4,5,6,7,8,9,10,11,12,13,14,15,16,17,18,19,20,21,22,33,44,69],"compTeamFirstS2":"0.0","compTeamFirstS1":"0.0","compTeamNameSecond":"Команда2","totalRaceTime":"00:03:07","thirdPlaceName":"Лантушенко Ігор","secondPlaceNumber":"11","isRace":true,"firstPlaceNumber":"5","thirdPlaceNumber":"3","bestS2Race":"27.170","firstPlaceLag":"","bestS1Race":"13.012","compLag":"0.0","teams":[{"pilotName":"Якусик Дмитро","lag":"0","timeFromLassPassing":"18623","endLap":false,"position":"1","lastPitTime":"00:00:00","transponderId":"8584138","teamName":"","lastLap":"41.25","lastLapSec":"41","bestLap":"40.71","segments":[{"pilotName":"","finishTime":"00:00:00","pilotId":"1","totalPilotTime":"00:03:07","neLength":"00:03:07","kart":"0","pitTime":""}],"lapCount":"4","lastLapS2":"28.08","lastLapS1":"13.13","secondsFromPit":"228","isOnPit":false,"isRaketa":false,"number":"5","pitstops":"0","kart":"0","lastPitMainTime":"0","totalOnTrack":"00:03:07","midLap":"41.914","pilots":[{"onTrack":"00:00:00","name":""}],"bestLapOnSegment":"40.718"},{"pilotName":"Васильчук Назар","lag":"01.28","timeFromLassPassing":"17314","endLap":false,"position":"2","lastPitTime":"00:00:00","transponderId":"2758575","teamName":"","lastLap":"41.41","lastLapSec":"41","bestLap":"40.48","segments":[{"pilotName":"","finishTime":"00:00:00","pilotId":"1","totalPilotTime":"00:03:07","neLength":"00:03:07","kart":"0","pitTime":""}],"lapCount":"4","lastLapS2":"28.14","lastLapS1":"13.16","secondsFromPit":"228","isOnPit":false,"isRaketa":false,"number":"11","pitstops":"0","kart":"0","lastPitMainTime":"0","totalOnTrack":"00:03:07","midLap":"42.520","pilots":[{"onTrack":"00:00:00","name":""}],"bestLapOnSegment":"40.485"},{"pilotName":"Лантушенко Ігор","lag":"0.30","timeFromLassPassing":"16975","endLap":false,"position":"3","lastPitTime":"00:00:00","transponderId":"5885393","teamName":"","lastLap":"41.36","lastLapSec":"41","bestLap":"40.31","segments":[{"pilotName":"","finishTime":"00:00:00","pilotId":"1","totalPilotTime":"00:03:07","neLength":"00:03:07","kart":"0","pitTime":""}],"lapCount":"4","lastLapS2":"28.26","lastLapS1":"13.06","secondsFromPit":"228","isOnPit":false,"isRaketa":false,"number":"3","pitstops":"0","kart":"0","lastPitMainTime":"0","totalOnTrack":"00:03:07","midLap":"42.030","pilots":[{"onTrack":"00:00:00","name":""}],"bestLapOnSegment":"40.318"},{"pilotName":"Кравчонок Олександр","lag":"0.72","timeFromLassPassing":"16206","endLap":false,"position":"4","lastPitTime":"00:00:00","transponderId":"9739691","teamName":"","lastLap":"40.86","lastLapSec":"41","bestLap":"40.33","segments":[{"pilotName":"","finishTime":"00:00:00","pilotId":"1","totalPilotTime":"00:03:07","neLength":"00:03:07","kart":"0","pitTime":""}],"lapCount":"4","lastLapS2":"27.78","lastLapS1":"13.01","secondsFromPit":"228","isOnPit":false,"isRaketa":true,"number":"1","pitstops":"0","kart":"0","lastPitMainTime":"0","totalOnTrack":"00:03:07","midLap":"42.122","pilots":[{"onTrack":"00:00:00","name":""}],"bestLapOnSegment":"40.337"},{"pilotName":"Хавіло Дмитро","lag":"0.45","timeFromLassPassing":"15880","endLap":false,"position":"5","lastPitTime":"00:00:00","transponderId":"8441658","teamName":"","lastLap":"41.61","lastLapSec":"42","bestLap":"40.69","segments":[{"pilotName":"","finishTime":"00:00:00","pilotId":"1","totalPilotTime":"00:03:07","neLength":"00:03:07","kart":"0","pitTime":""}],"lapCount":"4","lastLapS2":"28.45","lastLapS1":"13.21","secondsFromPit":"228","isOnPit":false,"isRaketa":false,"number":"13","pitstops":"0","kart":"0","lastPitMainTime":"0","totalOnTrack":"00:03:07","midLap":"42.618","pilots":[{"onTrack":"00:00:00","name":""}],"bestLapOnSegment":"40.694"},{"pilotName":"Литвиненко Віктор","lag":"0.34","timeFromLassPassing":"15451","endLap":false,"position":"6","lastPitTime":"00:00:00","transponderId":"2807865","teamName":"","lastLap":"41.22","lastLapSec":"41","bestLap":"40.56","segments":[{"pilotName":"","finishTime":"00:00:00","pilotId":"1","totalPilotTime":"00:03:07","neLength":"00:03:07","kart":"0","pitTime":""}],"lapCount":"4","lastLapS2":"28.13","lastLapS1":"13.10","secondsFromPit":"228","isOnPit":false,"isRaketa":false,"number":"9","pitstops":"0","kart":"0","lastPitMainTime":"0","totalOnTrack":"00:03:07","midLap":"42.538","pilots":[{"onTrack":"00:00:00","name":""}],"bestLapOnSegment":"40.561"},{"pilotName":"Булавінов Андрій","lag":"01.45","timeFromLassPassing":"14020","endLap":false,"position":"7","lastPitTime":"00:00:00","transponderId":"9661676","teamName":"","lastLap":"41.08","lastLapSec":"41","bestLap":"41.08","segments":[{"pilotName":"","finishTime":"00:00:00","pilotId":"1","totalPilotTime":"00:03:07","neLength":"00:03:07","kart":"0","pitTime":""}],"lapCount":"4","lastLapS2":"27.76","lastLapS1":"13.55","secondsFromPit":"228","isOnPit":false,"isRaketa":false,"number":"6","pitstops":"0","kart":"0","lastPitMainTime":"0","totalOnTrack":"00:03:07","midLap":"43.358","pilots":[{"onTrack":"00:00:00","name":""}],"bestLapOnSegment":"41.083"}],"thirdPlaceLag":"0.200","firstPlaceName":"Якусик Дмитро","bestLapRace":"40.318","teams2":{"1":{"pilotName":"Кравчонок Олександр","lag":"0.72","timeFromLassPassing":"16206","endLap":false,"position":"4","lastPitTime":"00:00:00","transponderId":"9739691","teamName":"","lastLap":"40.86","lastLapSec":"41","bestLap":"40.33","segments":[{"pilotName":"","finishTime":"00:00:00","pilotId":"1","totalPilotTime":"00:03:07","neLength":"00:03:07","kart":"0","pitTime":""}],"lapCount":"4","lastLapS2":"27.78","lastLapS1":"13.01","secondsFromPit":"228","isOnPit":false,"isRaketa":true,"number":"1","pitstops":"0","kart":"0","lastPitMainTime":"0","totalOnTrack":"00:03:07","midLap":"42.122","pilots":[{"onTrack":"00:00:00","name":""}],"bestLapOnSegment":"40.337"},"3":{"pilotName":"Лантушенко Ігор","lag":"0.30","timeFromLassPassing":"16975","endLap":false,"position":"3","lastPitTime":"00:00:00","transponderId":"5885393","teamName":"","lastLap":"41.36","lastLapSec":"41","bestLap":"40.31","segments":[{"pilotName":"","finishTime":"00:00:00","pilotId":"1","totalPilotTime":"00:03:07","neLength":"00:03:07","kart":"0","pitTime":""}],"lapCount":"4","lastLapS2":"28.26","lastLapS1":"13.06","secondsFromPit":"228","isOnPit":false,"isRaketa":false,"number":"3","pitstops":"0","kart":"0","lastPitMainTime":"0","totalOnTrack":"00:03:07","midLap":"42.030","pilots":[{"onTrack":"00:00:00","name":""}],"bestLapOnSegment":"40.318"},"5":{"pilotName":"Якусик Дмитро","lag":"0","timeFromLassPassing":"18623","endLap":false,"position":"1","lastPitTime":"00:00:00","transponderId":"8584138","teamName":"","lastLap":"41.25","lastLapSec":"41","bestLap":"40.71","segments":[{"pilotName":"","finishTime":"00:00:00","pilotId":"1","totalPilotTime":"00:03:07","neLength":"00:03:07","kart":"0","pitTime":""}],"lapCount":"4","lastLapS2":"28.08","lastLapS1":"13.13","secondsFromPit":"228","isOnPit":false,"isRaketa":false,"number":"5","pitstops":"0","kart":"0","lastPitMainTime":"0","totalOnTrack":"00:03:07","midLap":"41.914","pilots":[{"onTrack":"00:00:00","name":""}],"bestLapOnSegment":"40.718"},"6":{"pilotName":"Булавінов Андрій","lag":"01.45","timeFromLassPassing":"14020","endLap":false,"position":"7","lastPitTime":"00:00:00","transponderId":"9661676","teamName":"","lastLap":"41.08","lastLapSec":"41","bestLap":"41.08","segments":[{"pilotName":"","finishTime":"00:00:00","pilotId":"1","totalPilotTime":"00:03:07","neLength":"00:03:07","kart":"0","pitTime":""}],"lapCount":"4","lastLapS2":"27.76","lastLapS1":"13.55","secondsFromPit":"228","isOnPit":false,"isRaketa":false,"number":"6","pitstops":"0","kart":"0","lastPitMainTime":"0","totalOnTrack":"00:03:07","midLap":"43.358","pilots":[{"onTrack":"00:00:00","name":""}],"bestLapOnSegment":"41.083"},"9":{"pilotName":"Литвиненко Віктор","lag":"0.34","timeFromLassPassing":"15451","endLap":false,"position":"6","lastPitTime":"00:00:00","transponderId":"2807865","teamName":"","lastLap":"41.22","lastLapSec":"41","bestLap":"40.56","segments":[{"pilotName":"","finishTime":"00:00:00","pilotId":"1","totalPilotTime":"00:03:07","neLength":"00:03:07","kart":"0","pitTime":""}],"lapCount":"4","lastLapS2":"28.13","lastLapS1":"13.10","secondsFromPit":"228","isOnPit":false,"isRaketa":false,"number":"9","pitstops":"0","kart":"0","lastPitMainTime":"0","totalOnTrack":"00:03:07","midLap":"42.538","pilots":[{"onTrack":"00:00:00","name":""}],"bestLapOnSegment":"40.561"},"11":{"pilotName":"Васильчук Назар","lag":"01.28","timeFromLassPassing":"17314","endLap":false,"position":"2","lastPitTime":"00:00:00","transponderId":"2758575","teamName":"","lastLap":"41.41","lastLapSec":"41","bestLap":"40.48","segments":[{"pilotName":"","finishTime":"00:00:00","pilotId":"1","totalPilotTime":"00:03:07","neLength":"00:03:07","kart":"0","pitTime":""}],"lapCount":"4","lastLapS2":"28.14","lastLapS1":"13.16","secondsFromPit":"228","isOnPit":false,"isRaketa":false,"number":"11","pitstops":"0","kart":"0","lastPitMainTime":"0","totalOnTrack":"00:03:07","midLap":"42.520","pilots":[{"onTrack":"00:00:00","name":""}],"bestLapOnSegment":"40.485"},"13":{"pilotName":"Хавіло Дмитро","lag":"0.45","timeFromLassPassing":"15880","endLap":false,"position":"5","lastPitTime":"00:00:00","transponderId":"8441658","teamName":"","lastLap":"41.61","lastLapSec":"42","bestLap":"40.69","segments":[{"pilotName":"","finishTime":"00:00:00","pilotId":"1","totalPilotTime":"00:03:07","neLength":"00:03:07","kart":"0","pitTime":""}],"lapCount":"4","lastLapS2":"28.45","lastLapS1":"13.21","secondsFromPit":"228","isOnPit":false,"isRaketa":false,"number":"13","pitstops":"0","kart":"0","lastPitMainTime":"0","totalOnTrack":"00:03:07","midLap":"42.618","pilots":[{"onTrack":"00:00:00","name":""}],"bestLapOnSegment":"40.694"}},"compTeamNameFirst":"Команда1","compDiffS2":"-0.0","compDiffS1":"+0.0"},"onBoard":{"karts_on_track":[],"position":"4","timeDiff":"-0.527","firstpos_lag":"-02.303","lastLap":"40.864","onTrack":"03:07.345","position_by_time":"2","sector_2_time":"27.78","karts_on_pit":[],"second_pos_time":"40.485","second_pos_name":"Васильчук Назар","sector_2_lag":"-0.616","timeLag":"+0.219","sector_1_lag":"+0.052","lapCount":"4","third_pos_time":"40.318","third_pos_name":"Лантушенко Ігор","sector_1_time":"13.01","totalOnTrack":"00:03:07","prevpos_lag":"+0.458","nextpos_lag":"-0.720","bestLapOnSegment":"40.337","first_pos_time":"40.718","first_pos_name":"Якусик Дмитро"}}