{"onTablo":{"compTeamSecondS2":"0.0","compTeamSecondS1":"0.0","secondPlaceLag":"0.158","teamsByTimestamp":[1,3,11,13,9,5,6],"bestLapRaceNameTeam":"","finish":true,"compTeamFirstLastLap":"0.0","raceStartedButtonTimestamp":1660765620,"bestLapRaceNumberTeam":"","raceFinishedTimestamp":1660765613,"compDiff":"-0.0","bestLapRaceNamePilot":"","compTeamSecondLastLap":"0.0","secondPlaceName":"Кравчонок Олександр","karts":[1,2,3,4,5,6,7,8,9,10,11,12,13,14,15,16,17,18,19,20,21,22,33,44,69],"compTeamFirstS2":"0.0","compTeamFirstS1":"0.0","compTeamNameSecond":"Команда2","totalRaceTime":"00:06:30","thirdPlaceName":"Лантушенко Ігор","secondPlaceNumber":"1","isRace":true,"firstPlaceNumber":"5","thirdPlaceNumber":"3","bestS2Race":"26.875","firstPlaceLag":"","bestS1Race":"13.012","compLag":"0.0","teams":[{"pilotName":"Якусик Дмитро","lag":"0","timeFromLassPassing":"18369","endLap":false,"position":"1","lastPitTime":"00:00:00","transponderId":"8584138","teamName":"","lastLap":"40.41","lastLapSec":"40","bestLap":"40.41","segments":[{"pilotName":"","finishTime":"00:00:00","pilotId":"1","totalPilotTime":"00:06:30","neLength":"00:06:30","kart":"0","pitTime":""}],"lapCount":"9","lastLapS2":"27.27","lastLapS1":"13.13","secondsFromPit":"431","isOnPit":false,"isRaketa":false,"number":"5","pitstops":"0","kart":"0","lastPitMainTime":"0","totalOnTrack":"00:06:30","midLap":"41.205","pilots":[{"onTrack":"00:00:00","name":""}],"bestLapOnSegment":"40.418"},{"pilotName":"Кравчонок Олександр","lag":"0.23","timeFromLassPassing":"18047","endLap":false,"position":"2","lastPitTime":"00:00:00","transponderId":"9739691","teamName":"","lastLap":"39.89","lastLapSec":"40","bestLap":"39.89","segments":[{"pilotName":"","finishTime":"00:00:00","pilotId":"1","totalPilotTime":"00:06:30","neLength":"00:06:30","kart":"0","pitTime":""}],"lapCount":"9","lastLapS2":"26.87","lastLapS1":"13.05","secondsFromPit":"431","isOnPit":false,"isRaketa":true,"number":"1","pitstops":"0","kart":"0","lastPitMainTime":"0","totalOnTrack":"00:06:30","midLap":"41.067","pilots":[{"onTrack":"00:00:00","name":""}],"bestLapOnSegment":"39.895"},{"pilotName":"Лантушенко Ігор","lag":"01.25","timeFromLassPassing":"16722","endLap":false,"position":"3","lastPitTime":"00:00:00","transponderId":"5885393","teamName":"","lastLap":"40.14","lastLapSec":"40","bestLap":"40.14","segments":[{"pilotName":"","finishTime":"00:00:00","pilotId":"1","totalPilotTime":"00:06:30","neLength":"00:06:30","kart":"0","pitTime":""}],"lapCount":"9","lastLapS2":"27.07","lastLapS1":"13.04","secondsFromPit":"431","isOnPit":false,"isRaketa":false,"number":"3","pitstops":"0","kart":"0","lastPitMainTime":"0","totalOnTrack":"00:06:30","midLap":"41.245","pilots":[{"onTrack":"00:00:00","name":""}],"bestLapOnSegment":"40.141"},{"pilotName":"Васильчук Назар","lag":"02.89","timeFromLassPassing":"13890","endLap":false,"position":"4","lastPitTime":"00:00:00","transponderId":"2758575","teamName":"","lastLap":"40.86","lastLapSec":"41","bestLap":"40.39","segments":[{"pilotName":"","finishTime":"00:00:00","pilotId":"1","totalPilotTime":"00:06:30","neLength":"00:06:30","kart":"0","pitTime":""}],"lapCount":"9","lastLapS2":"27.49","lastLapS1":"13.20","secondsFromPit":"431","isOnPit":false,"isRaketa":false,"number":"11","pitstops":"0","kart":"0","lastPitMainTime":"0","totalOnTrack":"00:06:30","midLap":"41.819","pilots":[{"onTrack":"00:00:00","name":""}],"bestLapOnSegment":"40.398"},{"pilotName":"Хавіло Дмитро","lag":"0.51","timeFromLassPassing":"13335","endLap":false,"position":"5","lastPitTime":"00:00:00","transponderId":"8441658","teamName":"","lastLap":"41.17","lastLapSec":"41","bestLap":"40.40","segments":[{"pilotName":"","finishTime":"00:00:00","pilotId":"1","totalPilotTime":"00:06:30","neLength":"00:06:30","kart":"0","pitTime":""}],"lapCount":"9","lastLapS2":"27.84","lastLapS1":"13.15","secondsFromPit":"431","isOnPit":false,"isRaketa":false,"number":"13","pitstops":"0","kart":"0","lastPitMainTime":"0","totalOnTrack":"00:06:30","midLap":"41.755","pilots":[{"onTrack":"00:00:00","name":""}],"bestLapOnSegment":"40.400"},{"pilotName":"Литвиненко Віктор","lag":"0.21","timeFromLassPassing":"13120","endLap":false,"position":"6","lastPitTime":"00:00:00","transponderId":"2807865","teamName":"","lastLap":"41.15","lastLapSec":"41","bestLap":"40.43","segments":[{"pilotName":"","finishTime":"00:00:00","pilotId":"1","totalPilotTime":"00:06:30","neLength":"00:06:30","kart":"0","pitTime":""}],"lapCount":"9","lastLapS2":"27.82","lastLapS1":"13.17","secondsFromPit":"431","isOnPit":false,"isRaketa":false,"number":"9","pitstops":"0","kart":"0","lastPitMainTime":"0","totalOnTrack":"00:06:30","midLap":"41.705","pilots":[{"onTrack":"00:00:00","name":""}],"bestLapOnSegment":"40.439"},{"pilotName":"Булавінов Андрій","lag":"01.60","timeFromLassPassing":"11582","endLap":false,"position":"7","lastPitTime":"00:00:00","transponderId":"9661676","teamName":"","lastLap":"40.94","lastLapSec":"41","bestLap":"40.83","segments":[{"pilotName":"","finishTime":"00:00:00","pilotId":"1","totalPilotTime":"00:06:30","neLength":"00:06:30","kart":"0","pitTime":""}],"lapCount":"9","lastLapS2":"27.58","lastLapS1":"13.36","secondsFromPit":"431","isOnPit":false,"isRaketa":false,"number":"6","pitstops":"0","kart":"0","lastPitMainTime":"0","totalOnTrack":"00:06:30","midLap":"42.087","pilots":[{"onTrack":"00:00:00","name":""}],"bestLapOnSegment":"40.837"}],"thirdPlaceLag":"01.236","firstPlaceName":"Якусик Дмитро","bestLapRace":"39.895","teams2":{"1":{"pilotName":"Кравчонок Олександр","lag":"0.23","timeFromLassPassing":"18047","endLap":false,"position":"2","lastPitTime":"00:00:00","transponderId":"9739691","teamName":"","lastLap":"39.89","lastLapSec":"40","bestLap":"39.89","segments":[{"pilotName":"","finishTime":"00:00:00","pilotId":"1","totalPilotTime":"00:06:30","neLength":"00:06:30","kart":"0","pitTime":""}],"lapCount":"9","lastLapS2":"26.87","lastLapS1":"13.05","secondsFromPit":"431","isOnPit":false,"isRaketa":true,"number":"1","pitstops":"0","kart":"0","lastPitMainTime":"0","totalOnTrack":"00:06:30","midLap":"41.067","pilots":[{"onTrack":"00:00:00","name":""}],"bestLapOnSegment":"39.895"},"3":{"pilotName":"Лантушенко Ігор","lag":"01.25","timeFromLassPassing":"16722","endLap":false,"position":"3","lastPitTime":"00:00:00","transponderId":"5885393","teamName":"","lastLap":"40.14","lastLapSec":"40","bestLap":"40.14","segments":[{"pilotName":"","finishTime":"00:00:00","pilotId":"1","totalPilotTime":"00:06:30","neLength":"00:06:30","kart":"0","pitTime":""}],"lapCount":"9","lastLapS2":"27.07","lastLapS1":"13.04","secondsFromPit":"431","isOnPit":false,"isRaketa":false,"number":"3","pitstops":"0","kart":"0","lastPitMainTime":"0","totalOnTrack":"00:06:30","midLap":"41.245","pilots":[{"onTrack":"00:00:00","name":""}],"bestLapOnSegment":"40.141"},"5":{"pilotName":"Якусик Дмитро","lag":"0","timeFromLassPassing":"18369","endLap":false,"position":"1","lastPitTime":"00:00:00","transponderId":"8584138","teamName":"","lastLap":"40.41","lastLapSec":"40","bestLap":"40.41","segments":[{"pilotName":"","finishTime":"00:00:00","pilotId":"1","totalPilotTime":"00:06:30","neLength":"00:06:30","kart":"0","pitTime":""}],"lapCount":"9","lastLapS2":"27.27","lastLapS1":"13.13","secondsFromPit":"431","isOnPit":false,"isRaketa":false,"number":"5","pitstops":"0","kart":"0","lastPitMainTime":"0","totalOnTrack":"00:06:30","midLap":"41.205","pilots":[{"onTrack":"00:00:00","name":""}],"bestLapOnSegment":"40.418"},"6":{"pilotName":"Булавінов Андрій","lag":"01.60","timeFromLassPassing":"11582","endLap":false,"position":"7","lastPitTime":"00:00:00","transponderId":"9661676","teamName":"","lastLap":"40.94","lastLapSec":"41","bestLap":"40.83","segments":[{"pilotName":"","finishTime":"00:00:00","pilotId":"1","totalPilotTime":"00:06:30","neLength":"00:06:30","kart":"0","pitTime":""}],"lapCount":"9","lastLapS2":"27.58","lastLapS1":"13.36","secondsFromPit":"431","isOnPit":false,"isRaketa":false,"number":"6","pitstops":"0","kart":"0","lastPitMainTime":"0","totalOnTrack":"00:06:30","midLap":"42.087","pilots":[{"onTrack":"00:00:00","name":""}],"bestLapOnSegment":"40.837"},"9":{"pilotName":"Литвиненко Віктор","lag":"0.21","timeFromLassPassing":"13120","endLap":false,"position":"6","lastPitTime":"00:00:00","transponderId":"2807865","teamName":"","lastLap":"41.15","lastLapSec":"41","bestLap":"40.43","segments":[{"pilotName":"","finishTime":"00:00:00","pilotId":"1","totalPilotTime":"00:06:30","neLength":"00:06:30","kart":"0","pitTime":""}],"lapCount":"9","lastLapS2":"27.82","lastLapS1":"13.17","secondsFromPit":"431","isOnPit":false,"isRaketa":false,"number":"9","pitstops":"0","kart":"0","lastPitMainTime":"0","totalOnTrack":"00:06:30","midLap":"41.705","pilots":[{"onTrack":"00:00:00","name":""}],"bestLapOnSegment":"40.439"},"11":{"pilotName":"Васильчук Назар","lag":"02.89","timeFromLassPassing":"13890","endLap":false,"position":"4","lastPitTime":"00:00:00","transponderId":"2758575","teamName":"","lastLap":"40.86","lastLapSec":"41","bestLap":"40.39","segments":[{"pilotName":"","finishTime":"00:00:00","pilotId":"1","totalPilotTime":"00:06:30","neLength":"00:06:30","kart":"0","pitTime":""}],"lapCount":"9","lastLapS2":"27.49","lastLapS1":"13.20","secondsFromPit":"431","isOnPit":false,"isRaketa":false,"number":"11","pitstops":"0","kart":"0","lastPitMainTime":"0","totalOnTrack":"00:06:30","midLap":"41.819","pilots":[{"onTrack":"00:00:00","name":""}],"bestLapOnSegment":"40.398"},"13":{"pilotName":"Хавіло Дмитро","lag":"0.51","timeFromLassPassing":"13335","endLap":false,"position":"5","lastPitTime":"00:00:00","transponderId":"8441658","teamName":"","lastLap":"41.17","lastLapSec":"41","bestLap":"40.40","segments":[{"pilotName":"","finishTime":"00:00:00","pilotId":"1","totalPilotTime":"00:06:30","neLength":"00:06:30","kart":"0","pitTime":""}],"lapCount":"9","lastLapS2":"27.84","lastLapS1":"13.15","secondsFromPit":"431","isOnPit":false,"isRaketa":false,"number":"13","pitstops":"0","kart":"0","lastPitMainTime":"0","totalOnTrack":"00:06:30","midLap":"41.755","pilots":[{"onTrack":"00:00:00","name":""}],"bestLapOnSegment":"40.400"}},"compTeamNameFirst":"Команда1","compDiffS2":"-0.0","compDiffS1":"+0.0"},"onBoard":{"karts_on_track":[],"position":"2","timeDiff":"+0.121","firstpos_lag":"-0.232","lastLap":"39.895","onTrack":"06:30.251","position_by_time":"1","sector_2_time":"26.87","karts_on_pit":[],"second_pos_time":"39.895","second_pos_name":"Кравчонок Олександр","sector_2_lag":"+0.198","timeLag":"+0.246","sector_1_lag":"-0.045","lapCount":"9","third_pos_time":"40.141","third_pos_name":"Лантушенко Ігор","sector_1_time":"13.05","totalOnTrack":"00:06:30","prevpos_lag":"+01.252","nextpos_lag":"-0.232","bestLapOnSegment":"39.895","first_pos_time":"40.418","first_pos_name":"Якусик Дмитро"}}