{"onTablo":{"compTeamSecondS2":"0.0","compTeamSecondS1":"0.0","secondPlaceLag":"05.734","teamsByTimestamp":[2,1,3,13,4,6,5,8,9],"bestLapRaceNameTeam":"","finish":false,"compTeamFirstLastLap":"0.0","raceStartedButtonTimestamp":1660766222,"bestLapRaceNumberTeam":"","raceFinishedTimestamp":1660766810,"compDiff":"-0.0","bestLapRaceNamePilot":"","compTeamSecondLastLap":"0.0","secondPlaceName":"Родін Артем","karts":[1,2,3,4,5,6,7,8,9,10,11,12,13,14,15,16,17,18,19,20,21,22,33,44,69],"compTeamFirstS2":"0.0","compTeamFirstS1":"0.0","compTeamNameSecond":"Команда2","totalRaceTime":"00:07:23","thirdPlaceName":"Міфтахутдінов Ільяс","secondPlaceNumber":"2","isRace":true,"firstPlaceNumber":"5","thirdPlaceNumber":"1","bestS2Race":"26.704","firstPlaceLag":"","bestS1Race":"12.991","compLag":"0.0","teams":[{"pilotName":"Шиленко Олександр","lag":"0","timeFromLassPassing":"31272","endLap":false,"position":"1","lastPitTime":"00:00:00","transponderId":"8584138","teamName":"","lastLap":"40.10","lastLapSec":"40","bestLap":"40.10","segments":[{"pilotName":"","finishTime":"00:00:00","pilotId":"1","totalPilotTime":"00:07:23","neLength":"00:07:23","kart":"0","pitTime":""}],"lapCount":"10","lastLapS2":"27.11","lastLapS1":"12.99","secondsFromPit":"587","isOnPit":false,"isRaketa":true,"number":"5","pitstops":"0","kart":"0","lastPitMainTime":"0","totalOnTrack":"00:07:23","midLap":"40.981","pilots":[{"onTrack":"00:00:00","name":""}],"bestLapOnSegment":"40.101"},{"pilotName":"Родін Артем","lag":"05.73","timeFromLassPassing":"25369","endLap":false,"position":"2","lastPitTime":"00:00:00","transponderId":"8583082","teamName":"","lastLap":"41.87","lastLapSec":"42","bestLap":"40.83","segments":[{"pilotName":"","finishTime":"00:00:00","pilotId":"1","totalPilotTime":"00:07:23","neLength":"00:07:23","kart":"0","pitTime":""}],"lapCount":"10","lastLapS2":"28.49","lastLapS1":"13.38","secondsFromPit":"587","isOnPit":false,"isRaketa":false,"number":"2","pitstops":"0","kart":"0","lastPitMainTime":"0","totalOnTrack":"00:07:23","midLap":"41.785","pilots":[{"onTrack":"00:00:00","name":""}],"bestLapOnSegment":"40.831"},{"pilotName":"Міфтахутдінов Ільяс","lag":"0.23","timeFromLassPassing":"25188","endLap":false,"position":"3","lastPitTime":"00:00:00","transponderId":"9739691","teamName":"","lastLap":"41.67","lastLapSec":"42","bestLap":"39.70","segments":[{"pilotName":"","finishTime":"00:00:00","pilotId":"1","totalPilotTime":"00:07:23","neLength":"00:07:23","kart":"0","pitTime":""}],"lapCount":"10","lastLapS2":"28.63","lastLapS1":"13.04","secondsFromPit":"587","isOnPit":false,"isRaketa":false,"number":"1","pitstops":"0","kart":"0","lastPitMainTime":"0","totalOnTrack":"00:07:23","midLap":"41.510","pilots":[{"onTrack":"00:00:00","name":""}],"bestLapOnSegment":"39.704"},{"pilotName":"Маніло Денис","lag":"01.49","timeFromLassPassing":"23621","endLap":false,"position":"4","lastPitTime":"00:00:00","transponderId":"5885393","teamName":"","lastLap":"40.36","lastLapSec":"40","bestLap":"40.33","segments":[{"pilotName":"","finishTime":"00:00:00","pilotId":"1","totalPilotTime":"00:07:23","neLength":"00:07:23","kart":"0","pitTime":""}],"lapCount":"10","lastLapS2":"27.12","lastLapS1":"13.24","secondsFromPit":"587","isOnPit":false,"isRaketa":false,"number":"3","pitstops":"0","kart":"0","lastPitMainTime":"0","totalOnTrack":"00:07:23","midLap":"41.649","pilots":[{"onTrack":"00:00:00","name":""}],"bestLapOnSegment":"40.337"},{"pilotName":"Ткаченко Кирило","lag":"0.99","timeFromLassPassing":"22741","endLap":false,"position":"5","lastPitTime":"00:00:00","transponderId":"8441658","teamName":"","lastLap":"40.15","lastLapSec":"40","bestLap":"40.15","segments":[{"pilotName":"","finishTime":"00:00:00","pilotId":"1","totalPilotTime":"00:07:23","neLength":"00:07:23","kart":"0","pitTime":""}],"lapCount":"10","lastLapS2":"27.07","lastLapS1":"13.07","secondsFromPit":"587","isOnPit":false,"isRaketa":false,"number":"13","pitstops":"0","kart":"0","lastPitMainTime":"0","totalOnTrack":"00:07:23","midLap":"41.884","pilots":[{"onTrack":"00:00:00","name":""}],"bestLapOnSegment":"40.155"},{"pilotName":"Дорохін Антон","lag":"0.87","timeFromLassPassing":"21972","endLap":false,"position":"6","lastPitTime":"00:00:00","transponderId":"8431733","teamName":"","lastLap":"40.47","lastLapSec":"40","bestLap":"40.25","segments":[{"pilotName":"","finishTime":"00:00:00","pilotId":"1","totalPilotTime":"00:07:23","neLength":"00:07:23","kart":"0","pitTime":""}],"lapCount":"10","lastLapS2":"27.28","lastLapS1":"13.18","secondsFromPit":"587","isOnPit":false,"isRaketa":false,"number":"4","pitstops":"0","kart":"0","lastPitMainTime":"0","totalOnTrack":"00:07:23","midLap":"42.118","pilots":[{"onTrack":"00:00:00","name":""}],"bestLapOnSegment":"40.253"},{"pilotName":"Вінтонів Іван","lag":"01.13","timeFromLassPassing":"20779","endLap":false,"position":"7","lastPitTime":"00:00:00","transponderId":"9661676","teamName":"","lastLap":"40.81","lastLapSec":"41","bestLap":"40.64","segments":[{"pilotName":"","finishTime":"00:00:00","pilotId":"1","totalPilotTime":"00:07:23","neLength":"00:07:23","kart":"0","pitTime":""}],"lapCount":"10","lastLapS2":"27.61","lastLapS1":"13.20","secondsFromPit":"587","isOnPit":false,"isRaketa":false,"number":"6","pitstops":"0","kart":"0","lastPitMainTime":"0","totalOnTrack":"00:07:23","midLap":"42.131","pilots":[{"onTrack":"00:00:00","name":""}],"bestLapOnSegment":"40.643"},{"pilotName":"Лихошерст Олексій","lag":"7L+","timeFromLassPassing":"356221","endLap":false,"position":"8","lastPitTime":"00:00:00","transponderId":"2807865","teamName":"","lastLap":"41.17","lastLapSec":"41","bestLap":"41.17","segments":[{"pilotName":"","finishTime":"00:00:00","pilotId":"1","totalPilotTime":"00:07:23","neLength":"00:07:23","kart":"0","pitTime":""}],"lapCount":"2","lastLapS2":"27.97","lastLapS1":"13.20","secondsFromPit":"587","isOnPit":false,"isRaketa":false,"number":"9","pitstops":"0","kart":"0","lastPitMainTime":"0","totalOnTrack":"00:07:23","midLap":"42.184","pilots":[{"onTrack":"00:00:00","name":""}],"bestLapOnSegment":"41.179"},{"pilotName":"Карт 8","lag":"05:52.14","timeFromLassPassing":"4024","endLap":false,"position":"9","lastPitTime":"00:00:00","transponderId":"5901907","teamName":"","lastLap":"41.27","lastLapSec":"41","bestLap":"41.27","segments":[{"pilotName":"","finishTime":"00:00:00","pilotId":"1","totalPilotTime":"00:07:23","neLength":"00:07:23","kart":"0","pitTime":""}],"lapCount":"2","lastLapS2":"27.78","lastLapS1":"13.49","secondsFromPit":"587","isOnPit":false,"isRaketa":false,"number":"8","pitstops":"0","kart":"0","lastPitMainTime":"0","totalOnTrack":"00:07:23","midLap":"41.544","pilots":[{"onTrack":"00:00:00","name":""}],"bestLapOnSegment":"41.277"}],"thirdPlaceLag":"0.237","firstPlaceName":"Шиленко Олександр","bestLapRace":"39.704","teams2":{"1":{"pilotName":"Міфтахутдінов Ільяс","lag":"0.23","timeFromLassPassing":"25188","endLap":false,"position":"3","lastPitTime":"00:00:00","transponderId":"9739691","teamName":"","lastLap":"41.67","lastLapSec":"42","bestLap":"39.70","segments":[{"pilotName":"","finishTime":"00:00:00","pilotId":"1","totalPilotTime":"00:07:23","neLength":"00:07:23","kart":"0","pitTime":""}],"lapCount":"10","lastLapS2":"28.63","lastLapS1":"13.04","secondsFromPit":"587","isOnPit":false,"isRaketa":false,"number":"1","pitstops":"0","kart":"0","lastPitMainTime":"0","totalOnTrack":"00:07:23","midLap":"41.510","pilots":[{"onTrack":"00:00:00","name":""}],"bestLapOnSegment":"39.704"},"2":{"pilotName":"Родін Артем","lag":"05.73","timeFromLassPassing":"25369","endLap":false,"position":"2","lastPitTime":"00:00:00","transponderId":"8583082","teamName":"","lastLap":"41.87","lastLapSec":"42","bestLap":"40.83","segments":[{"pilotName":"","finishTime":"00:00:00","pilotId":"1","totalPilotTime":"00:07:23","neLength":"00:07:23","kart":"0","pitTime":""}],"lapCount":"10","lastLapS2":"28.49","lastLapS1":"13.38","secondsFromPit":"587","isOnPit":false,"isRaketa":false,"number":"2","pitstops":"0","kart":"0","lastPitMainTime":"0","totalOnTrack":"00:07:23","midLap":"41.785","pilots":[{"onTrack":"00:00:00","name":""}],"bestLapOnSegment":"40.831"},"3":{"pilotName":"Маніло Денис","lag":"01.49","timeFromLassPassing":"23621","endLap":false,"position":"4","lastPitTime":"00:00:00","transponderId":"5885393","teamName":"","lastLap":"40.36","lastLapSec":"40","bestLap":"40.33","segments":[{"pilotName":"","finishTime":"00:00:00","pilotId":"1","totalPilotTime":"00:07:23","neLength":"00:07:23","kart":"0","pitTime":""}],"lapCount":"10","lastLapS2":"27.12","lastLapS1":"13.24","secondsFromPit":"587","isOnPit":false,"isRaketa":false,"number":"3","pitstops":"0","kart":"0","lastPitMainTime":"0","totalOnTrack":"00:07:23","midLap":"41.649","pilots":[{"onTrack":"00:00:00","name":""}],"bestLapOnSegment":"40.337"},"4":{"pilotName":"Дорохін Антон","lag":"0.87","timeFromLassPassing":"21972","endLap":false,"position":"6","lastPitTime":"00:00:00","transponderId":"8431733","teamName":"","lastLap":"40.47","lastLapSec":"40","bestLap":"40.25","segments":[{"pilotName":"","finishTime":"00:00:00","pilotId":"1","totalPilotTime":"00:07:23","neLength":"00:07:23","kart":"0","pitTime":""}],"lapCount":"10","lastLapS2":"27.28","lastLapS1":"13.18","secondsFromPit":"587","isOnPit":false,"isRaketa":false,"number":"4","pitstops":"0","kart":"0","lastPitMainTime":"0","totalOnTrack":"00:07:23","midLap":"42.118","pilots":[{"onTrack":"00:00:00","name":""}],"bestLapOnSegment":"40.253"},"5":{"pilotName":"Шиленко Олександр","lag":"0","timeFromLassPassing":"31272","endLap":false,"position":"1","lastPitTime":"00:00:00","transponderId":"8584138","teamName":"","lastLap":"40.10","lastLapSec":"40","bestLap":"40.10","segments":[{"pilotName":"","finishTime":"00:00:00","pilotId":"1","totalPilotTime":"00:07:23","neLength":"00:07:23","kart":"0","pitTime":""}],"lapCount":"10","lastLapS2":"27.11","lastLapS1":"12.99","secondsFromPit":"587","isOnPit":false,"isRaketa":true,"number":"5","pitstops":"0","kart":"0","lastPitMainTime":"0","totalOnTrack":"00:07:23","midLap":"40.981","pilots":[{"onTrack":"00:00:00","name":""}],"bestLapOnSegment":"40.101"},"6":{"pilotName":"Вінтонів Іван","lag":"01.13","timeFromLassPassing":"20779","endLap":false,"position":"7","lastPitTime":"00:00:00","transponderId":"9661676","teamName":"","lastLap":"40.81","lastLapSec":"41","bestLap":"40.64","segments":[{"pilotName":"","finishTime":"00:00:00","pilotId":"1","totalPilotTime":"00:07:23","neLength":"00:07:23","kart":"0","pitTime":""}],"lapCount":"10","lastLapS2":"27.61","lastLapS1":"13.20","secondsFromPit":"587","isOnPit":false,"isRaketa":false,"number":"6","pitstops":"0","kart":"0","lastPitMainTime":"0","totalOnTrack":"00:07:23","midLap":"42.131","pilots":[{"onTrack":"00:00:00","name":""}],"bestLapOnSegment":"40.643"},"8":{"pilotName":"Карт 8","lag":"05:52.14","timeFromLassPassing":"4024","endLap":false,"position":"9","lastPitTime":"00:00:00","transponderId":"5901907","teamName":"","lastLap":"41.27","lastLapSec":"41","bestLap":"41.27","segments":[{"pilotName":"","finishTime":"00:00:00","pilotId":"1","totalPilotTime":"00:07:23","neLength":"00:07:23","kart":"0","pitTime":""}],"lapCount":"2","lastLapS2":"27.78","lastLapS1":"13.49","secondsFromPit":"587","isOnPit":false,"isRaketa":false,"number":"8","pitstops":"0","kart":"0","lastPitMainTime":"0","totalOnTrack":"00:07:23","midLap":"41.544","pilots":[{"onTrack":"00:00:00","name":""}],"bestLapOnSegment":"41.277"},"9":{"pilotName":"Лихошерст Олексій","lag":"7L+","timeFromLassPassing":"356221","endLap":false,"position":"8","lastPitTime":"00:00:00","transponderId":"2807865","teamName":"","lastLap":"41.17","lastLapSec":"41","bestLap":"41.17","segments":[{"pilotName":"","finishTime":"00:00:00","pilotId":"1","totalPilotTime":"00:07:23","neLength":"00:07:23","kart":"0","pitTime":""}],"lapCount":"2","lastLapS2":"27.97","lastLapS1":"13.20","secondsFromPit":"587","isOnPit":false,"isRaketa":false,"number":"9","pitstops":"0","kart":"0","lastPitMainTime":"0","totalOnTrack":"00:07:23","midLap":"42.184","pilots":[{"onTrack":"00:00:00","name":""}],"bestLapOnSegment":"41.179"},"13":{"pilotName":"Ткаченко Кирило","lag":"0.99","timeFromLassPassing":"22741","endLap":false,"position":"5","lastPitTime":"00:00:00","transponderId":"8441658","teamName":"","lastLap":"40.15","lastLapSec":"40","bestLap":"40.15","segments":[{"pilotName":"","finishTime":"00:00:00","pilotId":"1","totalPilotTime":"00:07:23","neLength":"00:07:23","kart":"0","pitTime":""}],"lapCount":"10","lastLapS2":"27.07","lastLapS1":"13.07","secondsFromPit":"587","isOnPit":false,"isRaketa":false,"number":"13","pitstops":"0","kart":"0","lastPitMainTime":"0","totalOnTrack":"00:07:23","midLap":"41.884","pilots":[{"onTrack":"00:00:00","name":""}],"bestLapOnSegment":"40.155"}},"compTeamNameFirst":"Команда1","compDiffS2":"-0.0","compDiffS1":"+0.0"},"onBoard":{"karts_on_track":[],"position":"3","timeDiff":"-01.972","firstpos_lag":"-05.971","lastLap":"41.676","onTrack":"08:32.242","position_by_time":"1","sector_2_time":"28.63","karts_on_pit":[],"second_pos_time":"40.831","second_pos_name":"Родін Артем","sector_2_lag":"-01.931","timeLag":"+0.0","sector_1_lag":"-0.050","lapCount":"10","third_pos_time":"39.704","third_pos_name":"Міфтахутдінов Ільяс","sector_1_time":"13.04","totalOnTrack":"00:08:32","prevpos_lag":"+01.494","nextpos_lag":"-0.237","bestLapOnSegment":"39.704","first_pos_time":"40.101","first_pos_name":"Шиленко Олександр"}}