{"onTablo":{"compTeamSecondS2":"0.0","compTeamSecondS1":"0.0","secondPlaceLag":"","teamsByTimestamp":[5,11,13,9,3,1,6],"bestLapRaceNameTeam":"","finish":true,"compTeamFirstLastLap":"0.0","raceStartedButtonTimestamp":1660765620,"bestLapRaceNumberTeam":"","raceFinishedTimestamp":1660765613,"compDiff":"-0.0","bestLapRaceNamePilot":"","compTeamSecondLastLap":"0.0","secondPlaceName":"Булавінов Андрій","karts":[1,2,3,4,5,6,7,8,9,10,11,12,13,14,15,16,17,18,19,20,21,22,33,44,69],"compTeamFirstS2":"0.0","compTeamFirstS1":"0.0","compTeamNameSecond":"Команда2","totalRaceTime":"00:00:47","thirdPlaceName":"Васильчук Назар","secondPlaceNumber":"6","isRace":true,"firstPlaceNumber":"5","thirdPlaceNumber":"11","bestS2Race":"28.432","firstPlaceLag":"","bestS1Race":"14.881","compLag":"0.0","teams":[{"pilotName":"Якусик Дмитро","lag":"0","timeFromLassPassing":"2094","endLap":false,"position":"1","lastPitTime":"00:00:00","transponderId":"8584138","teamName":"","lastLap":"44.43","lastLapSec":"44","bestLap":"44.43","segments":[{"pilotName":"","finishTime":"00:00:00","pilotId":"1","totalPilotTime":"00:00:47","neLength":"00:00:47","kart":"0","pitTime":""}],"lapCount":"1","lastLapS2":"28.43","lastLapS1":"16.00","secondsFromPit":"88","isOnPit":false,"isRaketa":true,"number":"5","pitstops":"0","kart":"0","lastPitMainTime":"0","totalOnTrack":"00:00:47","midLap":"44.437","pilots":[{"onTrack":"00:00:00","name":""}],"bestLapOnSegment":"44.437"},{"pilotName":"Булавінов Андрій","lag":"","timeFromLassPassing":"47526","endLap":false,"position":"2","lastPitTime":"00:00:00","transponderId":"9661676","teamName":"","lastLap":"","lastLapSec":"0","bestLap":"","segments":[{"pilotName":"","finishTime":"00:00:00","pilotId":"1","totalPilotTime":"00:00:47","neLength":"00:00:47","kart":"0","pitTime":""}],"lapCount":"0","lastLapS2":"","lastLapS1":"16.97","secondsFromPit":"88","isOnPit":false,"isRaketa":false,"number":"6","pitstops":"0","kart":"0","lastPitMainTime":"0","totalOnTrack":"00:00:47","midLap":"0","pilots":[{"onTrack":"00:00:00","name":""}],"bestLapOnSegment":""},{"pilotName":"Васильчук Назар","lag":"0.07","timeFromLassPassing":"47404","endLap":false,"position":"3","lastPitTime":"00:00:00","transponderId":"2758575","teamName":"","lastLap":"","lastLapSec":"0","bestLap":"","segments":[{"pilotName":"","finishTime":"00:00:00","pilotId":"1","totalPilotTime":"00:00:47","neLength":"00:00:47","kart":"0","pitTime":""}],"lapCount":"0","lastLapS2":"","lastLapS1":"17.70","secondsFromPit":"88","isOnPit":false,"isRaketa":false,"number":"11","pitstops":"0","kart":"0","lastPitMainTime":"0","totalOnTrack":"00:00:47","midLap":"0","pilots":[{"onTrack":"00:00:00","name":""}],"bestLapOnSegment":""},{"pilotName":"Хавіло Дмитро","lag":"01.08","timeFromLassPassing":"46540","endLap":false,"position":"4","lastPitTime":"00:00:00","transponderId":"8441658","teamName":"","lastLap":"","lastLapSec":"0","bestLap":"","segments":[{"pilotName":"","finishTime":"00:00:00","pilotId":"1","totalPilotTime":"00:00:47","neLength":"00:00:47","kart":"0","pitTime":""}],"lapCount":"0","lastLapS2":"","lastLapS1":"16.18","secondsFromPit":"88","isOnPit":false,"isRaketa":false,"number":"13","pitstops":"0","kart":"0","lastPitMainTime":"0","totalOnTrack":"00:00:47","midLap":"0","pilots":[{"onTrack":"00:00:00","name":""}],"bestLapOnSegment":""},{"pilotName":"Литвиненко Віктор","lag":"0.65","timeFromLassPassing":"45880","endLap":false,"position":"5","lastPitTime":"00:00:00","transponderId":"2807865","teamName":"","lastLap":"","lastLapSec":"0","bestLap":"","segments":[{"pilotName":"","finishTime":"00:00:00","pilotId":"1","totalPilotTime":"00:00:47","neLength":"00:00:47","kart":"0","pitTime":""}],"lapCount":"0","lastLapS2":"","lastLapS1":"16.34","secondsFromPit":"88","isOnPit":false,"isRaketa":false,"number":"9","pitstops":"0","kart":"0","lastPitMainTime":"0","totalOnTrack":"00:00:47","midLap":"0","pilots":[{"onTrack":"00:00:00","name":""}],"bestLapOnSegment":""},{"pilotName":"Лантушенко Ігор","lag":"0.51","timeFromLassPassing":"45339","endLap":false,"position":"6","lastPitTime":"00:00:00","transponderId":"5885393","teamName":"","lastLap":"","lastLapSec":"0","bestLap":"","segments":[{"pilotName":"","finishTime":"00:00:00","pilotId":"1","totalPilotTime":"00:00:47","neLength":"00:00:47","kart":"0","pitTime":""}],"lapCount":"0","lastLapS2":"","lastLapS1":"15.36","secondsFromPit":"88","isOnPit":false,"isRaketa":false,"number":"3","pitstops":"0","kart":"0","lastPitMainTime":"0","totalOnTrack":"00:00:47","midLap":"0","pilots":[{"onTrack":"00:00:00","name":""}],"bestLapOnSegment":""},{"pilotName":"Кравчонок Олександр","lag":"0.34","timeFromLassPassing":"44988","endLap":false,"position":"7","lastPitTime":"00:00:00","transponderId":"9739691","teamName":"","lastLap":"","lastLapSec":"0","bestLap":"","segments":[{"pilotName":"","finishTime":"00:00:00","pilotId":"1","totalPilotTime":"00:00:47","neLength":"00:00:47","kart":"0","pitTime":""}],"lapCount":"0","lastLapS2":"","lastLapS1":"14.88","secondsFromPit":"88","isOnPit":false,"isRaketa":false,"number":"1","pitstops":"0","kart":"0","lastPitMainTime":"0","totalOnTrack":"00:00:47","midLap":"0","pilots":[{"onTrack":"00:00:00","name":""}],"bestLapOnSegment":""}],"thirdPlaceLag":"0.811","firstPlaceName":"Якусик Дмитро","bestLapRace":"44.437","teams2":{"1":{"pilotName":"Кравчонок Олександр","lag":"0.34","timeFromLassPassing":"44988","endLap":false,"position":"7","lastPitTime":"00:00:00","transponderId":"9739691","teamName":"","lastLap":"","lastLapSec":"0","bestLap":"","segments":[{"pilotName":"","finishTime":"00:00:00","pilotId":"1","totalPilotTime":"00:00:47","neLength":"00:00:47","kart":"0","pitTime":""}],"lapCount":"0","lastLapS2":"","lastLapS1":"14.88","secondsFromPit":"88","isOnPit":false,"isRaketa":false,"number":"1","pitstops":"0","kart":"0","lastPitMainTime":"0","totalOnTrack":"00:00:47","midLap":"0","pilots":[{"onTrack":"00:00:00","name":""}],"bestLapOnSegment":""},"3":{"pilotName":"Лантушенко Ігор","lag":"0.51","timeFromLassPassing":"45339","endLap":false,"position":"6","lastPitTime":"00:00:00","transponderId":"5885393","teamName":"","lastLap":"","lastLapSec":"0","bestLap":"","segments":[{"pilotName":"","finishTime":"00:00:00","pilotId":"1","totalPilotTime":"00:00:47","neLength":"00:00:47","kart":"0","pitTime":""}],"lapCount":"0","lastLapS2":"","lastLapS1":"15.36","secondsFromPit":"88","isOnPit":false,"isRaketa":false,"number":"3","pitstops":"0","kart":"0","lastPitMainTime":"0","totalOnTrack":"00:00:47","midLap":"0","pilots":[{"onTrack":"00:00:00","name":""}],"bestLapOnSegment":""},"5":{"pilotName":"Якусик Дмитро","lag":"0","timeFromLassPassing":"2094","endLap":false,"position":"1","lastPitTime":"00:00:00","transponderId":"8584138","teamName":"","lastLap":"44.43","lastLapSec":"44","bestLap":"44.43","segments":[{"pilotName":"","finishTime":"00:00:00","pilotId":"1","totalPilotTime":"00:00:47","neLength":"00:00:47","kart":"0","pitTime":""}],"lapCount":"1","lastLapS2":"28.43","lastLapS1":"16.00","secondsFromPit":"88","isOnPit":false,"isRaketa":true,"number":"5","pitstops":"0","kart":"0","lastPitMainTime":"0","totalOnTrack":"00:00:47","midLap":"44.437","pilots":[{"onTrack":"00:00:00","name":""}],"bestLapOnSegment":"44.437"},"6":{"pilotName":"Булавінов Андрій","lag":"","timeFromLassPassing":"47526","endLap":false,"position":"2","lastPitTime":"00:00:00","transponderId":"9661676","teamName":"","lastLap":"","lastLapSec":"0","bestLap":"","segments":[{"pilotName":"","finishTime":"00:00:00","pilotId":"1","totalPilotTime":"00:00:47","neLength":"00:00:47","kart":"0","pitTime":""}],"lapCount":"0","lastLapS2":"","lastLapS1":"16.97","secondsFromPit":"88","isOnPit":false,"isRaketa":false,"number":"6","pitstops":"0","kart":"0","lastPitMainTime":"0","totalOnTrack":"00:00:47","midLap":"0","pilots":[{"onTrack":"00:00:00","name":""}],"bestLapOnSegment":""},"9":{"pilotName":"Литвиненко Віктор","lag":"0.65","timeFromLassPassing":"45880","endLap":false,"position":"5","lastPitTime":"00:00:00","transponderId":"2807865","teamName":"","lastLap":"","lastLapSec":"0","bestLap":"","segments":[{"pilotName":"","finishTime":"00:00:00","pilotId":"1","totalPilotTime":"00:00:47","neLength":"00:00:47","kart":"0","pitTime":""}],"lapCount":"0","lastLapS2":"","lastLapS1":"16.34","secondsFromPit":"88","isOnPit":false,"isRaketa":false,"number":"9","pitstops":"0","kart":"0","lastPitMainTime":"0","totalOnTrack":"00:00:47","midLap":"0","pilots":[{"onTrack":"00:00:00","name":""}],"bestLapOnSegment":""},"11":{"pilotName":"Васильчук Назар","lag":"0.07","timeFromLassPassing":"47404","endLap":false,"position":"3","lastPitTime":"00:00:00","transponderId":"2758575","teamName":"","lastLap":"","lastLapSec":"0","bestLap":"","segments":[{"pilotName":"","finishTime":"00:00:00","pilotId":"1","totalPilotTime":"00:00:47","neLength":"00:00:47","kart":"0","pitTime":""}],"lapCount":"0","lastLapS2":"","lastLapS1":"17.70","secondsFromPit":"88","isOnPit":false,"isRaketa":false,"number":"11","pitstops":"0","kart":"0","lastPitMainTime":"0","totalOnTrack":"00:00:47","midLap":"0","pilots":[{"onTrack":"00:00:00","name":""}],"bestLapOnSegment":""},"13":{"pilotName":"Хавіло Дмитро","lag":"01.08","timeFromLassPassing":"46540","endLap":false,"position":"4","lastPitTime":"00:00:00","transponderId":"8441658","teamName":"","lastLap":"","lastLapSec":"0","bestLap":"","segments":[{"pilotName":"","finishTime":"00:00:00","pilotId":"1","totalPilotTime":"00:00:47","neLength":"00:00:47","kart":"0","pitTime":""}],"lapCount":"0","lastLapS2":"","lastLapS1":"16.18","secondsFromPit":"88","isOnPit":false,"isRaketa":false,"number":"13","pitstops":"0","kart":"0","lastPitMainTime":"0","totalOnTrack":"00:00:47","midLap":"0","pilots":[{"onTrack":"00:00:00","name":""}],"bestLapOnSegment":""}},"compTeamNameFirst":"Команда1","compDiffS2":"-0.0","compDiffS1":"+0.0"},"onBoard":{"karts_on_track":[],"position":"7","timeDiff":"+","firstpos_lag":"-1 laps","lastLap":"","onTrack":"47.527","position_by_time":"1","sector_2_time":"","karts_on_pit":[],"second_pos_time":"","second_pos_name":"Булавінов Андрій","sector_2_lag":"-","timeLag":"-","sector_1_lag":"+0.487","lapCount":"0","third_pos_time":"","third_pos_name":"Васильчук Назар","sector_1_time":"14.88","totalOnTrack":"00:00:47","prevpos_lag":"0","nextpos_lag":"-0.349","bestLapOnSegment":"","first_pos_time":"44.437","first_pos_name":"Якусик Дмитро"}}