{"onTablo":{"compTeamSecondS2":"0.0","compTeamSecondS1":"0.0","secondPlaceLag":"01.338","teamsByTimestamp":[1,3,5,13,9,6,11],"bestLapRaceNameTeam":"","finish":true,"compTeamFirstLastLap":"0.0","raceStartedButtonTimestamp":1660765620,"bestLapRaceNumberTeam":"","raceFinishedTimestamp":1660765613,"compDiff":"-0.0","bestLapRaceNamePilot":"","compTeamSecondLastLap":"0.0","secondPlaceName":"Кравчонок Олександр","karts":[1,2,3,4,5,6,7,8,9,10,11,12,13,14,15,16,17,18,19,20,21,22,33,44,69],"compTeamFirstS2":"0.0","compTeamFirstS1":"0.0","compTeamNameSecond":"Команда2","totalRaceTime":"00:04:53","thirdPlaceName":"Лантушенко Ігор","secondPlaceNumber":"1","isRace":true,"firstPlaceNumber":"5","thirdPlaceNumber":"3","bestS2Race":"26.924","firstPlaceLag":"","bestS1Race":"13.012","compLag":"0.0","teams":[{"pilotName":"Якусик Дмитро","lag":"0","timeFromLassPassing":"2258","endLap":false,"position":"1","lastPitTime":"00:00:00","transponderId":"8584138","teamName":"","lastLap":"40.61","lastLapSec":"41","bestLap":"40.61","segments":[{"pilotName":"","finishTime":"00:00:00","pilotId":"1","totalPilotTime":"00:04:53","neLength":"00:04:53","kart":"0","pitTime":""}],"lapCount":"7","lastLapS2":"27.48","lastLapS1":"13.12","secondsFromPit":"334","isOnPit":false,"isRaketa":false,"number":"5","pitstops":"0","kart":"0","lastPitMainTime":"0","totalOnTrack":"00:04:53","midLap":"41.404","pilots":[{"onTrack":"00:00:00","name":""}],"bestLapOnSegment":"40.611"},{"pilotName":"Кравчонок Олександр","lag":"01.33","timeFromLassPassing":"826","endLap":true,"position":"2","lastPitTime":"00:00:00","transponderId":"9739691","teamName":"","lastLap":"40.02","lastLapSec":"40","bestLap":"40.02","segments":[{"pilotName":"","finishTime":"00:00:00","pilotId":"1","totalPilotTime":"00:04:53","neLength":"00:04:53","kart":"0","pitTime":""}],"lapCount":"7","lastLapS2":"26.92","lastLapS1":"13.10","secondsFromPit":"334","isOnPit":false,"isRaketa":true,"number":"1","pitstops":"0","kart":"0","lastPitMainTime":"0","totalOnTrack":"00:04:53","midLap":"41.385","pilots":[{"onTrack":"00:00:00","name":""}],"bestLapOnSegment":"40.026"},{"pilotName":"Лантушенко Ігор","lag":"0.83","timeFromLassPassing":"73","endLap":true,"position":"3","lastPitTime":"00:00:00","transponderId":"5885393","teamName":"","lastLap":"40.18","lastLapSec":"40","bestLap":"40.18","segments":[{"pilotName":"","finishTime":"00:00:00","pilotId":"1","totalPilotTime":"00:04:53","neLength":"00:04:53","kart":"0","pitTime":""}],"lapCount":"7","lastLapS2":"27.04","lastLapS1":"13.13","secondsFromPit":"334","isOnPit":false,"isRaketa":false,"number":"3","pitstops":"0","kart":"0","lastPitMainTime":"0","totalOnTrack":"00:04:53","midLap":"41.555","pilots":[{"onTrack":"00:00:00","name":""}],"bestLapOnSegment":"40.182"},{"pilotName":"Васильчук Назар","lag":"0.61","timeFromLassPassing":"39662","endLap":false,"position":"4","lastPitTime":"00:00:00","transponderId":"2758575","teamName":"","lastLap":"42.30","lastLapSec":"42","bestLap":"40.48","segments":[{"pilotName":"","finishTime":"00:00:00","pilotId":"1","totalPilotTime":"00:04:53","neLength":"00:04:53","kart":"0","pitTime":""}],"lapCount":"6","lastLapS2":"29.10","lastLapS1":"13.16","secondsFromPit":"334","isOnPit":false,"isRaketa":false,"number":"11","pitstops":"0","kart":"0","lastPitMainTime":"0","totalOnTrack":"00:04:53","midLap":"42.263","pilots":[{"onTrack":"00:00:00","name":""}],"bestLapOnSegment":"40.485"},{"pilotName":"Хавіло Дмитро","lag":"0.47","timeFromLassPassing":"39232","endLap":false,"position":"5","lastPitTime":"00:00:00","transponderId":"8441658","teamName":"","lastLap":"41.78","lastLapSec":"42","bestLap":"40.69","segments":[{"pilotName":"","finishTime":"00:00:00","pilotId":"1","totalPilotTime":"00:04:53","neLength":"00:04:53","kart":"0","pitTime":""}],"lapCount":"6","lastLapS2":"28.63","lastLapS1":"13.19","secondsFromPit":"334","isOnPit":false,"isRaketa":false,"number":"13","pitstops":"0","kart":"0","lastPitMainTime":"0","totalOnTrack":"00:04:53","midLap":"42.161","pilots":[{"onTrack":"00:00:00","name":""}],"bestLapOnSegment":"40.694"},{"pilotName":"Литвиненко Віктор","lag":"0.21","timeFromLassPassing":"38996","endLap":false,"position":"6","lastPitTime":"00:00:00","transponderId":"2807865","teamName":"","lastLap":"41.71","lastLapSec":"42","bestLap":"40.56","segments":[{"pilotName":"","finishTime":"00:00:00","pilotId":"1","totalPilotTime":"00:04:53","neLength":"00:04:53","kart":"0","pitTime":""}],"lapCount":"6","lastLapS2":"28.61","lastLapS1":"13.21","secondsFromPit":"334","isOnPit":false,"isRaketa":false,"number":"9","pitstops":"0","kart":"0","lastPitMainTime":"0","totalOnTrack":"00:04:53","midLap":"42.088","pilots":[{"onTrack":"00:00:00","name":""}],"bestLapOnSegment":"40.561"},{"pilotName":"Булавінов Андрій","lag":"01.55","timeFromLassPassing":"37372","endLap":false,"position":"7","lastPitTime":"00:00:00","transponderId":"9661676","teamName":"","lastLap":"41.29","lastLapSec":"41","bestLap":"41.08","segments":[{"pilotName":"","finishTime":"00:00:00","pilotId":"1","totalPilotTime":"00:04:53","neLength":"00:04:53","kart":"0","pitTime":""}],"lapCount":"6","lastLapS2":"27.95","lastLapS1":"13.34","secondsFromPit":"334","isOnPit":false,"isRaketa":false,"number":"6","pitstops":"0","kart":"0","lastPitMainTime":"0","totalOnTrack":"00:04:53","midLap":"42.651","pilots":[{"onTrack":"00:00:00","name":""}],"bestLapOnSegment":"41.083"}],"thirdPlaceLag":"0.839","firstPlaceName":"Якусик Дмитро","bestLapRace":"40.026","teams2":{"1":{"pilotName":"Кравчонок Олександр","lag":"01.33","timeFromLassPassing":"826","endLap":true,"position":"2","lastPitTime":"00:00:00","transponderId":"9739691","teamName":"","lastLap":"40.02","lastLapSec":"40","bestLap":"40.02","segments":[{"pilotName":"","finishTime":"00:00:00","pilotId":"1","totalPilotTime":"00:04:53","neLength":"00:04:53","kart":"0","pitTime":""}],"lapCount":"7","lastLapS2":"26.92","lastLapS1":"13.10","secondsFromPit":"334","isOnPit":false,"isRaketa":true,"number":"1","pitstops":"0","kart":"0","lastPitMainTime":"0","totalOnTrack":"00:04:53","midLap":"41.385","pilots":[{"onTrack":"00:00:00","name":""}],"bestLapOnSegment":"40.026"},"3":{"pilotName":"Лантушенко Ігор","lag":"0.83","timeFromLassPassing":"73","endLap":true,"position":"3","lastPitTime":"00:00:00","transponderId":"5885393","teamName":"","lastLap":"40.18","lastLapSec":"40","bestLap":"40.18","segments":[{"pilotName":"","finishTime":"00:00:00","pilotId":"1","totalPilotTime":"00:04:53","neLength":"00:04:53","kart":"0","pitTime":""}],"lapCount":"7","lastLapS2":"27.04","lastLapS1":"13.13","secondsFromPit":"334","isOnPit":false,"isRaketa":false,"number":"3","pitstops":"0","kart":"0","lastPitMainTime":"0","totalOnTrack":"00:04:53","midLap":"41.555","pilots":[{"onTrack":"00:00:00","name":""}],"bestLapOnSegment":"40.182"},"5":{"pilotName":"Якусик Дмитро","lag":"0","timeFromLassPassing":"2258","endLap":false,"position":"1","lastPitTime":"00:00:00","transponderId":"8584138","teamName":"","lastLap":"40.61","lastLapSec":"41","bestLap":"40.61","segments":[{"pilotName":"","finishTime":"00:00:00","pilotId":"1","totalPilotTime":"00:04:53","neLength":"00:04:53","kart":"0","pitTime":""}],"lapCount":"7","lastLapS2":"27.48","lastLapS1":"13.12","secondsFromPit":"334","isOnPit":false,"isRaketa":false,"number":"5","pitstops":"0","kart":"0","lastPitMainTime":"0","totalOnTrack":"00:04:53","midLap":"41.404","pilots":[{"onTrack":"00:00:00","name":""}],"bestLapOnSegment":"40.611"},"6":{"pilotName":"Булавінов Андрій","lag":"01.55","timeFromLassPassing":"37372","endLap":false,"position":"7","lastPitTime":"00:00:00","transponderId":"9661676","teamName":"","lastLap":"41.29","lastLapSec":"41","bestLap":"41.08","segments":[{"pilotName":"","finishTime":"00:00:00","pilotId":"1","totalPilotTime":"00:04:53","neLength":"00:04:53","kart":"0","pitTime":""}],"lapCount":"6","lastLapS2":"27.95","lastLapS1":"13.34","secondsFromPit":"334","isOnPit":false,"isRaketa":false,"number":"6","pitstops":"0","kart":"0","lastPitMainTime":"0","totalOnTrack":"00:04:53","midLap":"42.651","pilots":[{"onTrack":"00:00:00","name":""}],"bestLapOnSegment":"41.083"},"9":{"pilotName":"Литвиненко Віктор","lag":"0.21","timeFromLassPassing":"38996","endLap":false,"position":"6","lastPitTime":"00:00:00","transponderId":"2807865","teamName":"","lastLap":"41.71","lastLapSec":"42","bestLap":"40.56","segments":[{"pilotName":"","finishTime":"00:00:00","pilotId":"1","totalPilotTime":"00:04:53","neLength":"00:04:53","kart":"0","pitTime":""}],"lapCount":"6","lastLapS2":"28.61","lastLapS1":"13.21","secondsFromPit":"334","isOnPit":false,"isRaketa":false,"number":"9","pitstops":"0","kart":"0","lastPitMainTime":"0","totalOnTrack":"00:04:53","midLap":"42.088","pilots":[{"onTrack":"00:00:00","name":""}],"bestLapOnSegment":"40.561"},"11":{"pilotName":"Васильчук Назар","lag":"0.61","timeFromLassPassing":"39662","endLap":false,"position":"4","lastPitTime":"00:00:00","transponderId":"2758575","teamName":"","lastLap":"42.30","lastLapSec":"42","bestLap":"40.48","segments":[{"pilotName":"","finishTime":"00:00:00","pilotId":"1","totalPilotTime":"00:04:53","neLength":"00:04:53","kart":"0","pitTime":""}],"lapCount":"6","lastLapS2":"29.10","lastLapS1":"13.16","secondsFromPit":"334","isOnPit":false,"isRaketa":false,"number":"11","pitstops":"0","kart":"0","lastPitMainTime":"0","totalOnTrack":"00:04:53","midLap":"42.263","pilots":[{"onTrack":"00:00:00","name":""}],"bestLapOnSegment":"40.485"},"13":{"pilotName":"Хавіло Дмитро","lag":"0.47","timeFromLassPassing":"39232","endLap":false,"position":"5","lastPitTime":"00:00:00","transponderId":"8441658","teamName":"","lastLap":"41.78","lastLapSec":"42","bestLap":"40.69","segments":[{"pilotName":"","finishTime":"00:00:00","pilotId":"1","totalPilotTime":"00:04:53","neLength":"00:04:53","kart":"0","pitTime":""}],"lapCount":"6","lastLapS2":"28.63","lastLapS1":"13.19","secondsFromPit":"334","isOnPit":false,"isRaketa":false,"number":"13","pitstops":"0","kart":"0","lastPitMainTime":"0","totalOnTrack":"00:04:53","midLap":"42.161","pilots":[{"onTrack":"00:00:00","name":""}],"bestLapOnSegment":"40.694"}},"compTeamNameFirst":"Команда1","compDiffS2":"-0.0","compDiffS1":"+0.0"},"onBoard":{"karts_on_track":[],"position":"2","timeDiff":"+0.311","firstpos_lag":"-01.338","lastLap":"40.026","onTrack":"04:53.199","position_by_time":"1","sector_2_time":"26.92","karts_on_pit":[],"second_pos_time":"40.026","second_pos_name":"Кравчонок Олександр","sector_2_lag":"+0.121","timeLag":"+0.156","sector_1_lag":"-0.090","lapCount":"7","third_pos_time":"40.182","third_pos_name":"Лантушенко Ігор","sector_1_time":"13.10","totalOnTrack":"00:04:53","prevpos_lag":"+0.839","nextpos_lag":"-01.338","bestLapOnSegment":"40.026","first_pos_time":"40.611","first_pos_name":"Якусик Дмитро"}}