{"onTablo":{"compTeamSecondS2":"0.0","compTeamSecondS1":"0.0","secondPlaceLag":"","teamsByTimestamp":[2,6,3,1,13,4,5,9],"bestLapRaceNameTeam":"","finish":true,"compTeamFirstLastLap":"0.0","raceStartedButtonTimestamp":1660766222,"bestLapRaceNumberTeam":"","raceFinishedTimestamp":1660766088,"compDiff":"-0.0","bestLapRaceNamePilot":"","compTeamSecondLastLap":"0.0","secondPlaceName":"Шиленко Олександр","karts":[1,2,3,4,5,6,7,8,9,10,11,12,13,14,15,16,17,18,19,20,21,22,33,44,69],"compTeamFirstS2":"0.0","compTeamFirstS1":"0.0","compTeamNameSecond":"Команда2","totalRaceTime":"00:02:36","thirdPlaceName":"Вінтонів Іван","secondPlaceNumber":"5","isRace":true,"firstPlaceNumber":"2","thirdPlaceNumber":"6","bestS2Race":"27.299","firstPlaceLag":"","bestS1Race":"13.084","compLag":"0.0","teams":[{"pilotName":"Родін Артем","lag":"0","timeFromLassPassing":"28421","endLap":false,"position":"1","lastPitTime":"00:00:00","transponderId":"8583082","teamName":"","lastLap":"41.65","lastLapSec":"42","bestLap":"41.65","segments":[{"pilotName":"","finishTime":"00:00:00","pilotId":"1","totalPilotTime":"00:02:36","neLength":"00:02:36","kart":"0","pitTime":""}],"lapCount":"3","lastLapS2":"28.27","lastLapS1":"13.84","secondsFromPit":"300","isOnPit":false,"isRaketa":false,"number":"2","pitstops":"0","kart":"0","lastPitMainTime":"0","totalOnTrack":"00:02:36","midLap":"42.636","pilots":[{"onTrack":"00:00:00","name":""}],"bestLapOnSegment":"41.659"},{"pilotName":"Шиленко Олександр","lag":"0.19","timeFromLassPassing":"28203","endLap":false,"position":"2","lastPitTime":"00:00:00","transponderId":"8584138","teamName":"","lastLap":"41.66","lastLapSec":"42","bestLap":"41.55","segments":[{"pilotName":"","finishTime":"00:00:00","pilotId":"1","totalPilotTime":"00:02:36","neLength":"00:02:36","kart":"0","pitTime":""}],"lapCount":"3","lastLapS2":"28.35","lastLapS1":"13.62","secondsFromPit":"300","isOnPit":false,"isRaketa":false,"number":"5","pitstops":"0","kart":"0","lastPitMainTime":"0","totalOnTrack":"00:02:36","midLap":"41.932","pilots":[{"onTrack":"00:00:00","name":""}],"bestLapOnSegment":"41.552"},{"pilotName":"Вінтонів Іван","lag":"0.30","timeFromLassPassing":"27881","endLap":false,"position":"3","lastPitTime":"00:00:00","transponderId":"9661676","teamName":"","lastLap":"41.49","lastLapSec":"41","bestLap":"41.49","segments":[{"pilotName":"","finishTime":"00:00:00","pilotId":"1","totalPilotTime":"00:02:36","neLength":"00:02:36","kart":"0","pitTime":""}],"lapCount":"3","lastLapS2":"28.21","lastLapS1":"13.57","secondsFromPit":"300","isOnPit":false,"isRaketa":false,"number":"6","pitstops":"0","kart":"0","lastPitMainTime":"0","totalOnTrack":"00:02:36","midLap":"42.378","pilots":[{"onTrack":"00:00:00","name":""}],"bestLapOnSegment":"41.497"},{"pilotName":"Маніло Денис","lag":"0.48","timeFromLassPassing":"27435","endLap":false,"position":"4","lastPitTime":"00:00:00","transponderId":"5885393","teamName":"","lastLap":"41.38","lastLapSec":"41","bestLap":"41.26","segments":[{"pilotName":"","finishTime":"00:00:00","pilotId":"1","totalPilotTime":"00:02:36","neLength":"00:02:36","kart":"0","pitTime":""}],"lapCount":"3","lastLapS2":"27.76","lastLapS1":"13.29","secondsFromPit":"300","isOnPit":false,"isRaketa":false,"number":"3","pitstops":"0","kart":"0","lastPitMainTime":"0","totalOnTrack":"00:02:36","midLap":"41.936","pilots":[{"onTrack":"00:00:00","name":""}],"bestLapOnSegment":"41.264"},{"pilotName":"Міфтахутдінов Ільяс","lag":"0.19","timeFromLassPassing":"27221","endLap":false,"position":"5","lastPitTime":"00:00:00","transponderId":"9739691","teamName":"","lastLap":"41.41","lastLapSec":"41","bestLap":"40.38","segments":[{"pilotName":"","finishTime":"00:00:00","pilotId":"1","totalPilotTime":"00:02:36","neLength":"00:02:36","kart":"0","pitTime":""}],"lapCount":"3","lastLapS2":"27.80","lastLapS1":"13.26","secondsFromPit":"300","isOnPit":false,"isRaketa":false,"number":"1","pitstops":"0","kart":"0","lastPitMainTime":"0","totalOnTrack":"00:02:36","midLap":"42.036","pilots":[{"onTrack":"00:00:00","name":""}],"bestLapOnSegment":"40.383"},{"pilotName":"Ткаченко Кирило","lag":"0.28","timeFromLassPassing":"27113","endLap":false,"position":"6","lastPitTime":"00:00:00","transponderId":"8441658","teamName":"","lastLap":"40.79","lastLapSec":"41","bestLap":"40.79","segments":[{"pilotName":"","finishTime":"00:00:00","pilotId":"1","totalPilotTime":"00:02:36","neLength":"00:02:36","kart":"0","pitTime":""}],"lapCount":"3","lastLapS2":"27.64","lastLapS1":"13.25","secondsFromPit":"300","isOnPit":false,"isRaketa":true,"number":"13","pitstops":"0","kart":"0","lastPitMainTime":"0","totalOnTrack":"00:02:36","midLap":"42.546","pilots":[{"onTrack":"00:00:00","name":""}],"bestLapOnSegment":"40.796"},{"pilotName":"Дорохін Антон","lag":"0.36","timeFromLassPassing":"26560","endLap":false,"position":"7","lastPitTime":"00:00:00","transponderId":"8431733","teamName":"","lastLap":"40.91","lastLapSec":"41","bestLap":"40.91","segments":[{"pilotName":"","finishTime":"00:00:00","pilotId":"1","totalPilotTime":"00:02:36","neLength":"00:02:36","kart":"0","pitTime":""}],"lapCount":"3","lastLapS2":"27.56","lastLapS1":"13.31","secondsFromPit":"300","isOnPit":false,"isRaketa":false,"number":"4","pitstops":"0","kart":"0","lastPitMainTime":"0","totalOnTrack":"00:02:36","midLap":"43.156","pilots":[{"onTrack":"00:00:00","name":""}],"bestLapOnSegment":"40.914"},{"pilotName":"Лихошерст Олексій","lag":"","timeFromLassPassing":"69317","endLap":false,"position":"8","lastPitTime":"00:00:00","transponderId":"2807865","teamName":"","lastLap":"41.17","lastLapSec":"41","bestLap":"41.17","segments":[{"pilotName":"","finishTime":"00:00:00","pilotId":"1","totalPilotTime":"00:02:36","neLength":"00:02:36","kart":"0","pitTime":""}],"lapCount":"2","lastLapS2":"27.97","lastLapS1":"13.20","secondsFromPit":"300","isOnPit":false,"isRaketa":false,"number":"9","pitstops":"0","kart":"0","lastPitMainTime":"0","totalOnTrack":"00:02:36","midLap":"42.184","pilots":[{"onTrack":"00:00:00","name":""}],"bestLapOnSegment":"41.179"}],"thirdPlaceLag":"0.256","firstPlaceName":"Родін Артем","bestLapRace":"40.383","teams2":{"1":{"pilotName":"Міфтахутдінов Ільяс","lag":"0.19","timeFromLassPassing":"27221","endLap":false,"position":"5","lastPitTime":"00:00:00","transponderId":"9739691","teamName":"","lastLap":"41.41","lastLapSec":"41","bestLap":"40.38","segments":[{"pilotName":"","finishTime":"00:00:00","pilotId":"1","totalPilotTime":"00:02:36","neLength":"00:02:36","kart":"0","pitTime":""}],"lapCount":"3","lastLapS2":"27.80","lastLapS1":"13.26","secondsFromPit":"300","isOnPit":false,"isRaketa":false,"number":"1","pitstops":"0","kart":"0","lastPitMainTime":"0","totalOnTrack":"00:02:36","midLap":"42.036","pilots":[{"onTrack":"00:00:00","name":""}],"bestLapOnSegment":"40.383"},"2":{"pilotName":"Родін Артем","lag":"0","timeFromLassPassing":"28421","endLap":false,"position":"1","lastPitTime":"00:00:00","transponderId":"8583082","teamName":"","lastLap":"41.65","lastLapSec":"42","bestLap":"41.65","segments":[{"pilotName":"","finishTime":"00:00:00","pilotId":"1","totalPilotTime":"00:02:36","neLength":"00:02:36","kart":"0","pitTime":""}],"lapCount":"3","lastLapS2":"28.27","lastLapS1":"13.84","secondsFromPit":"300","isOnPit":false,"isRaketa":false,"number":"2","pitstops":"0","kart":"0","lastPitMainTime":"0","totalOnTrack":"00:02:36","midLap":"42.636","pilots":[{"onTrack":"00:00:00","name":""}],"bestLapOnSegment":"41.659"},"3":{"pilotName":"Маніло Денис","lag":"0.48","timeFromLassPassing":"27435","endLap":false,"position":"4","lastPitTime":"00:00:00","transponderId":"5885393","teamName":"","lastLap":"41.38","lastLapSec":"41","bestLap":"41.26","segments":[{"pilotName":"","finishTime":"00:00:00","pilotId":"1","totalPilotTime":"00:02:36","neLength":"00:02:36","kart":"0","pitTime":""}],"lapCount":"3","lastLapS2":"27.76","lastLapS1":"13.29","secondsFromPit":"300","isOnPit":false,"isRaketa":false,"number":"3","pitstops":"0","kart":"0","lastPitMainTime":"0","totalOnTrack":"00:02:36","midLap":"41.936","pilots":[{"onTrack":"00:00:00","name":""}],"bestLapOnSegment":"41.264"},"4":{"pilotName":"Дорохін Антон","lag":"0.36","timeFromLassPassing":"26560","endLap":false,"position":"7","lastPitTime":"00:00:00","transponderId":"8431733","teamName":"","lastLap":"40.91","lastLapSec":"41","bestLap":"40.91","segments":[{"pilotName":"","finishTime":"00:00:00","pilotId":"1","totalPilotTime":"00:02:36","neLength":"00:02:36","kart":"0","pitTime":""}],"lapCount":"3","lastLapS2":"27.56","lastLapS1":"13.31","secondsFromPit":"300","isOnPit":false,"isRaketa":false,"number":"4","pitstops":"0","kart":"0","lastPitMainTime":"0","totalOnTrack":"00:02:36","midLap":"43.156","pilots":[{"onTrack":"00:00:00","name":""}],"bestLapOnSegment":"40.914"},"5":{"pilotName":"Шиленко Олександр","lag":"0.19","timeFromLassPassing":"28203","endLap":false,"position":"2","lastPitTime":"00:00:00","transponderId":"8584138","teamName":"","lastLap":"41.66","lastLapSec":"42","bestLap":"41.55","segments":[{"pilotName":"","finishTime":"00:00:00","pilotId":"1","totalPilotTime":"00:02:36","neLength":"00:02:36","kart":"0","pitTime":""}],"lapCount":"3","lastLapS2":"28.35","lastLapS1":"13.62","secondsFromPit":"300","isOnPit":false,"isRaketa":false,"number":"5","pitstops":"0","kart":"0","lastPitMainTime":"0","totalOnTrack":"00:02:36","midLap":"41.932","pilots":[{"onTrack":"00:00:00","name":""}],"bestLapOnSegment":"41.552"},"6":{"pilotName":"Вінтонів Іван","lag":"0.30","timeFromLassPassing":"27881","endLap":false,"position":"3","lastPitTime":"00:00:00","transponderId":"9661676","teamName":"","lastLap":"41.49","lastLapSec":"41","bestLap":"41.49","segments":[{"pilotName":"","finishTime":"00:00:00","pilotId":"1","totalPilotTime":"00:02:36","neLength":"00:02:36","kart":"0","pitTime":""}],"lapCount":"3","lastLapS2":"28.21","lastLapS1":"13.57","secondsFromPit":"300","isOnPit":false,"isRaketa":false,"number":"6","pitstops":"0","kart":"0","lastPitMainTime":"0","totalOnTrack":"00:02:36","midLap":"42.378","pilots":[{"onTrack":"00:00:00","name":""}],"bestLapOnSegment":"41.497"},"9":{"pilotName":"Лихошерст Олексій","lag":"","timeFromLassPassing":"69317","endLap":false,"position":"8","lastPitTime":"00:00:00","transponderId":"2807865","teamName":"","lastLap":"41.17","lastLapSec":"41","bestLap":"41.17","segments":[{"pilotName":"","finishTime":"00:00:00","pilotId":"1","totalPilotTime":"00:02:36","neLength":"00:02:36","kart":"0","pitTime":""}],"lapCount":"2","lastLapS2":"27.97","lastLapS1":"13.20","secondsFromPit":"300","isOnPit":false,"isRaketa":false,"number":"9","pitstops":"0","kart":"0","lastPitMainTime":"0","totalOnTrack":"00:02:36","midLap":"42.184","pilots":[{"onTrack":"00:00:00","name":""}],"bestLapOnSegment":"41.179"},"13":{"pilotName":"Ткаченко Кирило","lag":"0.28","timeFromLassPassing":"27113","endLap":false,"position":"6","lastPitTime":"00:00:00","transponderId":"8441658","teamName":"","lastLap":"40.79","lastLapSec":"41","bestLap":"40.79","segments":[{"pilotName":"","finishTime":"00:00:00","pilotId":"1","totalPilotTime":"00:02:36","neLength":"00:02:36","kart":"0","pitTime":""}],"lapCount":"3","lastLapS2":"27.64","lastLapS1":"13.25","secondsFromPit":"300","isOnPit":false,"isRaketa":true,"number":"13","pitstops":"0","kart":"0","lastPitMainTime":"0","totalOnTrack":"00:02:36","midLap":"42.546","pilots":[{"onTrack":"00:00:00","name":""}],"bestLapOnSegment":"40.796"}},"compTeamNameFirst":"Команда1","compDiffS2":"-0.0","compDiffS1":"+0.0"},"onBoard":{"karts_on_track":[],"position":"5","timeDiff":"-01.029","firstpos_lag":"-01.183","lastLap":"41.412","onTrack":"02:36.197","position_by_time":"1","sector_2_time":"27.80","karts_on_pit":[],"second_pos_time":"41.552","second_pos_name":"Шиленко Олександр","sector_2_lag":"-0.506","timeLag":"-0.616","sector_1_lag":"-0.176","lapCount":"3","third_pos_time":"41.497","third_pos_name":"Вінтонів Іван","sector_1_time":"13.26","totalOnTrack":"00:02:36","prevpos_lag":"+0.283","nextpos_lag":"-0.197","bestLapOnSegment":"40.383","first_pos_time":"41.659","first_pos_name":"Родін Артем"}}