{"onTablo":{"compTeamSecondS2":"0.0","compTeamSecondS1":"0.0","secondPlaceLag":"04.353","teamsByTimestamp":[2,1,3,13,4,6,5,8,9],"bestLapRaceNameTeam":"","finish":true,"compTeamFirstLastLap":"0.0","raceStartedButtonTimestamp":1660766222,"bestLapRaceNumberTeam":"","raceFinishedTimestamp":1660766088,"compDiff":"-0.0","bestLapRaceNamePilot":"","compTeamSecondLastLap":"0.0","secondPlaceName":"Родін Артем","karts":[1,2,3,4,5,6,7,8,9,10,11,12,13,14,15,16,17,18,19,20,21,22,33,44,69],"compTeamFirstS2":"0.0","compTeamFirstS1":"0.0","compTeamNameSecond":"Команда2","totalRaceTime":"00:06:36","thirdPlaceName":"Міфтахутдінов Ільяс","secondPlaceNumber":"2","isRace":true,"firstPlaceNumber":"5","thirdPlaceNumber":"1","bestS2Race":"26.704","firstPlaceLag":"","bestS1Race":"12.991","compLag":"0.0","teams":[{"pilotName":"Шиленко Олександр","lag":"0","timeFromLassPassing":"24787","endLap":false,"position":"1","lastPitTime":"00:00:00","transponderId":"8584138","teamName":"","lastLap":"40.19","lastLapSec":"40","bestLap":"40.17","segments":[{"pilotName":"","finishTime":"00:00:00","pilotId":"1","totalPilotTime":"00:06:36","neLength":"00:06:36","kart":"0","pitTime":""}],"lapCount":"9","lastLapS2":"27.14","lastLapS1":"12.99","secondsFromPit":"540","isOnPit":false,"isRaketa":false,"number":"5","pitstops":"0","kart":"0","lastPitMainTime":"0","totalOnTrack":"00:06:36","midLap":"41.079","pilots":[{"onTrack":"00:00:00","name":""}],"bestLapOnSegment":"40.176"},{"pilotName":"Родін Артем","lag":"03.95","timeFromLassPassing":"20740","endLap":false,"position":"2","lastPitTime":"00:00:00","transponderId":"8583082","teamName":"","lastLap":"40.99","lastLapSec":"41","bestLap":"40.83","segments":[{"pilotName":"","finishTime":"00:00:00","pilotId":"1","totalPilotTime":"00:06:36","neLength":"00:06:36","kart":"0","pitTime":""}],"lapCount":"9","lastLapS2":"27.47","lastLapS1":"13.38","secondsFromPit":"540","isOnPit":false,"isRaketa":false,"number":"2","pitstops":"0","kart":"0","lastPitMainTime":"0","totalOnTrack":"00:06:36","midLap":"41.774","pilots":[{"onTrack":"00:00:00","name":""}],"bestLapOnSegment":"40.831"},{"pilotName":"Міфтахутдінов Ільяс","lag":"0.43","timeFromLassPassing":"20292","endLap":false,"position":"3","lastPitTime":"00:00:00","transponderId":"9739691","teamName":"","lastLap":"39.70","lastLapSec":"40","bestLap":"39.70","segments":[{"pilotName":"","finishTime":"00:00:00","pilotId":"1","totalPilotTime":"00:06:36","neLength":"00:06:36","kart":"0","pitTime":""}],"lapCount":"9","lastLapS2":"26.70","lastLapS1":"13.04","secondsFromPit":"540","isOnPit":false,"isRaketa":true,"number":"1","pitstops":"0","kart":"0","lastPitMainTime":"0","totalOnTrack":"00:06:36","midLap":"41.492","pilots":[{"onTrack":"00:00:00","name":""}],"bestLapOnSegment":"39.704"},{"pilotName":"Маніло Денис","lag":"02.80","timeFromLassPassing":"17447","endLap":false,"position":"4","lastPitTime":"00:00:00","transponderId":"5885393","teamName":"","lastLap":"40.33","lastLapSec":"40","bestLap":"40.33","segments":[{"pilotName":"","finishTime":"00:00:00","pilotId":"1","totalPilotTime":"00:06:36","neLength":"00:06:36","kart":"0","pitTime":""}],"lapCount":"9","lastLapS2":"27.09","lastLapS1":"13.24","secondsFromPit":"540","isOnPit":false,"isRaketa":false,"number":"3","pitstops":"0","kart":"0","lastPitMainTime":"0","totalOnTrack":"00:06:36","midLap":"41.792","pilots":[{"onTrack":"00:00:00","name":""}],"bestLapOnSegment":"40.337"},{"pilotName":"Ткаченко Кирило","lag":"01.20","timeFromLassPassing":"16365","endLap":false,"position":"5","lastPitTime":"00:00:00","transponderId":"8441658","teamName":"","lastLap":"40.25","lastLapSec":"40","bestLap":"40.25","segments":[{"pilotName":"","finishTime":"00:00:00","pilotId":"1","totalPilotTime":"00:06:36","neLength":"00:06:36","kart":"0","pitTime":""}],"lapCount":"9","lastLapS2":"27.13","lastLapS1":"13.07","secondsFromPit":"540","isOnPit":false,"isRaketa":false,"number":"13","pitstops":"0","kart":"0","lastPitMainTime":"0","totalOnTrack":"00:06:36","midLap":"42.076","pilots":[{"onTrack":"00:00:00","name":""}],"bestLapOnSegment":"40.257"},{"pilotName":"Дорохін Антон","lag":"0.55","timeFromLassPassing":"15701","endLap":false,"position":"6","lastPitTime":"00:00:00","transponderId":"8431733","teamName":"","lastLap":"40.25","lastLapSec":"40","bestLap":"40.25","segments":[{"pilotName":"","finishTime":"00:00:00","pilotId":"1","totalPilotTime":"00:06:36","neLength":"00:06:36","kart":"0","pitTime":""}],"lapCount":"9","lastLapS2":"27.06","lastLapS1":"13.18","secondsFromPit":"540","isOnPit":false,"isRaketa":false,"number":"4","pitstops":"0","kart":"0","lastPitMainTime":"0","totalOnTrack":"00:06:36","midLap":"42.300","pilots":[{"onTrack":"00:00:00","name":""}],"bestLapOnSegment":"40.253"},{"pilotName":"Вінтонів Іван","lag":"0.79","timeFromLassPassing":"15047","endLap":false,"position":"7","lastPitTime":"00:00:00","transponderId":"9661676","teamName":"","lastLap":"40.64","lastLapSec":"41","bestLap":"40.64","segments":[{"pilotName":"","finishTime":"00:00:00","pilotId":"1","totalPilotTime":"00:06:36","neLength":"00:06:36","kart":"0","pitTime":""}],"lapCount":"9","lastLapS2":"27.49","lastLapS1":"13.20","secondsFromPit":"540","isOnPit":false,"isRaketa":false,"number":"6","pitstops":"0","kart":"0","lastPitMainTime":"0","totalOnTrack":"00:06:36","midLap":"42.278","pilots":[{"onTrack":"00:00:00","name":""}],"bestLapOnSegment":"40.643"},{"pilotName":"Лихошерст Олексій","lag":"6L+","timeFromLassPassing":"309693","endLap":false,"position":"8","lastPitTime":"00:00:00","transponderId":"2807865","teamName":"","lastLap":"41.17","lastLapSec":"41","bestLap":"41.17","segments":[{"pilotName":"","finishTime":"00:00:00","pilotId":"1","totalPilotTime":"00:06:36","neLength":"00:06:36","kart":"0","pitTime":""}],"lapCount":"2","lastLapS2":"27.97","lastLapS1":"13.20","secondsFromPit":"540","isOnPit":false,"isRaketa":false,"number":"9","pitstops":"0","kart":"0","lastPitMainTime":"0","totalOnTrack":"00:06:36","midLap":"42.184","pilots":[{"onTrack":"00:00:00","name":""}],"bestLapOnSegment":"41.179"},{"pilotName":"Карт 8","lag":"2L+04:29.05","timeFromLassPassing":"40647","endLap":false,"position":"9","lastPitTime":"00:00:00","transponderId":"5901907","teamName":"","lastLap":"","lastLapSec":"0","bestLap":"","segments":[{"pilotName":"","finishTime":"00:00:00","pilotId":"1","totalPilotTime":"00:06:36","neLength":"00:06:36","kart":"0","pitTime":""}],"lapCount":"0","lastLapS2":"","lastLapS1":"13.86","secondsFromPit":"540","isOnPit":false,"isRaketa":false,"number":"8","pitstops":"0","kart":"0","lastPitMainTime":"0","totalOnTrack":"00:06:36","midLap":"0","pilots":[{"onTrack":"00:00:00","name":""}],"bestLapOnSegment":""}],"thirdPlaceLag":"0.093","firstPlaceName":"Шиленко Олександр","bestLapRace":"39.704","teams2":{"1":{"pilotName":"Міфтахутдінов Ільяс","lag":"0.43","timeFromLassPassing":"20292","endLap":false,"position":"3","lastPitTime":"00:00:00","transponderId":"9739691","teamName":"","lastLap":"39.70","lastLapSec":"40","bestLap":"39.70","segments":[{"pilotName":"","finishTime":"00:00:00","pilotId":"1","totalPilotTime":"00:06:36","neLength":"00:06:36","kart":"0","pitTime":""}],"lapCount":"9","lastLapS2":"26.70","lastLapS1":"13.04","secondsFromPit":"540","isOnPit":false,"isRaketa":true,"number":"1","pitstops":"0","kart":"0","lastPitMainTime":"0","totalOnTrack":"00:06:36","midLap":"41.492","pilots":[{"onTrack":"00:00:00","name":""}],"bestLapOnSegment":"39.704"},"2":{"pilotName":"Родін Артем","lag":"03.95","timeFromLassPassing":"20740","endLap":false,"position":"2","lastPitTime":"00:00:00","transponderId":"8583082","teamName":"","lastLap":"40.99","lastLapSec":"41","bestLap":"40.83","segments":[{"pilotName":"","finishTime":"00:00:00","pilotId":"1","totalPilotTime":"00:06:36","neLength":"00:06:36","kart":"0","pitTime":""}],"lapCount":"9","lastLapS2":"27.47","lastLapS1":"13.38","secondsFromPit":"540","isOnPit":false,"isRaketa":false,"number":"2","pitstops":"0","kart":"0","lastPitMainTime":"0","totalOnTrack":"00:06:36","midLap":"41.774","pilots":[{"onTrack":"00:00:00","name":""}],"bestLapOnSegment":"40.831"},"3":{"pilotName":"Маніло Денис","lag":"02.80","timeFromLassPassing":"17447","endLap":false,"position":"4","lastPitTime":"00:00:00","transponderId":"5885393","teamName":"","lastLap":"40.33","lastLapSec":"40","bestLap":"40.33","segments":[{"pilotName":"","finishTime":"00:00:00","pilotId":"1","totalPilotTime":"00:06:36","neLength":"00:06:36","kart":"0","pitTime":""}],"lapCount":"9","lastLapS2":"27.09","lastLapS1":"13.24","secondsFromPit":"540","isOnPit":false,"isRaketa":false,"number":"3","pitstops":"0","kart":"0","lastPitMainTime":"0","totalOnTrack":"00:06:36","midLap":"41.792","pilots":[{"onTrack":"00:00:00","name":""}],"bestLapOnSegment":"40.337"},"4":{"pilotName":"Дорохін Антон","lag":"0.55","timeFromLassPassing":"15701","endLap":false,"position":"6","lastPitTime":"00:00:00","transponderId":"8431733","teamName":"","lastLap":"40.25","lastLapSec":"40","bestLap":"40.25","segments":[{"pilotName":"","finishTime":"00:00:00","pilotId":"1","totalPilotTime":"00:06:36","neLength":"00:06:36","kart":"0","pitTime":""}],"lapCount":"9","lastLapS2":"27.06","lastLapS1":"13.18","secondsFromPit":"540","isOnPit":false,"isRaketa":false,"number":"4","pitstops":"0","kart":"0","lastPitMainTime":"0","totalOnTrack":"00:06:36","midLap":"42.300","pilots":[{"onTrack":"00:00:00","name":""}],"bestLapOnSegment":"40.253"},"5":{"pilotName":"Шиленко Олександр","lag":"0","timeFromLassPassing":"24787","endLap":false,"position":"1","lastPitTime":"00:00:00","transponderId":"8584138","teamName":"","lastLap":"40.19","lastLapSec":"40","bestLap":"40.17","segments":[{"pilotName":"","finishTime":"00:00:00","pilotId":"1","totalPilotTime":"00:06:36","neLength":"00:06:36","kart":"0","pitTime":""}],"lapCount":"9","lastLapS2":"27.14","lastLapS1":"12.99","secondsFromPit":"540","isOnPit":false,"isRaketa":false,"number":"5","pitstops":"0","kart":"0","lastPitMainTime":"0","totalOnTrack":"00:06:36","midLap":"41.079","pilots":[{"onTrack":"00:00:00","name":""}],"bestLapOnSegment":"40.176"},"6":{"pilotName":"Вінтонів Іван","lag":"0.79","timeFromLassPassing":"15047","endLap":false,"position":"7","lastPitTime":"00:00:00","transponderId":"9661676","teamName":"","lastLap":"40.64","lastLapSec":"41","bestLap":"40.64","segments":[{"pilotName":"","finishTime":"00:00:00","pilotId":"1","totalPilotTime":"00:06:36","neLength":"00:06:36","kart":"0","pitTime":""}],"lapCount":"9","lastLapS2":"27.49","lastLapS1":"13.20","secondsFromPit":"540","isOnPit":false,"isRaketa":false,"number":"6","pitstops":"0","kart":"0","lastPitMainTime":"0","totalOnTrack":"00:06:36","midLap":"42.278","pilots":[{"onTrack":"00:00:00","name":""}],"bestLapOnSegment":"40.643"},"8":{"pilotName":"Карт 8","lag":"2L+04:29.05","timeFromLassPassing":"40647","endLap":false,"position":"9","lastPitTime":"00:00:00","transponderId":"5901907","teamName":"","lastLap":"","lastLapSec":"0","bestLap":"","segments":[{"pilotName":"","finishTime":"00:00:00","pilotId":"1","totalPilotTime":"00:06:36","neLength":"00:06:36","kart":"0","pitTime":""}],"lapCount":"0","lastLapS2":"","lastLapS1":"13.86","secondsFromPit":"540","isOnPit":false,"isRaketa":false,"number":"8","pitstops":"0","kart":"0","lastPitMainTime":"0","totalOnTrack":"00:06:36","midLap":"0","pilots":[{"onTrack":"00:00:00","name":""}],"bestLapOnSegment":""},"9":{"pilotName":"Лихошерст Олексій","lag":"6L+","timeFromLassPassing":"309693","endLap":false,"position":"8","lastPitTime":"00:00:00","transponderId":"2807865","teamName":"","lastLap":"41.17","lastLapSec":"41","bestLap":"41.17","segments":[{"pilotName":"","finishTime":"00:00:00","pilotId":"1","totalPilotTime":"00:06:36","neLength":"00:06:36","kart":"0","pitTime":""}],"lapCount":"2","lastLapS2":"27.97","lastLapS1":"13.20","secondsFromPit":"540","isOnPit":false,"isRaketa":false,"number":"9","pitstops":"0","kart":"0","lastPitMainTime":"0","totalOnTrack":"00:06:36","midLap":"42.184","pilots":[{"onTrack":"00:00:00","name":""}],"bestLapOnSegment":"41.179"},"13":{"pilotName":"Ткаченко Кирило","lag":"01.20","timeFromLassPassing":"16365","endLap":false,"position":"5","lastPitTime":"00:00:00","transponderId":"8441658","teamName":"","lastLap":"40.25","lastLapSec":"40","bestLap":"40.25","segments":[{"pilotName":"","finishTime":"00:00:00","pilotId":"1","totalPilotTime":"00:06:36","neLength":"00:06:36","kart":"0","pitTime":""}],"lapCount":"9","lastLapS2":"27.13","lastLapS1":"13.07","secondsFromPit":"540","isOnPit":false,"isRaketa":false,"number":"13","pitstops":"0","kart":"0","lastPitMainTime":"0","totalOnTrack":"00:06:36","midLap":"42.076","pilots":[{"onTrack":"00:00:00","name":""}],"bestLapOnSegment":"40.257"}},"compTeamNameFirst":"Команда1","compDiffS2":"-0.0","compDiffS1":"+0.0"},"onBoard":{"karts_on_track":[],"position":"3","timeDiff":"+0.115","firstpos_lag":"-04.396","lastLap":"39.704","onTrack":"06:36.573","position_by_time":"1","sector_2_time":"26.70","karts_on_pit":[],"second_pos_time":"40.831","second_pos_name":"Родін Артем","sector_2_lag":"+0.363","timeLag":"+0.493","sector_1_lag":"-0.050","lapCount":"9","third_pos_time":"39.704","third_pos_name":"Міфтахутдінов Ільяс","sector_1_time":"13.04","totalOnTrack":"00:06:36","prevpos_lag":"+02.805","nextpos_lag":"-0.439","bestLapOnSegment":"39.704","first_pos_time":"40.176","first_pos_name":"Шиленко Олександр"}}