{"onTablo":{"compTeamSecondS2":"0.0","compTeamSecondS1":"0.0","secondPlaceLag":"01.483","teamsByTimestamp":[4,7,5,1,13,21,3,2],"bestLapRaceNameTeam":"","finish":true,"compTeamFirstLastLap":"0.0","raceStartedButtonTimestamp":1660768334,"bestLapRaceNumberTeam":"","raceFinishedTimestamp":1660768216,"compDiff":"-0.0","bestLapRaceNamePilot":"","compTeamSecondLastLap":"0.0","secondPlaceName":"Ткаченко Кирило","karts":[1,2,3,4,5,6,7,8,9,10,11,12,13,14,15,16,17,18,19,20,21,22,33,44,69],"compTeamFirstS2":"0.0","compTeamFirstS1":"0.0","compTeamNameSecond":"Команда2","totalRaceTime":"00:06:03","thirdPlaceName":"Васильчук Назар","secondPlaceNumber":"4","isRace":true,"firstPlaceNumber":"2","thirdPlaceNumber":"7","bestS2Race":"26.620","firstPlaceLag":"","bestS1Race":"12.987","compLag":"0.0","teams":[{"pilotName":"Маніло Денис","lag":"0","timeFromLassPassing":"36151","endLap":false,"position":"1","lastPitTime":"00:00:00","transponderId":"8583082","teamName":"","lastLap":"40.48","lastLapSec":"40","bestLap":"40.44","segments":[{"pilotName":"","finishTime":"00:00:00","pilotId":"1","totalPilotTime":"00:06:03","neLength":"00:06:03","kart":"0","pitTime":""}],"lapCount":"8","lastLapS2":"27.22","lastLapS1":"13.29","secondsFromPit":"496","isOnPit":false,"isRaketa":true,"number":"2","pitstops":"0","kart":"0","lastPitMainTime":"0","totalOnTrack":"00:06:03","midLap":"40.919","pilots":[{"onTrack":"00:00:00","name":""}],"bestLapOnSegment":"40.445"},{"pilotName":"Ткаченко Кирило","lag":"01.71","timeFromLassPassing":"34502","endLap":false,"position":"2","lastPitTime":"00:00:00","transponderId":"8431733","teamName":"","lastLap":"40.92","lastLapSec":"41","bestLap":"40.23","segments":[{"pilotName":"","finishTime":"00:00:00","pilotId":"1","totalPilotTime":"00:06:03","neLength":"00:06:03","kart":"0","pitTime":""}],"lapCount":"8","lastLapS2":"27.78","lastLapS1":"13.06","secondsFromPit":"496","isOnPit":false,"isRaketa":false,"number":"4","pitstops":"0","kart":"0","lastPitMainTime":"0","totalOnTrack":"00:06:03","midLap":"40.895","pilots":[{"onTrack":"00:00:00","name":""}],"bestLapOnSegment":"40.233"},{"pilotName":"Васильчук Назар","lag":"01.03","timeFromLassPassing":"33515","endLap":false,"position":"3","lastPitTime":"00:00:00","transponderId":"9614994","teamName":"","lastLap":"41.54","lastLapSec":"42","bestLap":"40.27","segments":[{"pilotName":"","finishTime":"00:00:00","pilotId":"1","totalPilotTime":"00:06:03","neLength":"00:06:03","kart":"0","pitTime":""}],"lapCount":"8","lastLapS2":"28.54","lastLapS1":"13.02","secondsFromPit":"496","isOnPit":false,"isRaketa":false,"number":"7","pitstops":"0","kart":"0","lastPitMainTime":"0","totalOnTrack":"00:06:03","midLap":"41.227","pilots":[{"onTrack":"00:00:00","name":""}],"bestLapOnSegment":"40.274"},{"pilotName":"Кравчонок Олександр","lag":"01.45","timeFromLassPassing":"32199","endLap":false,"position":"4","lastPitTime":"00:00:00","transponderId":"8584138","teamName":"","lastLap":"41.28","lastLapSec":"41","bestLap":"40.28","segments":[{"pilotName":"","finishTime":"00:00:00","pilotId":"1","totalPilotTime":"00:06:03","neLength":"00:06:03","kart":"0","pitTime":""}],"lapCount":"8","lastLapS2":"28.16","lastLapS1":"13.10","secondsFromPit":"496","isOnPit":false,"isRaketa":false,"number":"5","pitstops":"0","kart":"0","lastPitMainTime":"0","totalOnTrack":"00:06:03","midLap":"41.085","pilots":[{"onTrack":"00:00:00","name":""}],"bestLapOnSegment":"40.289"},{"pilotName":"Шиленко Олександр","lag":"0.15","timeFromLassPassing":"31884","endLap":false,"position":"5","lastPitTime":"00:00:00","transponderId":"9739691","teamName":"","lastLap":"41.26","lastLapSec":"41","bestLap":"39.65","segments":[{"pilotName":"","finishTime":"00:00:00","pilotId":"1","totalPilotTime":"00:06:03","neLength":"00:06:03","kart":"0","pitTime":""}],"lapCount":"8","lastLapS2":"28.17","lastLapS1":"13.17","secondsFromPit":"496","isOnPit":false,"isRaketa":false,"number":"1","pitstops":"0","kart":"0","lastPitMainTime":"0","totalOnTrack":"00:06:03","midLap":"41.144","pilots":[{"onTrack":"00:00:00","name":""}],"bestLapOnSegment":"39.652"},{"pilotName":"Лантушенко Ігор","lag":"02.51","timeFromLassPassing":"29356","endLap":false,"position":"6","lastPitTime":"00:00:00","transponderId":"8441658","teamName":"","lastLap":"41.20","lastLapSec":"41","bestLap":"40.38","segments":[{"pilotName":"","finishTime":"00:00:00","pilotId":"1","totalPilotTime":"00:06:03","neLength":"00:06:03","kart":"0","pitTime":""}],"lapCount":"8","lastLapS2":"28.06","lastLapS1":"13.22","secondsFromPit":"496","isOnPit":false,"isRaketa":false,"number":"13","pitstops":"0","kart":"0","lastPitMainTime":"0","totalOnTrack":"00:06:03","midLap":"41.493","pilots":[{"onTrack":"00:00:00","name":""}],"bestLapOnSegment":"40.382"},{"pilotName":"Дорохін Антон","lag":"0.43","timeFromLassPassing":"28927","endLap":false,"position":"7","lastPitTime":"00:00:00","transponderId":"4684020","teamName":"","lastLap":"41.06","lastLapSec":"41","bestLap":"40.71","segments":[{"pilotName":"","finishTime":"00:00:00","pilotId":"1","totalPilotTime":"00:06:03","neLength":"00:06:03","kart":"0","pitTime":""}],"lapCount":"8","lastLapS2":"27.80","lastLapS1":"13.97","secondsFromPit":"496","isOnPit":false,"isRaketa":false,"number":"21","pitstops":"0","kart":"0","lastPitMainTime":"0","totalOnTrack":"00:06:03","midLap":"41.661","pilots":[{"onTrack":"00:00:00","name":""}],"bestLapOnSegment":"40.719"},{"pilotName":"Міфтахутдінов Ільяс","lag":"0.19","timeFromLassPassing":"28712","endLap":false,"position":"8","lastPitTime":"00:00:00","transponderId":"5885393","teamName":"","lastLap":"41.58","lastLapSec":"42","bestLap":"40.00","segments":[{"pilotName":"","finishTime":"00:00:00","pilotId":"1","totalPilotTime":"00:06:03","neLength":"00:06:03","kart":"0","pitTime":""}],"lapCount":"8","lastLapS2":"28.48","lastLapS1":"13.28","secondsFromPit":"496","isOnPit":false,"isRaketa":false,"number":"3","pitstops":"0","kart":"0","lastPitMainTime":"0","totalOnTrack":"00:06:03","midLap":"41.455","pilots":[{"onTrack":"00:00:00","name":""}],"bestLapOnSegment":"40.003"}],"thirdPlaceLag":"0.997","firstPlaceName":"Маніло Денис","bestLapRace":"39.652","teams2":{"1":{"pilotName":"Шиленко Олександр","lag":"0.15","timeFromLassPassing":"31884","endLap":false,"position":"5","lastPitTime":"00:00:00","transponderId":"9739691","teamName":"","lastLap":"41.26","lastLapSec":"41","bestLap":"39.65","segments":[{"pilotName":"","finishTime":"00:00:00","pilotId":"1","totalPilotTime":"00:06:03","neLength":"00:06:03","kart":"0","pitTime":""}],"lapCount":"8","lastLapS2":"28.17","lastLapS1":"13.17","secondsFromPit":"496","isOnPit":false,"isRaketa":false,"number":"1","pitstops":"0","kart":"0","lastPitMainTime":"0","totalOnTrack":"00:06:03","midLap":"41.144","pilots":[{"onTrack":"00:00:00","name":""}],"bestLapOnSegment":"39.652"},"2":{"pilotName":"Маніло Денис","lag":"0","timeFromLassPassing":"36151","endLap":false,"position":"1","lastPitTime":"00:00:00","transponderId":"8583082","teamName":"","lastLap":"40.48","lastLapSec":"40","bestLap":"40.44","segments":[{"pilotName":"","finishTime":"00:00:00","pilotId":"1","totalPilotTime":"00:06:03","neLength":"00:06:03","kart":"0","pitTime":""}],"lapCount":"8","lastLapS2":"27.22","lastLapS1":"13.29","secondsFromPit":"496","isOnPit":false,"isRaketa":true,"number":"2","pitstops":"0","kart":"0","lastPitMainTime":"0","totalOnTrack":"00:06:03","midLap":"40.919","pilots":[{"onTrack":"00:00:00","name":""}],"bestLapOnSegment":"40.445"},"3":{"pilotName":"Міфтахутдінов Ільяс","lag":"0.19","timeFromLassPassing":"28712","endLap":false,"position":"8","lastPitTime":"00:00:00","transponderId":"5885393","teamName":"","lastLap":"41.58","lastLapSec":"42","bestLap":"40.00","segments":[{"pilotName":"","finishTime":"00:00:00","pilotId":"1","totalPilotTime":"00:06:03","neLength":"00:06:03","kart":"0","pitTime":""}],"lapCount":"8","lastLapS2":"28.48","lastLapS1":"13.28","secondsFromPit":"496","isOnPit":false,"isRaketa":false,"number":"3","pitstops":"0","kart":"0","lastPitMainTime":"0","totalOnTrack":"00:06:03","midLap":"41.455","pilots":[{"onTrack":"00:00:00","name":""}],"bestLapOnSegment":"40.003"},"4":{"pilotName":"Ткаченко Кирило","lag":"01.71","timeFromLassPassing":"34502","endLap":false,"position":"2","lastPitTime":"00:00:00","transponderId":"8431733","teamName":"","lastLap":"40.92","lastLapSec":"41","bestLap":"40.23","segments":[{"pilotName":"","finishTime":"00:00:00","pilotId":"1","totalPilotTime":"00:06:03","neLength":"00:06:03","kart":"0","pitTime":""}],"lapCount":"8","lastLapS2":"27.78","lastLapS1":"13.06","secondsFromPit":"496","isOnPit":false,"isRaketa":false,"number":"4","pitstops":"0","kart":"0","lastPitMainTime":"0","totalOnTrack":"00:06:03","midLap":"40.895","pilots":[{"onTrack":"00:00:00","name":""}],"bestLapOnSegment":"40.233"},"5":{"pilotName":"Кравчонок Олександр","lag":"01.45","timeFromLassPassing":"32199","endLap":false,"position":"4","lastPitTime":"00:00:00","transponderId":"8584138","teamName":"","lastLap":"41.28","lastLapSec":"41","bestLap":"40.28","segments":[{"pilotName":"","finishTime":"00:00:00","pilotId":"1","totalPilotTime":"00:06:03","neLength":"00:06:03","kart":"0","pitTime":""}],"lapCount":"8","lastLapS2":"28.16","lastLapS1":"13.10","secondsFromPit":"496","isOnPit":false,"isRaketa":false,"number":"5","pitstops":"0","kart":"0","lastPitMainTime":"0","totalOnTrack":"00:06:03","midLap":"41.085","pilots":[{"onTrack":"00:00:00","name":""}],"bestLapOnSegment":"40.289"},"7":{"pilotName":"Васильчук Назар","lag":"01.03","timeFromLassPassing":"33515","endLap":false,"position":"3","lastPitTime":"00:00:00","transponderId":"9614994","teamName":"","lastLap":"41.54","lastLapSec":"42","bestLap":"40.27","segments":[{"pilotName":"","finishTime":"00:00:00","pilotId":"1","totalPilotTime":"00:06:03","neLength":"00:06:03","kart":"0","pitTime":""}],"lapCount":"8","lastLapS2":"28.54","lastLapS1":"13.02","secondsFromPit":"496","isOnPit":false,"isRaketa":false,"number":"7","pitstops":"0","kart":"0","lastPitMainTime":"0","totalOnTrack":"00:06:03","midLap":"41.227","pilots":[{"onTrack":"00:00:00","name":""}],"bestLapOnSegment":"40.274"},"13":{"pilotName":"Лантушенко Ігор","lag":"02.51","timeFromLassPassing":"29356","endLap":false,"position":"6","lastPitTime":"00:00:00","transponderId":"8441658","teamName":"","lastLap":"41.20","lastLapSec":"41","bestLap":"40.38","segments":[{"pilotName":"","finishTime":"00:00:00","pilotId":"1","totalPilotTime":"00:06:03","neLength":"00:06:03","kart":"0","pitTime":""}],"lapCount":"8","lastLapS2":"28.06","lastLapS1":"13.22","secondsFromPit":"496","isOnPit":false,"isRaketa":false,"number":"13","pitstops":"0","kart":"0","lastPitMainTime":"0","totalOnTrack":"00:06:03","midLap":"41.493","pilots":[{"onTrack":"00:00:00","name":""}],"bestLapOnSegment":"40.382"},"21":{"pilotName":"Дорохін Антон","lag":"0.43","timeFromLassPassing":"28927","endLap":false,"position":"7","lastPitTime":"00:00:00","transponderId":"4684020","teamName":"","lastLap":"41.06","lastLapSec":"41","bestLap":"40.71","segments":[{"pilotName":"","finishTime":"00:00:00","pilotId":"1","totalPilotTime":"00:06:03","neLength":"00:06:03","kart":"0","pitTime":""}],"lapCount":"8","lastLapS2":"27.80","lastLapS1":"13.97","secondsFromPit":"496","isOnPit":false,"isRaketa":false,"number":"21","pitstops":"0","kart":"0","lastPitMainTime":"0","totalOnTrack":"00:06:03","midLap":"41.661","pilots":[{"onTrack":"00:00:00","name":""}],"bestLapOnSegment":"40.719"}},"compTeamNameFirst":"Команда1","compDiffS2":"-0.0","compDiffS1":"+0.0"},"onBoard":{"karts_on_track":[],"position":"5","timeDiff":"-01.611","firstpos_lag":"-04.350","lastLap":"41.263","onTrack":"06:03.546","position_by_time":"1","sector_2_time":"28.17","karts_on_pit":[],"second_pos_time":"40.233","second_pos_name":"Ткаченко Кирило","sector_2_lag":"-01.557","timeLag":"-0.782","sector_1_lag":"-0.188","lapCount":"8","third_pos_time":"40.274","third_pos_name":"Васильчук Назар","sector_1_time":"13.17","totalOnTrack":"00:06:03","prevpos_lag":"+02.512","nextpos_lag":"-0.150","bestLapOnSegment":"39.652","first_pos_time":"40.445","first_pos_name":"Маніло Денис"}}