{"onTablo":{"compTeamSecondS2":"0.0","compTeamSecondS1":"0.0","secondPlaceLag":"","teamsByTimestamp":[2,4,7,1,5,13,3,21],"bestLapRaceNameTeam":"","finish":false,"compTeamFirstLastLap":"0.0","raceStartedButtonTimestamp":1660768905,"bestLapRaceNumberTeam":"","raceFinishedTimestamp":1660768895,"compDiff":"-0.0","bestLapRaceNamePilot":"","compTeamSecondLastLap":"0.0","secondPlaceName":"","karts":[1,2,3,4,5,6,7,8,9,10,11,12,13,14,15,16,17,18,19,20,21,22,33,44,69],"compTeamFirstS2":"0.0","compTeamFirstS1":"0.0","compTeamNameSecond":"Команда2","totalRaceTime":"00:07:08","thirdPlaceName":"","secondPlaceNumber":"4","isRace":true,"firstPlaceNumber":"2","thirdPlaceNumber":"7","bestS2Race":"8:20:00.000","firstPlaceLag":"","bestS1Race":"8:20:00.000","compLag":"0.0","teams":[{"pilotName":"","lag":"0","timeFromLassPassing":"19728","endLap":false,"position":"1","lastPitTime":"00:00:00","transponderId":"8583082","teamName":"","lastLap":"","lastLapSec":"0","bestLap":"","segments":[{"pilotName":"","finishTime":"00:00:00","pilotId":"1","totalPilotTime":"00:07:08","neLength":"00:07:08","kart":"0","pitTime":""}],"lapCount":"0","lastLapS2":"","lastLapS1":"","secondsFromPit":"9","isOnPit":false,"isRaketa":false,"number":"2","pitstops":"0","kart":"0","lastPitMainTime":"0","totalOnTrack":"00:07:08","midLap":"0","pilots":[{"onTrack":"00:00:00","name":""}],"bestLapOnSegment":""},{"pilotName":"","lag":"","timeFromLassPassing":"18514","endLap":false,"position":"2","lastPitTime":"00:00:00","transponderId":"8431733","teamName":"","lastLap":"","lastLapSec":"0","bestLap":"","segments":[{"pilotName":"","finishTime":"00:00:00","pilotId":"1","totalPilotTime":"00:07:08","neLength":"00:07:08","kart":"0","pitTime":""}],"lapCount":"0","lastLapS2":"","lastLapS1":"","secondsFromPit":"9","isOnPit":false,"isRaketa":false,"number":"4","pitstops":"0","kart":"0","lastPitMainTime":"0","totalOnTrack":"00:07:08","midLap":"0","pilots":[{"onTrack":"00:00:00","name":""}],"bestLapOnSegment":""},{"pilotName":"","lag":"","timeFromLassPassing":"17425","endLap":false,"position":"3","lastPitTime":"00:00:00","transponderId":"9614994","teamName":"","lastLap":"","lastLapSec":"0","bestLap":"","segments":[{"pilotName":"","finishTime":"00:00:00","pilotId":"1","totalPilotTime":"00:07:08","neLength":"00:07:08","kart":"0","pitTime":""}],"lapCount":"0","lastLapS2":"","lastLapS1":"","secondsFromPit":"9","isOnPit":false,"isRaketa":false,"number":"7","pitstops":"0","kart":"0","lastPitMainTime":"0","totalOnTrack":"00:07:08","midLap":"0","pilots":[{"onTrack":"00:00:00","name":""}],"bestLapOnSegment":""},{"pilotName":"","lag":"","timeFromLassPassing":"15669","endLap":false,"position":"4","lastPitTime":"00:00:00","transponderId":"9739691","teamName":"","lastLap":"","lastLapSec":"0","bestLap":"","segments":[{"pilotName":"","finishTime":"00:00:00","pilotId":"1","totalPilotTime":"00:07:08","neLength":"00:07:08","kart":"0","pitTime":""}],"lapCount":"0","lastLapS2":"","lastLapS1":"","secondsFromPit":"9","isOnPit":false,"isRaketa":false,"number":"1","pitstops":"0","kart":"0","lastPitMainTime":"0","totalOnTrack":"00:07:08","midLap":"0","pilots":[{"onTrack":"00:00:00","name":""}],"bestLapOnSegment":""},{"pilotName":"","lag":"","timeFromLassPassing":"14365","endLap":false,"position":"5","lastPitTime":"00:00:00","transponderId":"8584138","teamName":"","lastLap":"","lastLapSec":"0","bestLap":"","segments":[{"pilotName":"","finishTime":"00:00:00","pilotId":"1","totalPilotTime":"00:07:08","neLength":"00:07:08","kart":"0","pitTime":""}],"lapCount":"0","lastLapS2":"","lastLapS1":"","secondsFromPit":"9","isOnPit":false,"isRaketa":false,"number":"5","pitstops":"0","kart":"0","lastPitMainTime":"0","totalOnTrack":"00:07:08","midLap":"0","pilots":[{"onTrack":"00:00:00","name":""}],"bestLapOnSegment":""},{"pilotName":"","lag":"","timeFromLassPassing":"13167","endLap":false,"position":"6","lastPitTime":"00:00:00","transponderId":"8441658","teamName":"","lastLap":"","lastLapSec":"0","bestLap":"","segments":[{"pilotName":"","finishTime":"00:00:00","pilotId":"1","totalPilotTime":"00:07:08","neLength":"00:07:08","kart":"0","pitTime":""}],"lapCount":"0","lastLapS2":"","lastLapS1":"","secondsFromPit":"9","isOnPit":false,"isRaketa":false,"number":"13","pitstops":"0","kart":"0","lastPitMainTime":"0","totalOnTrack":"00:07:08","midLap":"0","pilots":[{"onTrack":"00:00:00","name":""}],"bestLapOnSegment":""},{"pilotName":"","lag":"","timeFromLassPassing":"12930","endLap":false,"position":"7","lastPitTime":"00:00:00","transponderId":"5885393","teamName":"","lastLap":"","lastLapSec":"0","bestLap":"","segments":[{"pilotName":"","finishTime":"00:00:00","pilotId":"1","totalPilotTime":"00:07:08","neLength":"00:07:08","kart":"0","pitTime":""}],"lapCount":"0","lastLapS2":"","lastLapS1":"","secondsFromPit":"9","isOnPit":false,"isRaketa":false,"number":"3","pitstops":"0","kart":"0","lastPitMainTime":"0","totalOnTrack":"00:07:08","midLap":"0","pilots":[{"onTrack":"00:00:00","name":""}],"bestLapOnSegment":""},{"pilotName":"","lag":"","timeFromLassPassing":"10965","endLap":false,"position":"8","lastPitTime":"00:00:00","transponderId":"4684020","teamName":"","lastLap":"","lastLapSec":"0","bestLap":"","segments":[{"pilotName":"","finishTime":"00:00:00","pilotId":"1","totalPilotTime":"00:07:08","neLength":"00:07:08","kart":"0","pitTime":""}],"lapCount":"0","lastLapS2":"","lastLapS1":"","secondsFromPit":"9","isOnPit":false,"isRaketa":false,"number":"21","pitstops":"0","kart":"0","lastPitMainTime":"0","totalOnTrack":"00:07:08","midLap":"0","pilots":[{"onTrack":"00:00:00","name":""}],"bestLapOnSegment":""}],"thirdPlaceLag":"","firstPlaceName":"","bestLapRace":"0","teams2":{"1":{"pilotName":"","lag":"","timeFromLassPassing":"15669","endLap":false,"position":"4","lastPitTime":"00:00:00","transponderId":"9739691","teamName":"","lastLap":"","lastLapSec":"0","bestLap":"","segments":[{"pilotName":"","finishTime":"00:00:00","pilotId":"1","totalPilotTime":"00:07:08","neLength":"00:07:08","kart":"0","pitTime":""}],"lapCount":"0","lastLapS2":"","lastLapS1":"","secondsFromPit":"9","isOnPit":false,"isRaketa":false,"number":"1","pitstops":"0","kart":"0","lastPitMainTime":"0","totalOnTrack":"00:07:08","midLap":"0","pilots":[{"onTrack":"00:00:00","name":""}],"bestLapOnSegment":""},"2":{"pilotName":"","lag":"0","timeFromLassPassing":"19728","endLap":false,"position":"1","lastPitTime":"00:00:00","transponderId":"8583082","teamName":"","lastLap":"","lastLapSec":"0","bestLap":"","segments":[{"pilotName":"","finishTime":"00:00:00","pilotId":"1","totalPilotTime":"00:07:08","neLength":"00:07:08","kart":"0","pitTime":""}],"lapCount":"0","lastLapS2":"","lastLapS1":"","secondsFromPit":"9","isOnPit":false,"isRaketa":false,"number":"2","pitstops":"0","kart":"0","lastPitMainTime":"0","totalOnTrack":"00:07:08","midLap":"0","pilots":[{"onTrack":"00:00:00","name":""}],"bestLapOnSegment":""},"3":{"pilotName":"","lag":"","timeFromLassPassing":"12930","endLap":false,"position":"7","lastPitTime":"00:00:00","transponderId":"5885393","teamName":"","lastLap":"","lastLapSec":"0","bestLap":"","segments":[{"pilotName":"","finishTime":"00:00:00","pilotId":"1","totalPilotTime":"00:07:08","neLength":"00:07:08","kart":"0","pitTime":""}],"lapCount":"0","lastLapS2":"","lastLapS1":"","secondsFromPit":"9","isOnPit":false,"isRaketa":false,"number":"3","pitstops":"0","kart":"0","lastPitMainTime":"0","totalOnTrack":"00:07:08","midLap":"0","pilots":[{"onTrack":"00:00:00","name":""}],"bestLapOnSegment":""},"4":{"pilotName":"","lag":"","timeFromLassPassing":"18514","endLap":false,"position":"2","lastPitTime":"00:00:00","transponderId":"8431733","teamName":"","lastLap":"","lastLapSec":"0","bestLap":"","segments":[{"pilotName":"","finishTime":"00:00:00","pilotId":"1","totalPilotTime":"00:07:08","neLength":"00:07:08","kart":"0","pitTime":""}],"lapCount":"0","lastLapS2":"","lastLapS1":"","secondsFromPit":"9","isOnPit":false,"isRaketa":false,"number":"4","pitstops":"0","kart":"0","lastPitMainTime":"0","totalOnTrack":"00:07:08","midLap":"0","pilots":[{"onTrack":"00:00:00","name":""}],"bestLapOnSegment":""},"5":{"pilotName":"","lag":"","timeFromLassPassing":"14365","endLap":false,"position":"5","lastPitTime":"00:00:00","transponderId":"8584138","teamName":"","lastLap":"","lastLapSec":"0","bestLap":"","segments":[{"pilotName":"","finishTime":"00:00:00","pilotId":"1","totalPilotTime":"00:07:08","neLength":"00:07:08","kart":"0","pitTime":""}],"lapCount":"0","lastLapS2":"","lastLapS1":"","secondsFromPit":"9","isOnPit":false,"isRaketa":false,"number":"5","pitstops":"0","kart":"0","lastPitMainTime":"0","totalOnTrack":"00:07:08","midLap":"0","pilots":[{"onTrack":"00:00:00","name":""}],"bestLapOnSegment":""},"7":{"pilotName":"","lag":"","timeFromLassPassing":"17425","endLap":false,"position":"3","lastPitTime":"00:00:00","transponderId":"9614994","teamName":"","lastLap":"","lastLapSec":"0","bestLap":"","segments":[{"pilotName":"","finishTime":"00:00:00","pilotId":"1","totalPilotTime":"00:07:08","neLength":"00:07:08","kart":"0","pitTime":""}],"lapCount":"0","lastLapS2":"","lastLapS1":"","secondsFromPit":"9","isOnPit":false,"isRaketa":false,"number":"7","pitstops":"0","kart":"0","lastPitMainTime":"0","totalOnTrack":"00:07:08","midLap":"0","pilots":[{"onTrack":"00:00:00","name":""}],"bestLapOnSegment":""},"13":{"pilotName":"","lag":"","timeFromLassPassing":"13167","endLap":false,"position":"6","lastPitTime":"00:00:00","transponderId":"8441658","teamName":"","lastLap":"","lastLapSec":"0","bestLap":"","segments":[{"pilotName":"","finishTime":"00:00:00","pilotId":"1","totalPilotTime":"00:07:08","neLength":"00:07:08","kart":"0","pitTime":""}],"lapCount":"0","lastLapS2":"","lastLapS1":"","secondsFromPit":"9","isOnPit":false,"isRaketa":false,"number":"13","pitstops":"0","kart":"0","lastPitMainTime":"0","totalOnTrack":"00:07:08","midLap":"0","pilots":[{"onTrack":"00:00:00","name":""}],"bestLapOnSegment":""},"21":{"pilotName":"","lag":"","timeFromLassPassing":"10965","endLap":false,"position":"8","lastPitTime":"00:00:00","transponderId":"4684020","teamName":"","lastLap":"","lastLapSec":"0","bestLap":"","segments":[{"pilotName":"","finishTime":"00:00:00","pilotId":"1","totalPilotTime":"00:07:08","neLength":"00:07:08","kart":"0","pitTime":""}],"lapCount":"0","lastLapS2":"","lastLapS1":"","secondsFromPit":"9","isOnPit":false,"isRaketa":false,"number":"21","pitstops":"0","kart":"0","lastPitMainTime":"0","totalOnTrack":"00:07:08","midLap":"0","pilots":[{"onTrack":"00:00:00","name":""}],"bestLapOnSegment":""}},"compTeamNameFirst":"Команда1","compDiffS2":"-0.0","compDiffS1":"+0.0"},"onBoard":{"karts_on_track":[],"position":"1","timeDiff":"+","firstpos_lag":"-","lastLap":"","onTrack":"11:53.162","position_by_time":"1","sector_2_time":"","karts_on_pit":[],"second_pos_time":"","second_pos_name":"","sector_2_lag":"+0.0","timeLag":"+0.0","sector_1_lag":"+0.0","lapCount":"0","third_pos_time":"","third_pos_name":"","sector_1_time":"","totalOnTrack":"00:11:53","prevpos_lag":"+","nextpos_lag":"-","bestLapOnSegment":"","first_pos_time":"","first_pos_name":""}}