{"onTablo":{"compTeamSecondS2":"0.0","compTeamSecondS1":"0.0","secondPlaceLag":"","teamsByTimestamp":[5,6,1,4,3,13,2,9],"bestLapRaceNameTeam":"","finish":true,"compTeamFirstLastLap":"0.0","raceStartedButtonTimestamp":1660766222,"bestLapRaceNumberTeam":"","raceFinishedTimestamp":1660766088,"compDiff":"-0.0","bestLapRaceNamePilot":"","compTeamSecondLastLap":"0.0","secondPlaceName":"Родін Артем","karts":[1,2,3,4,5,6,7,8,9,10,11,12,13,14,15,16,17,18,19,20,21,22,33,44,69],"compTeamFirstS2":"0.0","compTeamFirstS1":"0.0","compTeamNameSecond":"Команда2","totalRaceTime":"00:04:11","thirdPlaceName":"Вінтонів Іван","secondPlaceNumber":"2","isRace":true,"firstPlaceNumber":"5","thirdPlaceNumber":"6","bestS2Race":"27.154","firstPlaceLag":"","bestS1Race":"13.084","compLag":"0.0","teams":[{"pilotName":"Шиленко Олександр","lag":"0","timeFromLassPassing":"664","endLap":true,"position":"1","lastPitTime":"00:00:00","transponderId":"8584138","teamName":"","lastLap":"40.26","lastLapSec":"40","bestLap":"40.26","segments":[{"pilotName":"","finishTime":"00:00:00","pilotId":"1","totalPilotTime":"00:04:11","neLength":"00:04:11","kart":"0","pitTime":""}],"lapCount":"6","lastLapS2":"27.15","lastLapS1":"13.11","secondsFromPit":"395","isOnPit":false,"isRaketa":true,"number":"5","pitstops":"0","kart":"0","lastPitMainTime":"0","totalOnTrack":"00:04:11","midLap":"41.507","pilots":[{"onTrack":"00:00:00","name":""}],"bestLapOnSegment":"40.268"},{"pilotName":"Родін Артем","lag":"01.01","timeFromLassPassing":"39830","endLap":false,"position":"2","lastPitTime":"00:00:00","transponderId":"8583082","teamName":"","lastLap":"40.89","lastLapSec":"41","bestLap":"40.89","segments":[{"pilotName":"","finishTime":"00:00:00","pilotId":"1","totalPilotTime":"00:04:11","neLength":"00:04:11","kart":"0","pitTime":""}],"lapCount":"5","lastLapS2":"27.47","lastLapS1":"13.41","secondsFromPit":"395","isOnPit":false,"isRaketa":false,"number":"2","pitstops":"0","kart":"0","lastPitMainTime":"0","totalOnTrack":"00:04:11","midLap":"42.419","pilots":[{"onTrack":"00:00:00","name":""}],"bestLapOnSegment":"40.894"},{"pilotName":"Вінтонів Іван","lag":"01.37","timeFromLassPassing":"38517","endLap":false,"position":"3","lastPitTime":"00:00:00","transponderId":"9661676","teamName":"","lastLap":"42.02","lastLapSec":"42","bestLap":"41.49","segments":[{"pilotName":"","finishTime":"00:00:00","pilotId":"1","totalPilotTime":"00:04:11","neLength":"00:04:11","kart":"0","pitTime":""}],"lapCount":"5","lastLapS2":"28.31","lastLapS1":"13.32","secondsFromPit":"395","isOnPit":false,"isRaketa":false,"number":"6","pitstops":"0","kart":"0","lastPitMainTime":"0","totalOnTrack":"00:04:11","midLap":"42.439","pilots":[{"onTrack":"00:00:00","name":""}],"bestLapOnSegment":"41.497"},{"pilotName":"Міфтахутдінов Ільяс","lag":"0.13","timeFromLassPassing":"38300","endLap":false,"position":"4","lastPitTime":"00:00:00","transponderId":"9739691","teamName":"","lastLap":"41.25","lastLapSec":"41","bestLap":"40.38","segments":[{"pilotName":"","finishTime":"00:00:00","pilotId":"1","totalPilotTime":"00:04:11","neLength":"00:04:11","kart":"0","pitTime":""}],"lapCount":"5","lastLapS2":"27.70","lastLapS1":"13.37","secondsFromPit":"395","isOnPit":false,"isRaketa":false,"number":"1","pitstops":"0","kart":"0","lastPitMainTime":"0","totalOnTrack":"00:04:11","midLap":"42.124","pilots":[{"onTrack":"00:00:00","name":""}],"bestLapOnSegment":"40.383"},{"pilotName":"Дорохін Антон","lag":"0.41","timeFromLassPassing":"37852","endLap":false,"position":"5","lastPitTime":"00:00:00","transponderId":"8431733","teamName":"","lastLap":"42.37","lastLapSec":"42","bestLap":"40.91","segments":[{"pilotName":"","finishTime":"00:00:00","pilotId":"1","totalPilotTime":"00:04:11","neLength":"00:04:11","kart":"0","pitTime":""}],"lapCount":"5","lastLapS2":"28.72","lastLapS1":"13.36","secondsFromPit":"395","isOnPit":false,"isRaketa":false,"number":"4","pitstops":"0","kart":"0","lastPitMainTime":"0","totalOnTrack":"00:04:11","midLap":"42.749","pilots":[{"onTrack":"00:00:00","name":""}],"bestLapOnSegment":"40.914"},{"pilotName":"Маніло Денис","lag":"0.35","timeFromLassPassing":"37528","endLap":false,"position":"6","lastPitTime":"00:00:00","transponderId":"5885393","teamName":"","lastLap":"41.82","lastLapSec":"42","bestLap":"41.26","segments":[{"pilotName":"","finishTime":"00:00:00","pilotId":"1","totalPilotTime":"00:04:11","neLength":"00:04:11","kart":"0","pitTime":""}],"lapCount":"5","lastLapS2":"27.97","lastLapS1":"13.39","secondsFromPit":"395","isOnPit":false,"isRaketa":false,"number":"3","pitstops":"0","kart":"0","lastPitMainTime":"0","totalOnTrack":"00:04:11","midLap":"42.257","pilots":[{"onTrack":"00:00:00","name":""}],"bestLapOnSegment":"41.264"},{"pilotName":"Ткаченко Кирило","lag":"0.69","timeFromLassPassing":"36988","endLap":false,"position":"7","lastPitTime":"00:00:00","transponderId":"8441658","teamName":"","lastLap":"42.73","lastLapSec":"43","bestLap":"40.79","segments":[{"pilotName":"","finishTime":"00:00:00","pilotId":"1","totalPilotTime":"00:04:11","neLength":"00:04:11","kart":"0","pitTime":""}],"lapCount":"5","lastLapS2":"27.88","lastLapS1":"13.21","secondsFromPit":"395","isOnPit":false,"isRaketa":false,"number":"13","pitstops":"0","kart":"0","lastPitMainTime":"0","totalOnTrack":"00:04:11","midLap":"42.665","pilots":[{"onTrack":"00:00:00","name":""}],"bestLapOnSegment":"40.796"},{"pilotName":"Лихошерст Олексій","lag":"2L+","timeFromLassPassing":"164862","endLap":false,"position":"8","lastPitTime":"00:00:00","transponderId":"2807865","teamName":"","lastLap":"41.17","lastLapSec":"41","bestLap":"41.17","segments":[{"pilotName":"","finishTime":"00:00:00","pilotId":"1","totalPilotTime":"00:04:11","neLength":"00:04:11","kart":"0","pitTime":""}],"lapCount":"2","lastLapS2":"27.97","lastLapS1":"13.20","secondsFromPit":"395","isOnPit":false,"isRaketa":false,"number":"9","pitstops":"0","kart":"0","lastPitMainTime":"0","totalOnTrack":"00:04:11","midLap":"42.184","pilots":[{"onTrack":"00:00:00","name":""}],"bestLapOnSegment":"41.179"}],"thirdPlaceLag":"01.282","firstPlaceName":"Шиленко Олександр","bestLapRace":"40.268","teams2":{"1":{"pilotName":"Міфтахутдінов Ільяс","lag":"0.13","timeFromLassPassing":"38300","endLap":false,"position":"4","lastPitTime":"00:00:00","transponderId":"9739691","teamName":"","lastLap":"41.25","lastLapSec":"41","bestLap":"40.38","segments":[{"pilotName":"","finishTime":"00:00:00","pilotId":"1","totalPilotTime":"00:04:11","neLength":"00:04:11","kart":"0","pitTime":""}],"lapCount":"5","lastLapS2":"27.70","lastLapS1":"13.37","secondsFromPit":"395","isOnPit":false,"isRaketa":false,"number":"1","pitstops":"0","kart":"0","lastPitMainTime":"0","totalOnTrack":"00:04:11","midLap":"42.124","pilots":[{"onTrack":"00:00:00","name":""}],"bestLapOnSegment":"40.383"},"2":{"pilotName":"Родін Артем","lag":"01.01","timeFromLassPassing":"39830","endLap":false,"position":"2","lastPitTime":"00:00:00","transponderId":"8583082","teamName":"","lastLap":"40.89","lastLapSec":"41","bestLap":"40.89","segments":[{"pilotName":"","finishTime":"00:00:00","pilotId":"1","totalPilotTime":"00:04:11","neLength":"00:04:11","kart":"0","pitTime":""}],"lapCount":"5","lastLapS2":"27.47","lastLapS1":"13.41","secondsFromPit":"395","isOnPit":false,"isRaketa":false,"number":"2","pitstops":"0","kart":"0","lastPitMainTime":"0","totalOnTrack":"00:04:11","midLap":"42.419","pilots":[{"onTrack":"00:00:00","name":""}],"bestLapOnSegment":"40.894"},"3":{"pilotName":"Маніло Денис","lag":"0.35","timeFromLassPassing":"37528","endLap":false,"position":"6","lastPitTime":"00:00:00","transponderId":"5885393","teamName":"","lastLap":"41.82","lastLapSec":"42","bestLap":"41.26","segments":[{"pilotName":"","finishTime":"00:00:00","pilotId":"1","totalPilotTime":"00:04:11","neLength":"00:04:11","kart":"0","pitTime":""}],"lapCount":"5","lastLapS2":"27.97","lastLapS1":"13.39","secondsFromPit":"395","isOnPit":false,"isRaketa":false,"number":"3","pitstops":"0","kart":"0","lastPitMainTime":"0","totalOnTrack":"00:04:11","midLap":"42.257","pilots":[{"onTrack":"00:00:00","name":""}],"bestLapOnSegment":"41.264"},"4":{"pilotName":"Дорохін Антон","lag":"0.41","timeFromLassPassing":"37852","endLap":false,"position":"5","lastPitTime":"00:00:00","transponderId":"8431733","teamName":"","lastLap":"42.37","lastLapSec":"42","bestLap":"40.91","segments":[{"pilotName":"","finishTime":"00:00:00","pilotId":"1","totalPilotTime":"00:04:11","neLength":"00:04:11","kart":"0","pitTime":""}],"lapCount":"5","lastLapS2":"28.72","lastLapS1":"13.36","secondsFromPit":"395","isOnPit":false,"isRaketa":false,"number":"4","pitstops":"0","kart":"0","lastPitMainTime":"0","totalOnTrack":"00:04:11","midLap":"42.749","pilots":[{"onTrack":"00:00:00","name":""}],"bestLapOnSegment":"40.914"},"5":{"pilotName":"Шиленко Олександр","lag":"0","timeFromLassPassing":"664","endLap":true,"position":"1","lastPitTime":"00:00:00","transponderId":"8584138","teamName":"","lastLap":"40.26","lastLapSec":"40","bestLap":"40.26","segments":[{"pilotName":"","finishTime":"00:00:00","pilotId":"1","totalPilotTime":"00:04:11","neLength":"00:04:11","kart":"0","pitTime":""}],"lapCount":"6","lastLapS2":"27.15","lastLapS1":"13.11","secondsFromPit":"395","isOnPit":false,"isRaketa":true,"number":"5","pitstops":"0","kart":"0","lastPitMainTime":"0","totalOnTrack":"00:04:11","midLap":"41.507","pilots":[{"onTrack":"00:00:00","name":""}],"bestLapOnSegment":"40.268"},"6":{"pilotName":"Вінтонів Іван","lag":"01.37","timeFromLassPassing":"38517","endLap":false,"position":"3","lastPitTime":"00:00:00","transponderId":"9661676","teamName":"","lastLap":"42.02","lastLapSec":"42","bestLap":"41.49","segments":[{"pilotName":"","finishTime":"00:00:00","pilotId":"1","totalPilotTime":"00:04:11","neLength":"00:04:11","kart":"0","pitTime":""}],"lapCount":"5","lastLapS2":"28.31","lastLapS1":"13.32","secondsFromPit":"395","isOnPit":false,"isRaketa":false,"number":"6","pitstops":"0","kart":"0","lastPitMainTime":"0","totalOnTrack":"00:04:11","midLap":"42.439","pilots":[{"onTrack":"00:00:00","name":""}],"bestLapOnSegment":"41.497"},"9":{"pilotName":"Лихошерст Олексій","lag":"2L+","timeFromLassPassing":"164862","endLap":false,"position":"8","lastPitTime":"00:00:00","transponderId":"2807865","teamName":"","lastLap":"41.17","lastLapSec":"41","bestLap":"41.17","segments":[{"pilotName":"","finishTime":"00:00:00","pilotId":"1","totalPilotTime":"00:04:11","neLength":"00:04:11","kart":"0","pitTime":""}],"lapCount":"2","lastLapS2":"27.97","lastLapS1":"13.20","secondsFromPit":"395","isOnPit":false,"isRaketa":false,"number":"9","pitstops":"0","kart":"0","lastPitMainTime":"0","totalOnTrack":"00:04:11","midLap":"42.184","pilots":[{"onTrack":"00:00:00","name":""}],"bestLapOnSegment":"41.179"},"13":{"pilotName":"Ткаченко Кирило","lag":"0.69","timeFromLassPassing":"36988","endLap":false,"position":"7","lastPitTime":"00:00:00","transponderId":"8441658","teamName":"","lastLap":"42.73","lastLapSec":"43","bestLap":"40.79","segments":[{"pilotName":"","finishTime":"00:00:00","pilotId":"1","totalPilotTime":"00:04:11","neLength":"00:04:11","kart":"0","pitTime":""}],"lapCount":"5","lastLapS2":"27.88","lastLapS1":"13.21","secondsFromPit":"395","isOnPit":false,"isRaketa":false,"number":"13","pitstops":"0","kart":"0","lastPitMainTime":"0","totalOnTrack":"00:04:11","midLap":"42.665","pilots":[{"onTrack":"00:00:00","name":""}],"bestLapOnSegment":"40.796"}},"compTeamNameFirst":"Команда1","compDiffS2":"-0.0","compDiffS1":"+0.0"},"onBoard":{"karts_on_track":[],"position":"4","timeDiff":"-0.875","firstpos_lag":"-1 laps","lastLap":"41.258","onTrack":"04:11.742","position_by_time":"2","sector_2_time":"27.70","karts_on_pit":[],"second_pos_time":"40.894","second_pos_name":"Родін Артем","sector_2_lag":"-0.546","timeLag":"-0.990","sector_1_lag":"-0.291","lapCount":"5","third_pos_time":"41.497","third_pos_name":"Вінтонів Іван","sector_1_time":"13.37","totalOnTrack":"00:04:11","prevpos_lag":"+0.413","nextpos_lag":"-0.137","bestLapOnSegment":"40.383","first_pos_time":"40.268","first_pos_name":"Шиленко Олександр"}}