{"onTablo":{"compTeamSecondS2":"0.0","compTeamSecondS1":"0.0","secondPlaceLag":"0.247","teamsByTimestamp":[7,21,4,13,2,3,1,5],"bestLapRaceNameTeam":"","finish":true,"compTeamFirstLastLap":"0.0","raceStartedButtonTimestamp":1660768334,"bestLapRaceNumberTeam":"","raceFinishedTimestamp":1660768216,"compDiff":"-0.0","bestLapRaceNamePilot":"","compTeamSecondLastLap":"0.0","secondPlaceName":"Васильчук Назар","karts":[1,2,3,4,5,6,7,8,9,10,11,12,13,14,15,16,17,18,19,20,21,22,33,44,69],"compTeamFirstS2":"0.0","compTeamFirstS1":"0.0","compTeamNameSecond":"Команда2","totalRaceTime":"00:01:25","thirdPlaceName":"Дорохін Антон","secondPlaceNumber":"7","isRace":true,"firstPlaceNumber":"2","thirdPlaceNumber":"21","bestS2Race":"27.271","firstPlaceLag":"","bestS1Race":"13.152","compLag":"0.0","teams":[{"pilotName":"Маніло Денис","lag":"0","timeFromLassPassing":"1958","endLap":false,"position":"1","lastPitTime":"00:00:00","transponderId":"8583082","teamName":"","lastLap":"40.66","lastLapSec":"41","bestLap":"40.66","segments":[{"pilotName":"","finishTime":"00:00:00","pilotId":"1","totalPilotTime":"00:01:25","neLength":"00:01:25","kart":"0","pitTime":""}],"lapCount":"2","lastLapS2":"27.44","lastLapS1":"13.21","secondsFromPit":"219","isOnPit":false,"isRaketa":false,"number":"2","pitstops":"0","kart":"0","lastPitMainTime":"0","totalOnTrack":"00:01:25","midLap":"42.020","pilots":[{"onTrack":"00:00:00","name":""}],"bestLapOnSegment":"40.662"},{"pilotName":"Васильчук Назар","lag":"0.24","timeFromLassPassing":"1636","endLap":false,"position":"2","lastPitTime":"00:00:00","transponderId":"9614994","teamName":"","lastLap":"40.62","lastLapSec":"41","bestLap":"40.62","segments":[{"pilotName":"","finishTime":"00:00:00","pilotId":"1","totalPilotTime":"00:01:25","neLength":"00:01:25","kart":"0","pitTime":""}],"lapCount":"2","lastLapS2":"27.45","lastLapS1":"13.17","secondsFromPit":"219","isOnPit":false,"isRaketa":false,"number":"7","pitstops":"0","kart":"0","lastPitMainTime":"0","totalOnTrack":"00:01:25","midLap":"42.000","pilots":[{"onTrack":"00:00:00","name":""}],"bestLapOnSegment":"40.626"},{"pilotName":"Дорохін Антон","lag":"0.85","timeFromLassPassing":"760","endLap":true,"position":"3","lastPitTime":"00:00:00","transponderId":"4684020","teamName":"","lastLap":"40.84","lastLapSec":"41","bestLap":"40.84","segments":[{"pilotName":"","finishTime":"00:00:00","pilotId":"1","totalPilotTime":"00:01:25","neLength":"00:01:25","kart":"0","pitTime":""}],"lapCount":"2","lastLapS2":"27.45","lastLapS1":"13.39","secondsFromPit":"219","isOnPit":false,"isRaketa":false,"number":"21","pitstops":"0","kart":"0","lastPitMainTime":"0","totalOnTrack":"00:01:25","midLap":"41.889","pilots":[{"onTrack":"00:00:00","name":""}],"bestLapOnSegment":"40.845"},{"pilotName":"Ткаченко Кирило","lag":"0.25","timeFromLassPassing":"638","endLap":true,"position":"4","lastPitTime":"00:00:00","transponderId":"8431733","teamName":"","lastLap":"40.43","lastLapSec":"40","bestLap":"40.43","segments":[{"pilotName":"","finishTime":"00:00:00","pilotId":"1","totalPilotTime":"00:01:25","neLength":"00:01:25","kart":"0","pitTime":""}],"lapCount":"2","lastLapS2":"27.27","lastLapS1":"13.16","secondsFromPit":"219","isOnPit":false,"isRaketa":true,"number":"4","pitstops":"0","kart":"0","lastPitMainTime":"0","totalOnTrack":"00:01:25","midLap":"41.742","pilots":[{"onTrack":"00:00:00","name":""}],"bestLapOnSegment":"40.438"},{"pilotName":"Лантушенко Ігор","lag":"0.59","timeFromLassPassing":"91","endLap":true,"position":"5","lastPitTime":"00:00:00","transponderId":"8441658","teamName":"","lastLap":"40.46","lastLapSec":"40","bestLap":"40.46","segments":[{"pilotName":"","finishTime":"00:00:00","pilotId":"1","totalPilotTime":"00:01:25","neLength":"00:01:25","kart":"0","pitTime":""}],"lapCount":"2","lastLapS2":"27.28","lastLapS1":"13.17","secondsFromPit":"219","isOnPit":false,"isRaketa":false,"number":"13","pitstops":"0","kart":"0","lastPitMainTime":"0","totalOnTrack":"00:01:25","midLap":"41.860","pilots":[{"onTrack":"00:00:00","name":""}],"bestLapOnSegment":"40.462"},{"pilotName":"Кравчонок Олександр","lag":"0.86","timeFromLassPassing":"39603","endLap":false,"position":"6","lastPitTime":"00:00:00","transponderId":"8584138","teamName":"","lastLap":"43.52","lastLapSec":"44","bestLap":"43.52","segments":[{"pilotName":"","finishTime":"00:00:00","pilotId":"1","totalPilotTime":"00:01:25","neLength":"00:01:25","kart":"0","pitTime":""}],"lapCount":"1","lastLapS2":"28.44","lastLapS1":"13.15","secondsFromPit":"219","isOnPit":false,"isRaketa":false,"number":"5","pitstops":"0","kart":"0","lastPitMainTime":"0","totalOnTrack":"00:01:25","midLap":"43.522","pilots":[{"onTrack":"00:00:00","name":""}],"bestLapOnSegment":"43.522"},{"pilotName":"Міфтахутдінов Ільяс","lag":"0.17","timeFromLassPassing":"39372","endLap":false,"position":"7","lastPitTime":"00:00:00","transponderId":"5885393","teamName":"","lastLap":"43.35","lastLapSec":"43","bestLap":"43.35","segments":[{"pilotName":"","finishTime":"00:00:00","pilotId":"1","totalPilotTime":"00:01:25","neLength":"00:01:25","kart":"0","pitTime":""}],"lapCount":"1","lastLapS2":"28.38","lastLapS1":"13.19","secondsFromPit":"219","isOnPit":false,"isRaketa":false,"number":"3","pitstops":"0","kart":"0","lastPitMainTime":"0","totalOnTrack":"00:01:25","midLap":"43.359","pilots":[{"onTrack":"00:00:00","name":""}],"bestLapOnSegment":"43.359"},{"pilotName":"Шиленко Олександр","lag":"0.20","timeFromLassPassing":"39157","endLap":false,"position":"8","lastPitTime":"00:00:00","transponderId":"9739691","teamName":"","lastLap":"44.22","lastLapSec":"44","bestLap":"44.22","segments":[{"pilotName":"","finishTime":"00:00:00","pilotId":"1","totalPilotTime":"00:01:25","neLength":"00:01:25","kart":"0","pitTime":""}],"lapCount":"1","lastLapS2":"29.18","lastLapS1":"13.26","secondsFromPit":"219","isOnPit":false,"isRaketa":false,"number":"1","pitstops":"0","kart":"0","lastPitMainTime":"0","totalOnTrack":"00:01:25","midLap":"44.223","pilots":[{"onTrack":"00:00:00","name":""}],"bestLapOnSegment":"44.223"}],"thirdPlaceLag":"0.855","firstPlaceName":"Маніло Денис","bestLapRace":"40.438","teams2":{"1":{"pilotName":"Шиленко Олександр","lag":"0.20","timeFromLassPassing":"39157","endLap":false,"position":"8","lastPitTime":"00:00:00","transponderId":"9739691","teamName":"","lastLap":"44.22","lastLapSec":"44","bestLap":"44.22","segments":[{"pilotName":"","finishTime":"00:00:00","pilotId":"1","totalPilotTime":"00:01:25","neLength":"00:01:25","kart":"0","pitTime":""}],"lapCount":"1","lastLapS2":"29.18","lastLapS1":"13.26","secondsFromPit":"219","isOnPit":false,"isRaketa":false,"number":"1","pitstops":"0","kart":"0","lastPitMainTime":"0","totalOnTrack":"00:01:25","midLap":"44.223","pilots":[{"onTrack":"00:00:00","name":""}],"bestLapOnSegment":"44.223"},"2":{"pilotName":"Маніло Денис","lag":"0","timeFromLassPassing":"1958","endLap":false,"position":"1","lastPitTime":"00:00:00","transponderId":"8583082","teamName":"","lastLap":"40.66","lastLapSec":"41","bestLap":"40.66","segments":[{"pilotName":"","finishTime":"00:00:00","pilotId":"1","totalPilotTime":"00:01:25","neLength":"00:01:25","kart":"0","pitTime":""}],"lapCount":"2","lastLapS2":"27.44","lastLapS1":"13.21","secondsFromPit":"219","isOnPit":false,"isRaketa":false,"number":"2","pitstops":"0","kart":"0","lastPitMainTime":"0","totalOnTrack":"00:01:25","midLap":"42.020","pilots":[{"onTrack":"00:00:00","name":""}],"bestLapOnSegment":"40.662"},"3":{"pilotName":"Міфтахутдінов Ільяс","lag":"0.17","timeFromLassPassing":"39372","endLap":false,"position":"7","lastPitTime":"00:00:00","transponderId":"5885393","teamName":"","lastLap":"43.35","lastLapSec":"43","bestLap":"43.35","segments":[{"pilotName":"","finishTime":"00:00:00","pilotId":"1","totalPilotTime":"00:01:25","neLength":"00:01:25","kart":"0","pitTime":""}],"lapCount":"1","lastLapS2":"28.38","lastLapS1":"13.19","secondsFromPit":"219","isOnPit":false,"isRaketa":false,"number":"3","pitstops":"0","kart":"0","lastPitMainTime":"0","totalOnTrack":"00:01:25","midLap":"43.359","pilots":[{"onTrack":"00:00:00","name":""}],"bestLapOnSegment":"43.359"},"4":{"pilotName":"Ткаченко Кирило","lag":"0.25","timeFromLassPassing":"638","endLap":true,"position":"4","lastPitTime":"00:00:00","transponderId":"8431733","teamName":"","lastLap":"40.43","lastLapSec":"40","bestLap":"40.43","segments":[{"pilotName":"","finishTime":"00:00:00","pilotId":"1","totalPilotTime":"00:01:25","neLength":"00:01:25","kart":"0","pitTime":""}],"lapCount":"2","lastLapS2":"27.27","lastLapS1":"13.16","secondsFromPit":"219","isOnPit":false,"isRaketa":true,"number":"4","pitstops":"0","kart":"0","lastPitMainTime":"0","totalOnTrack":"00:01:25","midLap":"41.742","pilots":[{"onTrack":"00:00:00","name":""}],"bestLapOnSegment":"40.438"},"5":{"pilotName":"Кравчонок Олександр","lag":"0.86","timeFromLassPassing":"39603","endLap":false,"position":"6","lastPitTime":"00:00:00","transponderId":"8584138","teamName":"","lastLap":"43.52","lastLapSec":"44","bestLap":"43.52","segments":[{"pilotName":"","finishTime":"00:00:00","pilotId":"1","totalPilotTime":"00:01:25","neLength":"00:01:25","kart":"0","pitTime":""}],"lapCount":"1","lastLapS2":"28.44","lastLapS1":"13.15","secondsFromPit":"219","isOnPit":false,"isRaketa":false,"number":"5","pitstops":"0","kart":"0","lastPitMainTime":"0","totalOnTrack":"00:01:25","midLap":"43.522","pilots":[{"onTrack":"00:00:00","name":""}],"bestLapOnSegment":"43.522"},"7":{"pilotName":"Васильчук Назар","lag":"0.24","timeFromLassPassing":"1636","endLap":false,"position":"2","lastPitTime":"00:00:00","transponderId":"9614994","teamName":"","lastLap":"40.62","lastLapSec":"41","bestLap":"40.62","segments":[{"pilotName":"","finishTime":"00:00:00","pilotId":"1","totalPilotTime":"00:01:25","neLength":"00:01:25","kart":"0","pitTime":""}],"lapCount":"2","lastLapS2":"27.45","lastLapS1":"13.17","secondsFromPit":"219","isOnPit":false,"isRaketa":false,"number":"7","pitstops":"0","kart":"0","lastPitMainTime":"0","totalOnTrack":"00:01:25","midLap":"42.000","pilots":[{"onTrack":"00:00:00","name":""}],"bestLapOnSegment":"40.626"},"13":{"pilotName":"Лантушенко Ігор","lag":"0.59","timeFromLassPassing":"91","endLap":true,"position":"5","lastPitTime":"00:00:00","transponderId":"8441658","teamName":"","lastLap":"40.46","lastLapSec":"40","bestLap":"40.46","segments":[{"pilotName":"","finishTime":"00:00:00","pilotId":"1","totalPilotTime":"00:01:25","neLength":"00:01:25","kart":"0","pitTime":""}],"lapCount":"2","lastLapS2":"27.28","lastLapS1":"13.17","secondsFromPit":"219","isOnPit":false,"isRaketa":false,"number":"13","pitstops":"0","kart":"0","lastPitMainTime":"0","totalOnTrack":"00:01:25","midLap":"41.860","pilots":[{"onTrack":"00:00:00","name":""}],"bestLapOnSegment":"40.462"},"21":{"pilotName":"Дорохін Антон","lag":"0.85","timeFromLassPassing":"760","endLap":true,"position":"3","lastPitTime":"00:00:00","transponderId":"4684020","teamName":"","lastLap":"40.84","lastLapSec":"41","bestLap":"40.84","segments":[{"pilotName":"","finishTime":"00:00:00","pilotId":"1","totalPilotTime":"00:01:25","neLength":"00:01:25","kart":"0","pitTime":""}],"lapCount":"2","lastLapS2":"27.45","lastLapS1":"13.39","secondsFromPit":"219","isOnPit":false,"isRaketa":false,"number":"21","pitstops":"0","kart":"0","lastPitMainTime":"0","totalOnTrack":"00:01:25","midLap":"41.889","pilots":[{"onTrack":"00:00:00","name":""}],"bestLapOnSegment":"40.845"}},"compTeamNameFirst":"Команда1","compDiffS2":"-0.0","compDiffS1":"+0.0"},"onBoard":{"karts_on_track":[],"position":"8","timeDiff":"+","firstpos_lag":"-1 laps","lastLap":"44.223","onTrack":"01:25.859","position_by_time":"8","sector_2_time":"29.18","karts_on_pit":[],"second_pos_time":"40.626","second_pos_name":"Васильчук Назар","sector_2_lag":"-01.915","timeLag":"-03.785","sector_1_lag":"-0.112","lapCount":"1","third_pos_time":"40.845","third_pos_name":"Дорохін Антон","sector_1_time":"13.26","totalOnTrack":"00:01:25","prevpos_lag":"0","nextpos_lag":"-0.206","bestLapOnSegment":"44.223","first_pos_time":"40.662","first_pos_name":"Маніло Денис"}}