{"onTablo":{"compTeamSecondS2":"0.0","compTeamSecondS1":"0.0","secondPlaceLag":"01.247","teamsByTimestamp":[4,7,1,5,13,3,21,2],"bestLapRaceNameTeam":"","finish":false,"compTeamFirstLastLap":"0.0","raceStartedButtonTimestamp":1660768334,"bestLapRaceNumberTeam":"","raceFinishedTimestamp":1660768895,"compDiff":"-0.0","bestLapRaceNamePilot":"","compTeamSecondLastLap":"0.0","secondPlaceName":"Ткаченко Кирило","karts":[1,2,3,4,5,6,7,8,9,10,11,12,13,14,15,16,17,18,19,20,21,22,33,44,69],"compTeamFirstS2":"0.0","compTeamFirstS1":"0.0","compTeamNameSecond":"Команда2","totalRaceTime":"00:07:08","thirdPlaceName":"Васильчук Назар","secondPlaceNumber":"4","isRace":true,"firstPlaceNumber":"2","thirdPlaceNumber":"7","bestS2Race":"26.620","firstPlaceLag":"","bestS1Race":"12.987","compLag":"0.0","teams":[{"pilotName":"Маніло Денис","lag":"0","timeFromLassPassing":"19728","endLap":false,"position":"1","lastPitTime":"00:00:00","transponderId":"8583082","teamName":"","lastLap":"40.51","lastLapSec":"41","bestLap":"40.44","segments":[{"pilotName":"","finishTime":"00:00:00","pilotId":"1","totalPilotTime":"00:07:08","neLength":"00:07:08","kart":"0","pitTime":""}],"lapCount":"10","lastLapS2":"27.27","lastLapS1":"13.24","secondsFromPit":"561","isOnPit":false,"isRaketa":false,"number":"2","pitstops":"0","kart":"0","lastPitMainTime":"0","totalOnTrack":"00:07:08","midLap":"40.834","pilots":[{"onTrack":"00:00:00","name":""}],"bestLapOnSegment":"40.445"},{"pilotName":"Ткаченко Кирило","lag":"01.24","timeFromLassPassing":"18514","endLap":false,"position":"2","lastPitTime":"00:00:00","transponderId":"8431733","teamName":"","lastLap":"40.33","lastLapSec":"40","bestLap":"40.18","segments":[{"pilotName":"","finishTime":"00:00:00","pilotId":"1","totalPilotTime":"00:07:08","neLength":"00:07:08","kart":"0","pitTime":""}],"lapCount":"10","lastLapS2":"27.20","lastLapS1":"13.13","secondsFromPit":"561","isOnPit":false,"isRaketa":false,"number":"4","pitstops":"0","kart":"0","lastPitMainTime":"0","totalOnTrack":"00:07:08","midLap":"40.768","pilots":[{"onTrack":"00:00:00","name":""}],"bestLapOnSegment":"40.182"},{"pilotName":"Васильчук Назар","lag":"01.09","timeFromLassPassing":"17425","endLap":false,"position":"3","lastPitTime":"00:00:00","transponderId":"9614994","teamName":"","lastLap":"40.39","lastLapSec":"40","bestLap":"40.18","segments":[{"pilotName":"","finishTime":"00:00:00","pilotId":"1","totalPilotTime":"00:07:08","neLength":"00:07:08","kart":"0","pitTime":""}],"lapCount":"10","lastLapS2":"27.21","lastLapS1":"13.17","secondsFromPit":"561","isOnPit":false,"isRaketa":false,"number":"7","pitstops":"0","kart":"0","lastPitMainTime":"0","totalOnTrack":"00:07:08","midLap":"41.039","pilots":[{"onTrack":"00:00:00","name":""}],"bestLapOnSegment":"40.184"},{"pilotName":"Шиленко Олександр","lag":"01.73","timeFromLassPassing":"15669","endLap":false,"position":"4","lastPitTime":"00:00:00","transponderId":"9739691","teamName":"","lastLap":"39.89","lastLapSec":"40","bestLap":"39.65","segments":[{"pilotName":"","finishTime":"00:00:00","pilotId":"1","totalPilotTime":"00:07:08","neLength":"00:07:08","kart":"0","pitTime":""}],"lapCount":"10","lastLapS2":"26.88","lastLapS1":"13.00","secondsFromPit":"561","isOnPit":false,"isRaketa":true,"number":"1","pitstops":"0","kart":"0","lastPitMainTime":"0","totalOnTrack":"00:07:08","midLap":"40.987","pilots":[{"onTrack":"00:00:00","name":""}],"bestLapOnSegment":"39.652"},{"pilotName":"Кравчонок Олександр","lag":"01.49","timeFromLassPassing":"14365","endLap":false,"position":"5","lastPitTime":"00:00:00","transponderId":"8584138","teamName":"","lastLap":"40.81","lastLapSec":"41","bestLap":"40.28","segments":[{"pilotName":"","finishTime":"00:00:00","pilotId":"1","totalPilotTime":"00:07:08","neLength":"00:07:08","kart":"0","pitTime":""}],"lapCount":"10","lastLapS2":"27.72","lastLapS1":"13.08","secondsFromPit":"561","isOnPit":false,"isRaketa":false,"number":"5","pitstops":"0","kart":"0","lastPitMainTime":"0","totalOnTrack":"00:07:08","midLap":"41.104","pilots":[{"onTrack":"00:00:00","name":""}],"bestLapOnSegment":"40.289"},{"pilotName":"Лантушенко Ігор","lag":"01.11","timeFromLassPassing":"13167","endLap":false,"position":"6","lastPitTime":"00:00:00","transponderId":"8441658","teamName":"","lastLap":"40.33","lastLapSec":"40","bestLap":"40.33","segments":[{"pilotName":"","finishTime":"00:00:00","pilotId":"1","totalPilotTime":"00:07:08","neLength":"00:07:08","kart":"0","pitTime":""}],"lapCount":"10","lastLapS2":"27.21","lastLapS1":"13.11","secondsFromPit":"561","isOnPit":false,"isRaketa":false,"number":"13","pitstops":"0","kart":"0","lastPitMainTime":"0","totalOnTrack":"00:07:08","midLap":"41.276","pilots":[{"onTrack":"00:00:00","name":""}],"bestLapOnSegment":"40.333"},{"pilotName":"Міфтахутдінов Ільяс","lag":"0.22","timeFromLassPassing":"12930","endLap":false,"position":"7","lastPitTime":"00:00:00","transponderId":"5885393","teamName":"","lastLap":"40.01","lastLapSec":"40","bestLap":"40.00","segments":[{"pilotName":"","finishTime":"00:00:00","pilotId":"1","totalPilotTime":"00:07:08","neLength":"00:07:08","kart":"0","pitTime":""}],"lapCount":"10","lastLapS2":"26.99","lastLapS1":"13.01","secondsFromPit":"561","isOnPit":false,"isRaketa":false,"number":"3","pitstops":"0","kart":"0","lastPitMainTime":"0","totalOnTrack":"00:07:08","midLap":"41.205","pilots":[{"onTrack":"00:00:00","name":""}],"bestLapOnSegment":"40.003"},{"pilotName":"Дорохін Антон","lag":"01.87","timeFromLassPassing":"10965","endLap":false,"position":"8","lastPitTime":"00:00:00","transponderId":"4684020","teamName":"","lastLap":"40.69","lastLapSec":"41","bestLap":"40.69","segments":[{"pilotName":"","finishTime":"00:00:00","pilotId":"1","totalPilotTime":"00:07:08","neLength":"00:07:08","kart":"0","pitTime":""}],"lapCount":"10","lastLapS2":"27.25","lastLapS1":"13.43","secondsFromPit":"561","isOnPit":false,"isRaketa":false,"number":"21","pitstops":"0","kart":"0","lastPitMainTime":"0","totalOnTrack":"00:07:08","midLap":"41.577","pilots":[{"onTrack":"00:00:00","name":""}],"bestLapOnSegment":"40.697"}],"thirdPlaceLag":"01.090","firstPlaceName":"Маніло Денис","bestLapRace":"39.652","teams2":{"1":{"pilotName":"Шиленко Олександр","lag":"01.73","timeFromLassPassing":"15669","endLap":false,"position":"4","lastPitTime":"00:00:00","transponderId":"9739691","teamName":"","lastLap":"39.89","lastLapSec":"40","bestLap":"39.65","segments":[{"pilotName":"","finishTime":"00:00:00","pilotId":"1","totalPilotTime":"00:07:08","neLength":"00:07:08","kart":"0","pitTime":""}],"lapCount":"10","lastLapS2":"26.88","lastLapS1":"13.00","secondsFromPit":"561","isOnPit":false,"isRaketa":true,"number":"1","pitstops":"0","kart":"0","lastPitMainTime":"0","totalOnTrack":"00:07:08","midLap":"40.987","pilots":[{"onTrack":"00:00:00","name":""}],"bestLapOnSegment":"39.652"},"2":{"pilotName":"Маніло Денис","lag":"0","timeFromLassPassing":"19728","endLap":false,"position":"1","lastPitTime":"00:00:00","transponderId":"8583082","teamName":"","lastLap":"40.51","lastLapSec":"41","bestLap":"40.44","segments":[{"pilotName":"","finishTime":"00:00:00","pilotId":"1","totalPilotTime":"00:07:08","neLength":"00:07:08","kart":"0","pitTime":""}],"lapCount":"10","lastLapS2":"27.27","lastLapS1":"13.24","secondsFromPit":"561","isOnPit":false,"isRaketa":false,"number":"2","pitstops":"0","kart":"0","lastPitMainTime":"0","totalOnTrack":"00:07:08","midLap":"40.834","pilots":[{"onTrack":"00:00:00","name":""}],"bestLapOnSegment":"40.445"},"3":{"pilotName":"Міфтахутдінов Ільяс","lag":"0.22","timeFromLassPassing":"12930","endLap":false,"position":"7","lastPitTime":"00:00:00","transponderId":"5885393","teamName":"","lastLap":"40.01","lastLapSec":"40","bestLap":"40.00","segments":[{"pilotName":"","finishTime":"00:00:00","pilotId":"1","totalPilotTime":"00:07:08","neLength":"00:07:08","kart":"0","pitTime":""}],"lapCount":"10","lastLapS2":"26.99","lastLapS1":"13.01","secondsFromPit":"561","isOnPit":false,"isRaketa":false,"number":"3","pitstops":"0","kart":"0","lastPitMainTime":"0","totalOnTrack":"00:07:08","midLap":"41.205","pilots":[{"onTrack":"00:00:00","name":""}],"bestLapOnSegment":"40.003"},"4":{"pilotName":"Ткаченко Кирило","lag":"01.24","timeFromLassPassing":"18514","endLap":false,"position":"2","lastPitTime":"00:00:00","transponderId":"8431733","teamName":"","lastLap":"40.33","lastLapSec":"40","bestLap":"40.18","segments":[{"pilotName":"","finishTime":"00:00:00","pilotId":"1","totalPilotTime":"00:07:08","neLength":"00:07:08","kart":"0","pitTime":""}],"lapCount":"10","lastLapS2":"27.20","lastLapS1":"13.13","secondsFromPit":"561","isOnPit":false,"isRaketa":false,"number":"4","pitstops":"0","kart":"0","lastPitMainTime":"0","totalOnTrack":"00:07:08","midLap":"40.768","pilots":[{"onTrack":"00:00:00","name":""}],"bestLapOnSegment":"40.182"},"5":{"pilotName":"Кравчонок Олександр","lag":"01.49","timeFromLassPassing":"14365","endLap":false,"position":"5","lastPitTime":"00:00:00","transponderId":"8584138","teamName":"","lastLap":"40.81","lastLapSec":"41","bestLap":"40.28","segments":[{"pilotName":"","finishTime":"00:00:00","pilotId":"1","totalPilotTime":"00:07:08","neLength":"00:07:08","kart":"0","pitTime":""}],"lapCount":"10","lastLapS2":"27.72","lastLapS1":"13.08","secondsFromPit":"561","isOnPit":false,"isRaketa":false,"number":"5","pitstops":"0","kart":"0","lastPitMainTime":"0","totalOnTrack":"00:07:08","midLap":"41.104","pilots":[{"onTrack":"00:00:00","name":""}],"bestLapOnSegment":"40.289"},"7":{"pilotName":"Васильчук Назар","lag":"01.09","timeFromLassPassing":"17425","endLap":false,"position":"3","lastPitTime":"00:00:00","transponderId":"9614994","teamName":"","lastLap":"40.39","lastLapSec":"40","bestLap":"40.18","segments":[{"pilotName":"","finishTime":"00:00:00","pilotId":"1","totalPilotTime":"00:07:08","neLength":"00:07:08","kart":"0","pitTime":""}],"lapCount":"10","lastLapS2":"27.21","lastLapS1":"13.17","secondsFromPit":"561","isOnPit":false,"isRaketa":false,"number":"7","pitstops":"0","kart":"0","lastPitMainTime":"0","totalOnTrack":"00:07:08","midLap":"41.039","pilots":[{"onTrack":"00:00:00","name":""}],"bestLapOnSegment":"40.184"},"13":{"pilotName":"Лантушенко Ігор","lag":"01.11","timeFromLassPassing":"13167","endLap":false,"position":"6","lastPitTime":"00:00:00","transponderId":"8441658","teamName":"","lastLap":"40.33","lastLapSec":"40","bestLap":"40.33","segments":[{"pilotName":"","finishTime":"00:00:00","pilotId":"1","totalPilotTime":"00:07:08","neLength":"00:07:08","kart":"0","pitTime":""}],"lapCount":"10","lastLapS2":"27.21","lastLapS1":"13.11","secondsFromPit":"561","isOnPit":false,"isRaketa":false,"number":"13","pitstops":"0","kart":"0","lastPitMainTime":"0","totalOnTrack":"00:07:08","midLap":"41.276","pilots":[{"onTrack":"00:00:00","name":""}],"bestLapOnSegment":"40.333"},"21":{"pilotName":"Дорохін Антон","lag":"01.87","timeFromLassPassing":"10965","endLap":false,"position":"8","lastPitTime":"00:00:00","transponderId":"4684020","teamName":"","lastLap":"40.69","lastLapSec":"41","bestLap":"40.69","segments":[{"pilotName":"","finishTime":"00:00:00","pilotId":"1","totalPilotTime":"00:07:08","neLength":"00:07:08","kart":"0","pitTime":""}],"lapCount":"10","lastLapS2":"27.25","lastLapS1":"13.43","secondsFromPit":"561","isOnPit":false,"isRaketa":false,"number":"21","pitstops":"0","kart":"0","lastPitMainTime":"0","totalOnTrack":"00:07:08","midLap":"41.577","pilots":[{"onTrack":"00:00:00","name":""}],"bestLapOnSegment":"40.697"}},"compTeamNameFirst":"Команда1","compDiffS2":"-0.0","compDiffS1":"+0.0"},"onBoard":{"karts_on_track":[],"position":"4","timeDiff":"-0.239","firstpos_lag":"-04.075","lastLap":"39.891","onTrack":"07:08.237","position_by_time":"1","sector_2_time":"26.88","karts_on_pit":[],"second_pos_time":"40.182","second_pos_name":"Ткаченко Кирило","sector_2_lag":"-0.265","timeLag":"+0.120","sector_1_lag":"-0.019","lapCount":"10","third_pos_time":"40.184","third_pos_name":"Васильчук Назар","sector_1_time":"13.00","totalOnTrack":"00:07:08","prevpos_lag":"+01.491","nextpos_lag":"-01.738","bestLapOnSegment":"39.652","first_pos_time":"40.445","first_pos_name":"Маніло Денис"}}