{"onTablo":{"compTeamSecondS2":"0.0","compTeamSecondS1":"0.0","secondPlaceLag":"0.231","teamsByTimestamp":[7,4,5,21,1,13,3,2],"bestLapRaceNameTeam":"","finish":true,"compTeamFirstLastLap":"0.0","raceStartedButtonTimestamp":1660768334,"bestLapRaceNumberTeam":"","raceFinishedTimestamp":1660768216,"compDiff":"-0.0","bestLapRaceNamePilot":"","compTeamSecondLastLap":"0.0","secondPlaceName":"Васильчук Назар","karts":[1,2,3,4,5,6,7,8,9,10,11,12,13,14,15,16,17,18,19,20,21,22,33,44,69],"compTeamFirstS2":"0.0","compTeamFirstS1":"0.0","compTeamNameSecond":"Команда2","totalRaceTime":"00:04:04","thirdPlaceName":"Ткаченко Кирило","secondPlaceNumber":"7","isRace":true,"firstPlaceNumber":"2","thirdPlaceNumber":"4","bestS2Race":"26.675","firstPlaceLag":"","bestS1Race":"13.007","compLag":"0.0","teams":[{"pilotName":"Маніло Денис","lag":"0","timeFromLassPassing":"38631","endLap":false,"position":"1","lastPitTime":"00:00:00","transponderId":"8583082","teamName":"","lastLap":"40.51","lastLapSec":"41","bestLap":"40.51","segments":[{"pilotName":"","finishTime":"00:00:00","pilotId":"1","totalPilotTime":"00:04:04","neLength":"00:04:04","kart":"0","pitTime":""}],"lapCount":"5","lastLapS2":"27.25","lastLapS1":"13.34","secondsFromPit":"377","isOnPit":false,"isRaketa":false,"number":"2","pitstops":"0","kart":"0","lastPitMainTime":"0","totalOnTrack":"00:04:04","midLap":"41.138","pilots":[{"onTrack":"00:00:00","name":""}],"bestLapOnSegment":"40.515"},{"pilotName":"Васильчук Назар","lag":"0.22","timeFromLassPassing":"38416","endLap":false,"position":"2","lastPitTime":"00:00:00","transponderId":"9614994","teamName":"","lastLap":"40.27","lastLapSec":"40","bestLap":"40.27","segments":[{"pilotName":"","finishTime":"00:00:00","pilotId":"1","totalPilotTime":"00:04:04","neLength":"00:04:04","kart":"0","pitTime":""}],"lapCount":"5","lastLapS2":"27.13","lastLapS1":"13.35","secondsFromPit":"377","isOnPit":false,"isRaketa":false,"number":"7","pitstops":"0","kart":"0","lastPitMainTime":"0","totalOnTrack":"00:04:04","midLap":"41.125","pilots":[{"onTrack":"00:00:00","name":""}],"bestLapOnSegment":"40.274"},{"pilotName":"Ткаченко Кирило","lag":"0.41","timeFromLassPassing":"37985","endLap":false,"position":"3","lastPitTime":"00:00:00","transponderId":"8431733","teamName":"","lastLap":"40.23","lastLapSec":"40","bestLap":"40.23","segments":[{"pilotName":"","finishTime":"00:00:00","pilotId":"1","totalPilotTime":"00:04:04","neLength":"00:04:04","kart":"0","pitTime":""}],"lapCount":"5","lastLapS2":"27.08","lastLapS1":"13.12","secondsFromPit":"377","isOnPit":false,"isRaketa":false,"number":"4","pitstops":"0","kart":"0","lastPitMainTime":"0","totalOnTrack":"00:04:04","midLap":"40.882","pilots":[{"onTrack":"00:00:00","name":""}],"bestLapOnSegment":"40.233"},{"pilotName":"Кравчонок Олександр","lag":"03.02","timeFromLassPassing":"35127","endLap":false,"position":"4","lastPitTime":"00:00:00","transponderId":"8584138","teamName":"","lastLap":"40.79","lastLapSec":"41","bestLap":"40.28","segments":[{"pilotName":"","finishTime":"00:00:00","pilotId":"1","totalPilotTime":"00:04:04","neLength":"00:04:04","kart":"0","pitTime":""}],"lapCount":"5","lastLapS2":"27.78","lastLapS1":"13.10","secondsFromPit":"377","isOnPit":false,"isRaketa":false,"number":"5","pitstops":"0","kart":"0","lastPitMainTime":"0","totalOnTrack":"00:04:04","midLap":"41.296","pilots":[{"onTrack":"00:00:00","name":""}],"bestLapOnSegment":"40.289"},{"pilotName":"Дорохін Антон","lag":"0.47","timeFromLassPassing":"34588","endLap":false,"position":"5","lastPitTime":"00:00:00","transponderId":"4684020","teamName":"","lastLap":"41.95","lastLapSec":"42","bestLap":"40.71","segments":[{"pilotName":"","finishTime":"00:00:00","pilotId":"1","totalPilotTime":"00:04:04","neLength":"00:04:04","kart":"0","pitTime":""}],"lapCount":"5","lastLapS2":"28.62","lastLapS1":"13.67","secondsFromPit":"377","isOnPit":false,"isRaketa":false,"number":"21","pitstops":"0","kart":"0","lastPitMainTime":"0","totalOnTrack":"00:04:04","midLap":"41.693","pilots":[{"onTrack":"00:00:00","name":""}],"bestLapOnSegment":"40.719"},{"pilotName":"Шиленко Олександр","lag":"0.14","timeFromLassPassing":"34299","endLap":false,"position":"6","lastPitTime":"00:00:00","transponderId":"9739691","teamName":"","lastLap":"39.72","lastLapSec":"40","bestLap":"39.72","segments":[{"pilotName":"","finishTime":"00:00:00","pilotId":"1","totalPilotTime":"00:04:04","neLength":"00:04:04","kart":"0","pitTime":""}],"lapCount":"5","lastLapS2":"26.67","lastLapS1":"13.64","secondsFromPit":"377","isOnPit":false,"isRaketa":true,"number":"1","pitstops":"0","kart":"0","lastPitMainTime":"0","totalOnTrack":"00:04:04","midLap":"41.485","pilots":[{"onTrack":"00:00:00","name":""}],"bestLapOnSegment":"39.723"},{"pilotName":"Лантушенко Ігор","lag":"01.06","timeFromLassPassing":"33389","endLap":false,"position":"7","lastPitTime":"00:00:00","transponderId":"8441658","teamName":"","lastLap":"40.38","lastLapSec":"40","bestLap":"40.38","segments":[{"pilotName":"","finishTime":"00:00:00","pilotId":"1","totalPilotTime":"00:04:04","neLength":"00:04:04","kart":"0","pitTime":""}],"lapCount":"5","lastLapS2":"27.16","lastLapS1":"13.11","secondsFromPit":"377","isOnPit":false,"isRaketa":false,"number":"13","pitstops":"0","kart":"0","lastPitMainTime":"0","totalOnTrack":"00:04:04","midLap":"41.753","pilots":[{"onTrack":"00:00:00","name":""}],"bestLapOnSegment":"40.382"},{"pilotName":"Міфтахутдінов Ільяс","lag":"01.45","timeFromLassPassing":"31854","endLap":false,"position":"8","lastPitTime":"00:00:00","transponderId":"5885393","teamName":"","lastLap":"40.31","lastLapSec":"40","bestLap":"40.31","segments":[{"pilotName":"","finishTime":"00:00:00","pilotId":"1","totalPilotTime":"00:04:04","neLength":"00:04:04","kart":"0","pitTime":""}],"lapCount":"5","lastLapS2":"27.04","lastLapS1":"13.02","secondsFromPit":"377","isOnPit":false,"isRaketa":false,"number":"3","pitstops":"0","kart":"0","lastPitMainTime":"0","totalOnTrack":"00:04:04","midLap":"41.856","pilots":[{"onTrack":"00:00:00","name":""}],"bestLapOnSegment":"40.318"}],"thirdPlaceLag":"0.184","firstPlaceName":"Маніло Денис","bestLapRace":"39.723","teams2":{"1":{"pilotName":"Шиленко Олександр","lag":"0.14","timeFromLassPassing":"34299","endLap":false,"position":"6","lastPitTime":"00:00:00","transponderId":"9739691","teamName":"","lastLap":"39.72","lastLapSec":"40","bestLap":"39.72","segments":[{"pilotName":"","finishTime":"00:00:00","pilotId":"1","totalPilotTime":"00:04:04","neLength":"00:04:04","kart":"0","pitTime":""}],"lapCount":"5","lastLapS2":"26.67","lastLapS1":"13.64","secondsFromPit":"377","isOnPit":false,"isRaketa":true,"number":"1","pitstops":"0","kart":"0","lastPitMainTime":"0","totalOnTrack":"00:04:04","midLap":"41.485","pilots":[{"onTrack":"00:00:00","name":""}],"bestLapOnSegment":"39.723"},"2":{"pilotName":"Маніло Денис","lag":"0","timeFromLassPassing":"38631","endLap":false,"position":"1","lastPitTime":"00:00:00","transponderId":"8583082","teamName":"","lastLap":"40.51","lastLapSec":"41","bestLap":"40.51","segments":[{"pilotName":"","finishTime":"00:00:00","pilotId":"1","totalPilotTime":"00:04:04","neLength":"00:04:04","kart":"0","pitTime":""}],"lapCount":"5","lastLapS2":"27.25","lastLapS1":"13.34","secondsFromPit":"377","isOnPit":false,"isRaketa":false,"number":"2","pitstops":"0","kart":"0","lastPitMainTime":"0","totalOnTrack":"00:04:04","midLap":"41.138","pilots":[{"onTrack":"00:00:00","name":""}],"bestLapOnSegment":"40.515"},"3":{"pilotName":"Міфтахутдінов Ільяс","lag":"01.45","timeFromLassPassing":"31854","endLap":false,"position":"8","lastPitTime":"00:00:00","transponderId":"5885393","teamName":"","lastLap":"40.31","lastLapSec":"40","bestLap":"40.31","segments":[{"pilotName":"","finishTime":"00:00:00","pilotId":"1","totalPilotTime":"00:04:04","neLength":"00:04:04","kart":"0","pitTime":""}],"lapCount":"5","lastLapS2":"27.04","lastLapS1":"13.02","secondsFromPit":"377","isOnPit":false,"isRaketa":false,"number":"3","pitstops":"0","kart":"0","lastPitMainTime":"0","totalOnTrack":"00:04:04","midLap":"41.856","pilots":[{"onTrack":"00:00:00","name":""}],"bestLapOnSegment":"40.318"},"4":{"pilotName":"Ткаченко Кирило","lag":"0.41","timeFromLassPassing":"37985","endLap":false,"position":"3","lastPitTime":"00:00:00","transponderId":"8431733","teamName":"","lastLap":"40.23","lastLapSec":"40","bestLap":"40.23","segments":[{"pilotName":"","finishTime":"00:00:00","pilotId":"1","totalPilotTime":"00:04:04","neLength":"00:04:04","kart":"0","pitTime":""}],"lapCount":"5","lastLapS2":"27.08","lastLapS1":"13.12","secondsFromPit":"377","isOnPit":false,"isRaketa":false,"number":"4","pitstops":"0","kart":"0","lastPitMainTime":"0","totalOnTrack":"00:04:04","midLap":"40.882","pilots":[{"onTrack":"00:00:00","name":""}],"bestLapOnSegment":"40.233"},"5":{"pilotName":"Кравчонок Олександр","lag":"03.02","timeFromLassPassing":"35127","endLap":false,"position":"4","lastPitTime":"00:00:00","transponderId":"8584138","teamName":"","lastLap":"40.79","lastLapSec":"41","bestLap":"40.28","segments":[{"pilotName":"","finishTime":"00:00:00","pilotId":"1","totalPilotTime":"00:04:04","neLength":"00:04:04","kart":"0","pitTime":""}],"lapCount":"5","lastLapS2":"27.78","lastLapS1":"13.10","secondsFromPit":"377","isOnPit":false,"isRaketa":false,"number":"5","pitstops":"0","kart":"0","lastPitMainTime":"0","totalOnTrack":"00:04:04","midLap":"41.296","pilots":[{"onTrack":"00:00:00","name":""}],"bestLapOnSegment":"40.289"},"7":{"pilotName":"Васильчук Назар","lag":"0.22","timeFromLassPassing":"38416","endLap":false,"position":"2","lastPitTime":"00:00:00","transponderId":"9614994","teamName":"","lastLap":"40.27","lastLapSec":"40","bestLap":"40.27","segments":[{"pilotName":"","finishTime":"00:00:00","pilotId":"1","totalPilotTime":"00:04:04","neLength":"00:04:04","kart":"0","pitTime":""}],"lapCount":"5","lastLapS2":"27.13","lastLapS1":"13.35","secondsFromPit":"377","isOnPit":false,"isRaketa":false,"number":"7","pitstops":"0","kart":"0","lastPitMainTime":"0","totalOnTrack":"00:04:04","midLap":"41.125","pilots":[{"onTrack":"00:00:00","name":""}],"bestLapOnSegment":"40.274"},"13":{"pilotName":"Лантушенко Ігор","lag":"01.06","timeFromLassPassing":"33389","endLap":false,"position":"7","lastPitTime":"00:00:00","transponderId":"8441658","teamName":"","lastLap":"40.38","lastLapSec":"40","bestLap":"40.38","segments":[{"pilotName":"","finishTime":"00:00:00","pilotId":"1","totalPilotTime":"00:04:04","neLength":"00:04:04","kart":"0","pitTime":""}],"lapCount":"5","lastLapS2":"27.16","lastLapS1":"13.11","secondsFromPit":"377","isOnPit":false,"isRaketa":false,"number":"13","pitstops":"0","kart":"0","lastPitMainTime":"0","totalOnTrack":"00:04:04","midLap":"41.753","pilots":[{"onTrack":"00:00:00","name":""}],"bestLapOnSegment":"40.382"},"21":{"pilotName":"Дорохін Антон","lag":"0.47","timeFromLassPassing":"34588","endLap":false,"position":"5","lastPitTime":"00:00:00","transponderId":"4684020","teamName":"","lastLap":"41.95","lastLapSec":"42","bestLap":"40.71","segments":[{"pilotName":"","finishTime":"00:00:00","pilotId":"1","totalPilotTime":"00:04:04","neLength":"00:04:04","kart":"0","pitTime":""}],"lapCount":"5","lastLapS2":"28.62","lastLapS1":"13.67","secondsFromPit":"377","isOnPit":false,"isRaketa":false,"number":"21","pitstops":"0","kart":"0","lastPitMainTime":"0","totalOnTrack":"00:04:04","midLap":"41.693","pilots":[{"onTrack":"00:00:00","name":""}],"bestLapOnSegment":"40.719"}},"compTeamNameFirst":"Команда1","compDiffS2":"-0.0","compDiffS1":"+0.0"},"onBoard":{"karts_on_track":[],"position":"6","timeDiff":"+0.755","firstpos_lag":"-04.282","lastLap":"39.723","onTrack":"04:04.270","position_by_time":"1","sector_2_time":"26.67","karts_on_pit":[],"second_pos_time":"40.274","second_pos_name":"Васильчук Назар","sector_2_lag":"+0.365","timeLag":"+0.510","sector_1_lag":"-0.641","lapCount":"5","third_pos_time":"40.233","third_pos_name":"Ткаченко Кирило","sector_1_time":"13.64","totalOnTrack":"00:04:04","prevpos_lag":"+01.062","nextpos_lag":"-0.145","bestLapOnSegment":"39.723","first_pos_time":"40.515","first_pos_name":"Маніло Денис"}}