{"onTablo":{"compTeamSecondS2":"0.0","compTeamSecondS1":"0.0","secondPlaceLag":"","teamsByTimestamp":[5,1,3,13,4,6,2,8,9],"bestLapRaceNameTeam":"","finish":true,"compTeamFirstLastLap":"0.0","raceStartedButtonTimestamp":1660766222,"bestLapRaceNumberTeam":"","raceFinishedTimestamp":1660766088,"compDiff":"-0.0","bestLapRaceNamePilot":"","compTeamSecondLastLap":"0.0","secondPlaceName":"Родін Артем","karts":[1,2,3,4,5,6,7,8,9,10,11,12,13,14,15,16,17,18,19,20,21,22,33,44,69],"compTeamFirstS2":"0.0","compTeamFirstS1":"0.0","compTeamNameSecond":"Команда2","totalRaceTime":"00:06:12","thirdPlaceName":"Міфтахутдінов Ільяс","secondPlaceNumber":"2","isRace":true,"firstPlaceNumber":"5","thirdPlaceNumber":"1","bestS2Race":"26.802","firstPlaceLag":"","bestS1Race":"13.000","compLag":"0.0","teams":[{"pilotName":"Шиленко Олександр","lag":"0","timeFromLassPassing":"546","endLap":true,"position":"1","lastPitTime":"00:00:00","transponderId":"8584138","teamName":"","lastLap":"40.19","lastLapSec":"40","bestLap":"40.17","segments":[{"pilotName":"","finishTime":"00:00:00","pilotId":"1","totalPilotTime":"00:06:12","neLength":"00:06:12","kart":"0","pitTime":""}],"lapCount":"9","lastLapS2":"27.14","lastLapS1":"13.05","secondsFromPit":"516","isOnPit":false,"isRaketa":false,"number":"5","pitstops":"0","kart":"0","lastPitMainTime":"0","totalOnTrack":"00:06:12","midLap":"41.079","pilots":[{"onTrack":"00:00:00","name":""}],"bestLapOnSegment":"40.176"},{"pilotName":"Родін Артем","lag":"03.16","timeFromLassPassing":"37522","endLap":false,"position":"2","lastPitTime":"00:00:00","transponderId":"8583082","teamName":"","lastLap":"40.83","lastLapSec":"41","bestLap":"40.83","segments":[{"pilotName":"","finishTime":"00:00:00","pilotId":"1","totalPilotTime":"00:06:12","neLength":"00:06:12","kart":"0","pitTime":""}],"lapCount":"8","lastLapS2":"27.47","lastLapS1":"13.51","secondsFromPit":"516","isOnPit":false,"isRaketa":false,"number":"2","pitstops":"0","kart":"0","lastPitMainTime":"0","totalOnTrack":"00:06:12","midLap":"41.872","pilots":[{"onTrack":"00:00:00","name":""}],"bestLapOnSegment":"40.831"},{"pilotName":"Міфтахутдінов Ільяс","lag":"01.72","timeFromLassPassing":"35774","endLap":false,"position":"3","lastPitTime":"00:00:00","transponderId":"9739691","teamName":"","lastLap":"39.81","lastLapSec":"40","bestLap":"39.81","segments":[{"pilotName":"","finishTime":"00:00:00","pilotId":"1","totalPilotTime":"00:06:12","neLength":"00:06:12","kart":"0","pitTime":""}],"lapCount":"8","lastLapS2":"26.80","lastLapS1":"13.00","secondsFromPit":"516","isOnPit":false,"isRaketa":true,"number":"1","pitstops":"0","kart":"0","lastPitMainTime":"0","totalOnTrack":"00:06:12","midLap":"41.715","pilots":[{"onTrack":"00:00:00","name":""}],"bestLapOnSegment":"39.819"},{"pilotName":"Маніло Денис","lag":"02.17","timeFromLassPassing":"33584","endLap":false,"position":"4","lastPitTime":"00:00:00","transponderId":"5885393","teamName":"","lastLap":"40.92","lastLapSec":"41","bestLap":"40.92","segments":[{"pilotName":"","finishTime":"00:00:00","pilotId":"1","totalPilotTime":"00:06:12","neLength":"00:06:12","kart":"0","pitTime":""}],"lapCount":"8","lastLapS2":"27.20","lastLapS1":"13.24","secondsFromPit":"516","isOnPit":false,"isRaketa":false,"number":"3","pitstops":"0","kart":"0","lastPitMainTime":"0","totalOnTrack":"00:06:12","midLap":"41.974","pilots":[{"onTrack":"00:00:00","name":""}],"bestLapOnSegment":"40.928"},{"pilotName":"Ткаченко Кирило","lag":"01.28","timeFromLassPassing":"32394","endLap":false,"position":"5","lastPitTime":"00:00:00","transponderId":"8441658","teamName":"","lastLap":"41.94","lastLapSec":"42","bestLap":"40.79","segments":[{"pilotName":"","finishTime":"00:00:00","pilotId":"1","totalPilotTime":"00:06:12","neLength":"00:06:12","kart":"0","pitTime":""}],"lapCount":"8","lastLapS2":"28.11","lastLapS1":"13.12","secondsFromPit":"516","isOnPit":false,"isRaketa":false,"number":"13","pitstops":"0","kart":"0","lastPitMainTime":"0","totalOnTrack":"00:06:12","midLap":"42.303","pilots":[{"onTrack":"00:00:00","name":""}],"bestLapOnSegment":"40.796"},{"pilotName":"Дорохін Антон","lag":"0.56","timeFromLassPassing":"31732","endLap":false,"position":"6","lastPitTime":"00:00:00","transponderId":"8431733","teamName":"","lastLap":"42.29","lastLapSec":"42","bestLap":"40.91","segments":[{"pilotName":"","finishTime":"00:00:00","pilotId":"1","totalPilotTime":"00:06:12","neLength":"00:06:12","kart":"0","pitTime":""}],"lapCount":"8","lastLapS2":"28.48","lastLapS1":"13.18","secondsFromPit":"516","isOnPit":false,"isRaketa":false,"number":"4","pitstops":"0","kart":"0","lastPitMainTime":"0","totalOnTrack":"00:06:12","midLap":"42.556","pilots":[{"onTrack":"00:00:00","name":""}],"bestLapOnSegment":"40.914"},{"pilotName":"Вінтонів Іван","lag":"0.40","timeFromLassPassing":"31298","endLap":false,"position":"7","lastPitTime":"00:00:00","transponderId":"9661676","teamName":"","lastLap":"43.09","lastLapSec":"43","bestLap":"41.49","segments":[{"pilotName":"","finishTime":"00:00:00","pilotId":"1","totalPilotTime":"00:06:12","neLength":"00:06:12","kart":"0","pitTime":""}],"lapCount":"8","lastLapS2":"29.10","lastLapS1":"13.15","secondsFromPit":"516","isOnPit":false,"isRaketa":false,"number":"6","pitstops":"0","kart":"0","lastPitMainTime":"0","totalOnTrack":"00:06:12","midLap":"42.482","pilots":[{"onTrack":"00:00:00","name":""}],"bestLapOnSegment":"41.497"},{"pilotName":"Лихошерст Олексій","lag":"5L+","timeFromLassPassing":"285455","endLap":false,"position":"8","lastPitTime":"00:00:00","transponderId":"2807865","teamName":"","lastLap":"41.17","lastLapSec":"41","bestLap":"41.17","segments":[{"pilotName":"","finishTime":"00:00:00","pilotId":"1","totalPilotTime":"00:06:12","neLength":"00:06:12","kart":"0","pitTime":""}],"lapCount":"2","lastLapS2":"27.97","lastLapS1":"13.20","secondsFromPit":"516","isOnPit":false,"isRaketa":false,"number":"9","pitstops":"0","kart":"0","lastPitMainTime":"0","totalOnTrack":"00:06:12","midLap":"42.184","pilots":[{"onTrack":"00:00:00","name":""}],"bestLapOnSegment":"41.179"},{"pilotName":"Карт 8","lag":"2L+04:29.05","timeFromLassPassing":"16409","endLap":false,"position":"9","lastPitTime":"00:00:00","transponderId":"5901907","teamName":"","lastLap":"","lastLapSec":"0","bestLap":"","segments":[{"pilotName":"","finishTime":"00:00:00","pilotId":"1","totalPilotTime":"00:06:12","neLength":"00:06:12","kart":"0","pitTime":""}],"lapCount":"0","lastLapS2":"","lastLapS1":"13.86","secondsFromPit":"516","isOnPit":false,"isRaketa":false,"number":"8","pitstops":"0","kart":"0","lastPitMainTime":"0","totalOnTrack":"00:06:12","midLap":"0","pilots":[{"onTrack":"00:00:00","name":""}],"bestLapOnSegment":""}],"thirdPlaceLag":"01.211","firstPlaceName":"Шиленко Олександр","bestLapRace":"39.819","teams2":{"1":{"pilotName":"Міфтахутдінов Ільяс","lag":"01.72","timeFromLassPassing":"35774","endLap":false,"position":"3","lastPitTime":"00:00:00","transponderId":"9739691","teamName":"","lastLap":"39.81","lastLapSec":"40","bestLap":"39.81","segments":[{"pilotName":"","finishTime":"00:00:00","pilotId":"1","totalPilotTime":"00:06:12","neLength":"00:06:12","kart":"0","pitTime":""}],"lapCount":"8","lastLapS2":"26.80","lastLapS1":"13.00","secondsFromPit":"516","isOnPit":false,"isRaketa":true,"number":"1","pitstops":"0","kart":"0","lastPitMainTime":"0","totalOnTrack":"00:06:12","midLap":"41.715","pilots":[{"onTrack":"00:00:00","name":""}],"bestLapOnSegment":"39.819"},"2":{"pilotName":"Родін Артем","lag":"03.16","timeFromLassPassing":"37522","endLap":false,"position":"2","lastPitTime":"00:00:00","transponderId":"8583082","teamName":"","lastLap":"40.83","lastLapSec":"41","bestLap":"40.83","segments":[{"pilotName":"","finishTime":"00:00:00","pilotId":"1","totalPilotTime":"00:06:12","neLength":"00:06:12","kart":"0","pitTime":""}],"lapCount":"8","lastLapS2":"27.47","lastLapS1":"13.51","secondsFromPit":"516","isOnPit":false,"isRaketa":false,"number":"2","pitstops":"0","kart":"0","lastPitMainTime":"0","totalOnTrack":"00:06:12","midLap":"41.872","pilots":[{"onTrack":"00:00:00","name":""}],"bestLapOnSegment":"40.831"},"3":{"pilotName":"Маніло Денис","lag":"02.17","timeFromLassPassing":"33584","endLap":false,"position":"4","lastPitTime":"00:00:00","transponderId":"5885393","teamName":"","lastLap":"40.92","lastLapSec":"41","bestLap":"40.92","segments":[{"pilotName":"","finishTime":"00:00:00","pilotId":"1","totalPilotTime":"00:06:12","neLength":"00:06:12","kart":"0","pitTime":""}],"lapCount":"8","lastLapS2":"27.20","lastLapS1":"13.24","secondsFromPit":"516","isOnPit":false,"isRaketa":false,"number":"3","pitstops":"0","kart":"0","lastPitMainTime":"0","totalOnTrack":"00:06:12","midLap":"41.974","pilots":[{"onTrack":"00:00:00","name":""}],"bestLapOnSegment":"40.928"},"4":{"pilotName":"Дорохін Антон","lag":"0.56","timeFromLassPassing":"31732","endLap":false,"position":"6","lastPitTime":"00:00:00","transponderId":"8431733","teamName":"","lastLap":"42.29","lastLapSec":"42","bestLap":"40.91","segments":[{"pilotName":"","finishTime":"00:00:00","pilotId":"1","totalPilotTime":"00:06:12","neLength":"00:06:12","kart":"0","pitTime":""}],"lapCount":"8","lastLapS2":"28.48","lastLapS1":"13.18","secondsFromPit":"516","isOnPit":false,"isRaketa":false,"number":"4","pitstops":"0","kart":"0","lastPitMainTime":"0","totalOnTrack":"00:06:12","midLap":"42.556","pilots":[{"onTrack":"00:00:00","name":""}],"bestLapOnSegment":"40.914"},"5":{"pilotName":"Шиленко Олександр","lag":"0","timeFromLassPassing":"546","endLap":true,"position":"1","lastPitTime":"00:00:00","transponderId":"8584138","teamName":"","lastLap":"40.19","lastLapSec":"40","bestLap":"40.17","segments":[{"pilotName":"","finishTime":"00:00:00","pilotId":"1","totalPilotTime":"00:06:12","neLength":"00:06:12","kart":"0","pitTime":""}],"lapCount":"9","lastLapS2":"27.14","lastLapS1":"13.05","secondsFromPit":"516","isOnPit":false,"isRaketa":false,"number":"5","pitstops":"0","kart":"0","lastPitMainTime":"0","totalOnTrack":"00:06:12","midLap":"41.079","pilots":[{"onTrack":"00:00:00","name":""}],"bestLapOnSegment":"40.176"},"6":{"pilotName":"Вінтонів Іван","lag":"0.40","timeFromLassPassing":"31298","endLap":false,"position":"7","lastPitTime":"00:00:00","transponderId":"9661676","teamName":"","lastLap":"43.09","lastLapSec":"43","bestLap":"41.49","segments":[{"pilotName":"","finishTime":"00:00:00","pilotId":"1","totalPilotTime":"00:06:12","neLength":"00:06:12","kart":"0","pitTime":""}],"lapCount":"8","lastLapS2":"29.10","lastLapS1":"13.15","secondsFromPit":"516","isOnPit":false,"isRaketa":false,"number":"6","pitstops":"0","kart":"0","lastPitMainTime":"0","totalOnTrack":"00:06:12","midLap":"42.482","pilots":[{"onTrack":"00:00:00","name":""}],"bestLapOnSegment":"41.497"},"8":{"pilotName":"Карт 8","lag":"2L+04:29.05","timeFromLassPassing":"16409","endLap":false,"position":"9","lastPitTime":"00:00:00","transponderId":"5901907","teamName":"","lastLap":"","lastLapSec":"0","bestLap":"","segments":[{"pilotName":"","finishTime":"00:00:00","pilotId":"1","totalPilotTime":"00:06:12","neLength":"00:06:12","kart":"0","pitTime":""}],"lapCount":"0","lastLapS2":"","lastLapS1":"13.86","secondsFromPit":"516","isOnPit":false,"isRaketa":false,"number":"8","pitstops":"0","kart":"0","lastPitMainTime":"0","totalOnTrack":"00:06:12","midLap":"0","pilots":[{"onTrack":"00:00:00","name":""}],"bestLapOnSegment":""},"9":{"pilotName":"Лихошерст Олексій","lag":"5L+","timeFromLassPassing":"285455","endLap":false,"position":"8","lastPitTime":"00:00:00","transponderId":"2807865","teamName":"","lastLap":"41.17","lastLapSec":"41","bestLap":"41.17","segments":[{"pilotName":"","finishTime":"00:00:00","pilotId":"1","totalPilotTime":"00:06:12","neLength":"00:06:12","kart":"0","pitTime":""}],"lapCount":"2","lastLapS2":"27.97","lastLapS1":"13.20","secondsFromPit":"516","isOnPit":false,"isRaketa":false,"number":"9","pitstops":"0","kart":"0","lastPitMainTime":"0","totalOnTrack":"00:06:12","midLap":"42.184","pilots":[{"onTrack":"00:00:00","name":""}],"bestLapOnSegment":"41.179"},"13":{"pilotName":"Ткаченко Кирило","lag":"01.28","timeFromLassPassing":"32394","endLap":false,"position":"5","lastPitTime":"00:00:00","transponderId":"8441658","teamName":"","lastLap":"41.94","lastLapSec":"42","bestLap":"40.79","segments":[{"pilotName":"","finishTime":"00:00:00","pilotId":"1","totalPilotTime":"00:06:12","neLength":"00:06:12","kart":"0","pitTime":""}],"lapCount":"8","lastLapS2":"28.11","lastLapS1":"13.12","secondsFromPit":"516","isOnPit":false,"isRaketa":false,"number":"13","pitstops":"0","kart":"0","lastPitMainTime":"0","totalOnTrack":"00:06:12","midLap":"42.303","pilots":[{"onTrack":"00:00:00","name":""}],"bestLapOnSegment":"40.796"}},"compTeamNameFirst":"Команда1","compDiffS2":"-0.0","compDiffS1":"+0.0"},"onBoard":{"karts_on_track":[],"position":"3","timeDiff":"+0.564","firstpos_lag":"-1 laps","lastLap":"39.819","onTrack":"06:12.336","position_by_time":"1","sector_2_time":"26.80","karts_on_pit":[],"second_pos_time":"40.831","second_pos_name":"Родін Артем","sector_2_lag":"+0.343","timeLag":"+0.378","sector_1_lag":"+0.052","lapCount":"8","third_pos_time":"39.819","third_pos_name":"Міфтахутдінов Ільяс","sector_1_time":"13.00","totalOnTrack":"00:06:12","prevpos_lag":"+02.172","nextpos_lag":"-01.725","bestLapOnSegment":"39.819","first_pos_time":"40.176","first_pos_name":"Шиленко Олександр"}}