{"onTablo":{"compTeamSecondS2":"0.0","compTeamSecondS1":"0.0","secondPlaceLag":"01.095","teamsByTimestamp":[4,6,13,5,9,1,3,2],"bestLapRaceNameTeam":"","finish":true,"compTeamFirstLastLap":"0.0","raceStartedButtonTimestamp":1660766222,"bestLapRaceNumberTeam":"","raceFinishedTimestamp":1660766088,"compDiff":"-0.0","bestLapRaceNamePilot":"","compTeamSecondLastLap":"0.0","secondPlaceName":"Дорохін Антон","karts":[1,2,3,4,5,6,7,8,9,10,11,12,13,14,15,16,17,18,19,20,21,22,33,44,69],"compTeamFirstS2":"0.0","compTeamFirstS1":"0.0","compTeamNameSecond":"Команда2","totalRaceTime":"00:00:30","thirdPlaceName":"Вінтонів Іван","secondPlaceNumber":"4","isRace":true,"firstPlaceNumber":"2","thirdPlaceNumber":"6","bestS2Race":"8:20:00.000","firstPlaceLag":"","bestS1Race":"14.769","compLag":"0.0","teams":[{"pilotName":"Родін Артем","lag":"0","timeFromLassPassing":"30941","endLap":false,"position":"1","lastPitTime":"00:00:00","transponderId":"8583082","teamName":"","lastLap":"","lastLapSec":"0","bestLap":"","segments":[{"pilotName":"","finishTime":"00:00:00","pilotId":"1","totalPilotTime":"00:00:30","neLength":"00:00:30","kart":"0","pitTime":""}],"lapCount":"0","lastLapS2":"","lastLapS1":"16.17","secondsFromPit":"174","isOnPit":false,"isRaketa":false,"number":"2","pitstops":"0","kart":"0","lastPitMainTime":"0","totalOnTrack":"00:00:30","midLap":"0","pilots":[{"onTrack":"00:00:00","name":""}],"bestLapOnSegment":""},{"pilotName":"Дорохін Антон","lag":"0.27","timeFromLassPassing":"30725","endLap":false,"position":"2","lastPitTime":"00:00:00","transponderId":"8431733","teamName":"","lastLap":"","lastLapSec":"0","bestLap":"","segments":[{"pilotName":"","finishTime":"00:00:00","pilotId":"1","totalPilotTime":"00:00:30","neLength":"00:00:30","kart":"0","pitTime":""}],"lapCount":"0","lastLapS2":"","lastLapS1":"16.99","secondsFromPit":"174","isOnPit":false,"isRaketa":false,"number":"4","pitstops":"0","kart":"0","lastPitMainTime":"0","totalOnTrack":"00:00:30","midLap":"0","pilots":[{"onTrack":"00:00:00","name":""}],"bestLapOnSegment":""},{"pilotName":"Вінтонів Іван","lag":"01.00","timeFromLassPassing":"29859","endLap":false,"position":"3","lastPitTime":"00:00:00","transponderId":"9661676","teamName":"","lastLap":"","lastLapSec":"0","bestLap":"","segments":[{"pilotName":"","finishTime":"00:00:00","pilotId":"1","totalPilotTime":"00:00:30","neLength":"00:00:30","kart":"0","pitTime":""}],"lapCount":"0","lastLapS2":"","lastLapS1":"15.42","secondsFromPit":"174","isOnPit":false,"isRaketa":false,"number":"6","pitstops":"0","kart":"0","lastPitMainTime":"0","totalOnTrack":"00:00:30","midLap":"0","pilots":[{"onTrack":"00:00:00","name":""}],"bestLapOnSegment":""},{"pilotName":"Ткаченко Кирило","lag":"0.46","timeFromLassPassing":"29405","endLap":false,"position":"4","lastPitTime":"00:00:00","transponderId":"8441658","teamName":"","lastLap":"","lastLapSec":"0","bestLap":"","segments":[{"pilotName":"","finishTime":"00:00:00","pilotId":"1","totalPilotTime":"00:00:30","neLength":"00:00:30","kart":"0","pitTime":""}],"lapCount":"0","lastLapS2":"","lastLapS1":"15.81","secondsFromPit":"174","isOnPit":false,"isRaketa":false,"number":"13","pitstops":"0","kart":"0","lastPitMainTime":"0","totalOnTrack":"00:00:30","midLap":"0","pilots":[{"onTrack":"00:00:00","name":""}],"bestLapOnSegment":""},{"pilotName":"Шиленко Олександр","lag":"0.56","timeFromLassPassing":"28768","endLap":false,"position":"5","lastPitTime":"00:00:00","transponderId":"8584138","teamName":"","lastLap":"","lastLapSec":"0","bestLap":"","segments":[{"pilotName":"","finishTime":"00:00:00","pilotId":"1","totalPilotTime":"00:00:30","neLength":"00:00:30","kart":"0","pitTime":""}],"lapCount":"0","lastLapS2":"","lastLapS1":"14.82","secondsFromPit":"174","isOnPit":false,"isRaketa":false,"number":"5","pitstops":"0","kart":"0","lastPitMainTime":"0","totalOnTrack":"00:00:30","midLap":"0","pilots":[{"onTrack":"00:00:00","name":""}],"bestLapOnSegment":""},{"pilotName":"Лихошерст Олексій","lag":"0.39","timeFromLassPassing":"28443","endLap":false,"position":"6","lastPitTime":"00:00:00","transponderId":"2807865","teamName":"","lastLap":"","lastLapSec":"0","bestLap":"","segments":[{"pilotName":"","finishTime":"00:00:00","pilotId":"1","totalPilotTime":"00:00:30","neLength":"00:00:30","kart":"0","pitTime":""}],"lapCount":"0","lastLapS2":"","lastLapS1":"15.07","secondsFromPit":"174","isOnPit":false,"isRaketa":false,"number":"9","pitstops":"0","kart":"0","lastPitMainTime":"0","totalOnTrack":"00:00:30","midLap":"0","pilots":[{"onTrack":"00:00:00","name":""}],"bestLapOnSegment":""},{"pilotName":"Міфтахутдінов Ільяс","lag":"0.28","timeFromLassPassing":"28104","endLap":false,"position":"7","lastPitTime":"00:00:00","transponderId":"9739691","teamName":"","lastLap":"","lastLapSec":"0","bestLap":"","segments":[{"pilotName":"","finishTime":"00:00:00","pilotId":"1","totalPilotTime":"00:00:30","neLength":"00:00:30","kart":"0","pitTime":""}],"lapCount":"0","lastLapS2":"","lastLapS1":"14.76","secondsFromPit":"174","isOnPit":false,"isRaketa":false,"number":"1","pitstops":"0","kart":"0","lastPitMainTime":"0","totalOnTrack":"00:00:30","midLap":"0","pilots":[{"onTrack":"00:00:00","name":""}],"bestLapOnSegment":""},{"pilotName":"Маніло Денис","lag":"0.10","timeFromLassPassing":"27996","endLap":false,"position":"8","lastPitTime":"00:00:00","transponderId":"5885393","teamName":"","lastLap":"","lastLapSec":"0","bestLap":"","segments":[{"pilotName":"","finishTime":"00:00:00","pilotId":"1","totalPilotTime":"00:00:30","neLength":"00:00:30","kart":"0","pitTime":""}],"lapCount":"0","lastLapS2":"","lastLapS1":"14.95","secondsFromPit":"174","isOnPit":false,"isRaketa":false,"number":"3","pitstops":"0","kart":"0","lastPitMainTime":"0","totalOnTrack":"00:00:30","midLap":"0","pilots":[{"onTrack":"00:00:00","name":""}],"bestLapOnSegment":""}],"thirdPlaceLag":"","firstPlaceName":"Родін Артем","bestLapRace":"0","teams2":{"1":{"pilotName":"Міфтахутдінов Ільяс","lag":"0.28","timeFromLassPassing":"28104","endLap":false,"position":"7","lastPitTime":"00:00:00","transponderId":"9739691","teamName":"","lastLap":"","lastLapSec":"0","bestLap":"","segments":[{"pilotName":"","finishTime":"00:00:00","pilotId":"1","totalPilotTime":"00:00:30","neLength":"00:00:30","kart":"0","pitTime":""}],"lapCount":"0","lastLapS2":"","lastLapS1":"14.76","secondsFromPit":"174","isOnPit":false,"isRaketa":false,"number":"1","pitstops":"0","kart":"0","lastPitMainTime":"0","totalOnTrack":"00:00:30","midLap":"0","pilots":[{"onTrack":"00:00:00","name":""}],"bestLapOnSegment":""},"2":{"pilotName":"Родін Артем","lag":"0","timeFromLassPassing":"30941","endLap":false,"position":"1","lastPitTime":"00:00:00","transponderId":"8583082","teamName":"","lastLap":"","lastLapSec":"0","bestLap":"","segments":[{"pilotName":"","finishTime":"00:00:00","pilotId":"1","totalPilotTime":"00:00:30","neLength":"00:00:30","kart":"0","pitTime":""}],"lapCount":"0","lastLapS2":"","lastLapS1":"16.17","secondsFromPit":"174","isOnPit":false,"isRaketa":false,"number":"2","pitstops":"0","kart":"0","lastPitMainTime":"0","totalOnTrack":"00:00:30","midLap":"0","pilots":[{"onTrack":"00:00:00","name":""}],"bestLapOnSegment":""},"3":{"pilotName":"Маніло Денис","lag":"0.10","timeFromLassPassing":"27996","endLap":false,"position":"8","lastPitTime":"00:00:00","transponderId":"5885393","teamName":"","lastLap":"","lastLapSec":"0","bestLap":"","segments":[{"pilotName":"","finishTime":"00:00:00","pilotId":"1","totalPilotTime":"00:00:30","neLength":"00:00:30","kart":"0","pitTime":""}],"lapCount":"0","lastLapS2":"","lastLapS1":"14.95","secondsFromPit":"174","isOnPit":false,"isRaketa":false,"number":"3","pitstops":"0","kart":"0","lastPitMainTime":"0","totalOnTrack":"00:00:30","midLap":"0","pilots":[{"onTrack":"00:00:00","name":""}],"bestLapOnSegment":""},"4":{"pilotName":"Дорохін Антон","lag":"0.27","timeFromLassPassing":"30725","endLap":false,"position":"2","lastPitTime":"00:00:00","transponderId":"8431733","teamName":"","lastLap":"","lastLapSec":"0","bestLap":"","segments":[{"pilotName":"","finishTime":"00:00:00","pilotId":"1","totalPilotTime":"00:00:30","neLength":"00:00:30","kart":"0","pitTime":""}],"lapCount":"0","lastLapS2":"","lastLapS1":"16.99","secondsFromPit":"174","isOnPit":false,"isRaketa":false,"number":"4","pitstops":"0","kart":"0","lastPitMainTime":"0","totalOnTrack":"00:00:30","midLap":"0","pilots":[{"onTrack":"00:00:00","name":""}],"bestLapOnSegment":""},"5":{"pilotName":"Шиленко Олександр","lag":"0.56","timeFromLassPassing":"28768","endLap":false,"position":"5","lastPitTime":"00:00:00","transponderId":"8584138","teamName":"","lastLap":"","lastLapSec":"0","bestLap":"","segments":[{"pilotName":"","finishTime":"00:00:00","pilotId":"1","totalPilotTime":"00:00:30","neLength":"00:00:30","kart":"0","pitTime":""}],"lapCount":"0","lastLapS2":"","lastLapS1":"14.82","secondsFromPit":"174","isOnPit":false,"isRaketa":false,"number":"5","pitstops":"0","kart":"0","lastPitMainTime":"0","totalOnTrack":"00:00:30","midLap":"0","pilots":[{"onTrack":"00:00:00","name":""}],"bestLapOnSegment":""},"6":{"pilotName":"Вінтонів Іван","lag":"01.00","timeFromLassPassing":"29859","endLap":false,"position":"3","lastPitTime":"00:00:00","transponderId":"9661676","teamName":"","lastLap":"","lastLapSec":"0","bestLap":"","segments":[{"pilotName":"","finishTime":"00:00:00","pilotId":"1","totalPilotTime":"00:00:30","neLength":"00:00:30","kart":"0","pitTime":""}],"lapCount":"0","lastLapS2":"","lastLapS1":"15.42","secondsFromPit":"174","isOnPit":false,"isRaketa":false,"number":"6","pitstops":"0","kart":"0","lastPitMainTime":"0","totalOnTrack":"00:00:30","midLap":"0","pilots":[{"onTrack":"00:00:00","name":""}],"bestLapOnSegment":""},"9":{"pilotName":"Лихошерст Олексій","lag":"0.39","timeFromLassPassing":"28443","endLap":false,"position":"6","lastPitTime":"00:00:00","transponderId":"2807865","teamName":"","lastLap":"","lastLapSec":"0","bestLap":"","segments":[{"pilotName":"","finishTime":"00:00:00","pilotId":"1","totalPilotTime":"00:00:30","neLength":"00:00:30","kart":"0","pitTime":""}],"lapCount":"0","lastLapS2":"","lastLapS1":"15.07","secondsFromPit":"174","isOnPit":false,"isRaketa":false,"number":"9","pitstops":"0","kart":"0","lastPitMainTime":"0","totalOnTrack":"00:00:30","midLap":"0","pilots":[{"onTrack":"00:00:00","name":""}],"bestLapOnSegment":""},"13":{"pilotName":"Ткаченко Кирило","lag":"0.46","timeFromLassPassing":"29405","endLap":false,"position":"4","lastPitTime":"00:00:00","transponderId":"8441658","teamName":"","lastLap":"","lastLapSec":"0","bestLap":"","segments":[{"pilotName":"","finishTime":"00:00:00","pilotId":"1","totalPilotTime":"00:00:30","neLength":"00:00:30","kart":"0","pitTime":""}],"lapCount":"0","lastLapS2":"","lastLapS1":"15.81","secondsFromPit":"174","isOnPit":false,"isRaketa":false,"number":"13","pitstops":"0","kart":"0","lastPitMainTime":"0","totalOnTrack":"00:00:30","midLap":"0","pilots":[{"onTrack":"00:00:00","name":""}],"bestLapOnSegment":""}},"compTeamNameFirst":"Команда1","compDiffS2":"-0.0","compDiffS1":"+0.0"},"onBoard":{"karts_on_track":[],"position":"7","timeDiff":"+","firstpos_lag":"-02.983","lastLap":"","onTrack":"30.946","position_by_time":"1","sector_2_time":"","karts_on_pit":[],"second_pos_time":"","second_pos_name":"Дорохін Антон","sector_2_lag":"+0.0","timeLag":"+0.0","sector_1_lag":"+0.052","lapCount":"0","third_pos_time":"","third_pos_name":"Вінтонів Іван","sector_1_time":"14.76","totalOnTrack":"00:00:30","prevpos_lag":"+0.104","nextpos_lag":"-0.288","bestLapOnSegment":"","first_pos_time":"","first_pos_name":"Родін Артем"}}