{"onTablo":{"compTeamSecondS2":"0.0","compTeamSecondS1":"0.0","secondPlaceLag":"01.825","teamsByTimestamp":[11,1,3,13,9,6,5],"bestLapRaceNameTeam":"","finish":true,"compTeamFirstLastLap":"0.0","raceStartedButtonTimestamp":1660765620,"bestLapRaceNumberTeam":"","raceFinishedTimestamp":1660765613,"compDiff":"-0.0","bestLapRaceNamePilot":"","compTeamSecondLastLap":"0.0","secondPlaceName":"Васильчук Назар","karts":[1,2,3,4,5,6,7,8,9,10,11,12,13,14,15,16,17,18,19,20,21,22,33,44,69],"compTeamFirstS2":"0.0","compTeamFirstS1":"0.0","compTeamNameSecond":"Команда2","totalRaceTime":"00:03:48","thirdPlaceName":"Кравчонок Олександр","secondPlaceNumber":"11","isRace":true,"firstPlaceNumber":"5","thirdPlaceNumber":"1","bestS2Race":"27.170","firstPlaceLag":"","bestS1Race":"13.012","compLag":"0.0","teams":[{"pilotName":"Якусик Дмитро","lag":"0","timeFromLassPassing":"19068","endLap":false,"position":"1","lastPitTime":"00:00:00","transponderId":"8584138","teamName":"","lastLap":"40.62","lastLapSec":"41","bestLap":"40.62","segments":[{"pilotName":"","finishTime":"00:00:00","pilotId":"1","totalPilotTime":"00:03:48","neLength":"00:03:48","kart":"0","pitTime":""}],"lapCount":"5","lastLapS2":"27.48","lastLapS1":"13.23","secondsFromPit":"269","isOnPit":false,"isRaketa":false,"number":"5","pitstops":"0","kart":"0","lastPitMainTime":"0","totalOnTrack":"00:03:48","midLap":"41.656","pilots":[{"onTrack":"00:00:00","name":""}],"bestLapOnSegment":"40.625"},{"pilotName":"Васильчук Назар","lag":"01.84","timeFromLassPassing":"17103","endLap":false,"position":"2","lastPitTime":"00:00:00","transponderId":"2758575","teamName":"","lastLap":"41.19","lastLapSec":"41","bestLap":"40.48","segments":[{"pilotName":"","finishTime":"00:00:00","pilotId":"1","totalPilotTime":"00:03:48","neLength":"00:03:48","kart":"0","pitTime":""}],"lapCount":"5","lastLapS2":"28.02","lastLapS1":"13.20","secondsFromPit":"269","isOnPit":false,"isRaketa":false,"number":"11","pitstops":"0","kart":"0","lastPitMainTime":"0","totalOnTrack":"00:03:48","midLap":"42.254","pilots":[{"onTrack":"00:00:00","name":""}],"bestLapOnSegment":"40.485"},{"pilotName":"Кравчонок Олександр","lag":"0.34","timeFromLassPassing":"16779","endLap":false,"position":"3","lastPitTime":"00:00:00","transponderId":"9739691","teamName":"","lastLap":"40.51","lastLapSec":"41","bestLap":"40.33","segments":[{"pilotName":"","finishTime":"00:00:00","pilotId":"1","totalPilotTime":"00:03:48","neLength":"00:03:48","kart":"0","pitTime":""}],"lapCount":"5","lastLapS2":"27.50","lastLapS1":"13.21","secondsFromPit":"269","isOnPit":false,"isRaketa":true,"number":"1","pitstops":"0","kart":"0","lastPitMainTime":"0","totalOnTrack":"00:03:48","midLap":"41.802","pilots":[{"onTrack":"00:00:00","name":""}],"bestLapOnSegment":"40.337"},{"pilotName":"Лантушенко Ігор","lag":"0.22","timeFromLassPassing":"16562","endLap":false,"position":"4","lastPitTime":"00:00:00","transponderId":"5885393","teamName":"","lastLap":"41.46","lastLapSec":"41","bestLap":"40.31","segments":[{"pilotName":"","finishTime":"00:00:00","pilotId":"1","totalPilotTime":"00:03:48","neLength":"00:03:48","kart":"0","pitTime":""}],"lapCount":"5","lastLapS2":"28.39","lastLapS1":"13.30","secondsFromPit":"269","isOnPit":false,"isRaketa":false,"number":"3","pitstops":"0","kart":"0","lastPitMainTime":"0","totalOnTrack":"00:03:48","midLap":"41.916","pilots":[{"onTrack":"00:00:00","name":""}],"bestLapOnSegment":"40.318"},{"pilotName":"Хавіло Дмитро","lag":"0.42","timeFromLassPassing":"16225","endLap":false,"position":"5","lastPitTime":"00:00:00","transponderId":"8441658","teamName":"","lastLap":"40.71","lastLapSec":"41","bestLap":"40.69","segments":[{"pilotName":"","finishTime":"00:00:00","pilotId":"1","totalPilotTime":"00:03:48","neLength":"00:03:48","kart":"0","pitTime":""}],"lapCount":"5","lastLapS2":"27.49","lastLapS1":"13.14","secondsFromPit":"269","isOnPit":false,"isRaketa":false,"number":"13","pitstops":"0","kart":"0","lastPitMainTime":"0","totalOnTrack":"00:03:48","midLap":"42.237","pilots":[{"onTrack":"00:00:00","name":""}],"bestLapOnSegment":"40.694"},{"pilotName":"Литвиненко Віктор","lag":"0.29","timeFromLassPassing":"15792","endLap":false,"position":"6","lastPitTime":"00:00:00","transponderId":"2807865","teamName":"","lastLap":"40.66","lastLapSec":"41","bestLap":"40.56","segments":[{"pilotName":"","finishTime":"00:00:00","pilotId":"1","totalPilotTime":"00:03:48","neLength":"00:03:48","kart":"0","pitTime":""}],"lapCount":"5","lastLapS2":"27.55","lastLapS1":"13.09","secondsFromPit":"269","isOnPit":false,"isRaketa":false,"number":"9","pitstops":"0","kart":"0","lastPitMainTime":"0","totalOnTrack":"00:03:48","midLap":"42.163","pilots":[{"onTrack":"00:00:00","name":""}],"bestLapOnSegment":"40.561"},{"pilotName":"Булавінов Андрій","lag":"01.97","timeFromLassPassing":"13928","endLap":false,"position":"7","lastPitTime":"00:00:00","transponderId":"9661676","teamName":"","lastLap":"41.17","lastLapSec":"41","bestLap":"41.08","segments":[{"pilotName":"","finishTime":"00:00:00","pilotId":"1","totalPilotTime":"00:03:48","neLength":"00:03:48","kart":"0","pitTime":""}],"lapCount":"5","lastLapS2":"27.62","lastLapS1":"13.33","secondsFromPit":"269","isOnPit":false,"isRaketa":false,"number":"6","pitstops":"0","kart":"0","lastPitMainTime":"0","totalOnTrack":"00:03:48","midLap":"42.922","pilots":[{"onTrack":"00:00:00","name":""}],"bestLapOnSegment":"41.083"}],"thirdPlaceLag":"0.354","firstPlaceName":"Якусик Дмитро","bestLapRace":"40.318","teams2":{"1":{"pilotName":"Кравчонок Олександр","lag":"0.34","timeFromLassPassing":"16779","endLap":false,"position":"3","lastPitTime":"00:00:00","transponderId":"9739691","teamName":"","lastLap":"40.51","lastLapSec":"41","bestLap":"40.33","segments":[{"pilotName":"","finishTime":"00:00:00","pilotId":"1","totalPilotTime":"00:03:48","neLength":"00:03:48","kart":"0","pitTime":""}],"lapCount":"5","lastLapS2":"27.50","lastLapS1":"13.21","secondsFromPit":"269","isOnPit":false,"isRaketa":true,"number":"1","pitstops":"0","kart":"0","lastPitMainTime":"0","totalOnTrack":"00:03:48","midLap":"41.802","pilots":[{"onTrack":"00:00:00","name":""}],"bestLapOnSegment":"40.337"},"3":{"pilotName":"Лантушенко Ігор","lag":"0.22","timeFromLassPassing":"16562","endLap":false,"position":"4","lastPitTime":"00:00:00","transponderId":"5885393","teamName":"","lastLap":"41.46","lastLapSec":"41","bestLap":"40.31","segments":[{"pilotName":"","finishTime":"00:00:00","pilotId":"1","totalPilotTime":"00:03:48","neLength":"00:03:48","kart":"0","pitTime":""}],"lapCount":"5","lastLapS2":"28.39","lastLapS1":"13.30","secondsFromPit":"269","isOnPit":false,"isRaketa":false,"number":"3","pitstops":"0","kart":"0","lastPitMainTime":"0","totalOnTrack":"00:03:48","midLap":"41.916","pilots":[{"onTrack":"00:00:00","name":""}],"bestLapOnSegment":"40.318"},"5":{"pilotName":"Якусик Дмитро","lag":"0","timeFromLassPassing":"19068","endLap":false,"position":"1","lastPitTime":"00:00:00","transponderId":"8584138","teamName":"","lastLap":"40.62","lastLapSec":"41","bestLap":"40.62","segments":[{"pilotName":"","finishTime":"00:00:00","pilotId":"1","totalPilotTime":"00:03:48","neLength":"00:03:48","kart":"0","pitTime":""}],"lapCount":"5","lastLapS2":"27.48","lastLapS1":"13.23","secondsFromPit":"269","isOnPit":false,"isRaketa":false,"number":"5","pitstops":"0","kart":"0","lastPitMainTime":"0","totalOnTrack":"00:03:48","midLap":"41.656","pilots":[{"onTrack":"00:00:00","name":""}],"bestLapOnSegment":"40.625"},"6":{"pilotName":"Булавінов Андрій","lag":"01.97","timeFromLassPassing":"13928","endLap":false,"position":"7","lastPitTime":"00:00:00","transponderId":"9661676","teamName":"","lastLap":"41.17","lastLapSec":"41","bestLap":"41.08","segments":[{"pilotName":"","finishTime":"00:00:00","pilotId":"1","totalPilotTime":"00:03:48","neLength":"00:03:48","kart":"0","pitTime":""}],"lapCount":"5","lastLapS2":"27.62","lastLapS1":"13.33","secondsFromPit":"269","isOnPit":false,"isRaketa":false,"number":"6","pitstops":"0","kart":"0","lastPitMainTime":"0","totalOnTrack":"00:03:48","midLap":"42.922","pilots":[{"onTrack":"00:00:00","name":""}],"bestLapOnSegment":"41.083"},"9":{"pilotName":"Литвиненко Віктор","lag":"0.29","timeFromLassPassing":"15792","endLap":false,"position":"6","lastPitTime":"00:00:00","transponderId":"2807865","teamName":"","lastLap":"40.66","lastLapSec":"41","bestLap":"40.56","segments":[{"pilotName":"","finishTime":"00:00:00","pilotId":"1","totalPilotTime":"00:03:48","neLength":"00:03:48","kart":"0","pitTime":""}],"lapCount":"5","lastLapS2":"27.55","lastLapS1":"13.09","secondsFromPit":"269","isOnPit":false,"isRaketa":false,"number":"9","pitstops":"0","kart":"0","lastPitMainTime":"0","totalOnTrack":"00:03:48","midLap":"42.163","pilots":[{"onTrack":"00:00:00","name":""}],"bestLapOnSegment":"40.561"},"11":{"pilotName":"Васильчук Назар","lag":"01.84","timeFromLassPassing":"17103","endLap":false,"position":"2","lastPitTime":"00:00:00","transponderId":"2758575","teamName":"","lastLap":"41.19","lastLapSec":"41","bestLap":"40.48","segments":[{"pilotName":"","finishTime":"00:00:00","pilotId":"1","totalPilotTime":"00:03:48","neLength":"00:03:48","kart":"0","pitTime":""}],"lapCount":"5","lastLapS2":"28.02","lastLapS1":"13.20","secondsFromPit":"269","isOnPit":false,"isRaketa":false,"number":"11","pitstops":"0","kart":"0","lastPitMainTime":"0","totalOnTrack":"00:03:48","midLap":"42.254","pilots":[{"onTrack":"00:00:00","name":""}],"bestLapOnSegment":"40.485"},"13":{"pilotName":"Хавіло Дмитро","lag":"0.42","timeFromLassPassing":"16225","endLap":false,"position":"5","lastPitTime":"00:00:00","transponderId":"8441658","teamName":"","lastLap":"40.71","lastLapSec":"41","bestLap":"40.69","segments":[{"pilotName":"","finishTime":"00:00:00","pilotId":"1","totalPilotTime":"00:03:48","neLength":"00:03:48","kart":"0","pitTime":""}],"lapCount":"5","lastLapS2":"27.49","lastLapS1":"13.14","secondsFromPit":"269","isOnPit":false,"isRaketa":false,"number":"13","pitstops":"0","kart":"0","lastPitMainTime":"0","totalOnTrack":"00:03:48","midLap":"42.237","pilots":[{"onTrack":"00:00:00","name":""}],"bestLapOnSegment":"40.694"}},"compTeamNameFirst":"Команда1","compDiffS2":"-0.0","compDiffS1":"+0.0"},"onBoard":{"karts_on_track":[],"position":"3","timeDiff":"-0.182","firstpos_lag":"-02.197","lastLap":"40.519","onTrack":"03:48.376","position_by_time":"2","sector_2_time":"27.50","karts_on_pit":[],"second_pos_time":"40.485","second_pos_name":"Васильчук Назар","sector_2_lag":"-0.337","timeLag":"+0.106","sector_1_lag":"-0.200","lapCount":"5","third_pos_time":"40.337","third_pos_name":"Кравчонок Олександр","sector_1_time":"13.21","totalOnTrack":"00:03:48","prevpos_lag":"+0.224","nextpos_lag":"-0.349","bestLapOnSegment":"40.337","first_pos_time":"40.625","first_pos_name":"Якусик Дмитро"}}