{"onTablo":{"compTeamSecondS2":"0.0","compTeamSecondS1":"0.0","secondPlaceLag":"0.222","teamsByTimestamp":[7,4,2,5,1,13,3,21],"bestLapRaceNameTeam":"","finish":true,"compTeamFirstLastLap":"0.0","raceStartedButtonTimestamp":1660768334,"bestLapRaceNumberTeam":"","raceFinishedTimestamp":1660768216,"compDiff":"-0.0","bestLapRaceNamePilot":"","compTeamSecondLastLap":"0.0","secondPlaceName":"Васильчук Назар","karts":[1,2,3,4,5,6,7,8,9,10,11,12,13,14,15,16,17,18,19,20,21,22,33,44,69],"compTeamFirstS2":"0.0","compTeamFirstS1":"0.0","compTeamNameSecond":"Команда2","totalRaceTime":"00:03:29","thirdPlaceName":"Ткаченко Кирило","secondPlaceNumber":"7","isRace":true,"firstPlaceNumber":"2","thirdPlaceNumber":"4","bestS2Race":"27.088","firstPlaceLag":"","bestS1Race":"13.007","compLag":"0.0","teams":[{"pilotName":"Маніло Денис","lag":"0","timeFromLassPassing":"3517","endLap":false,"position":"1","lastPitTime":"00:00:00","transponderId":"8583082","teamName":"","lastLap":"40.51","lastLapSec":"41","bestLap":"40.51","segments":[{"pilotName":"","finishTime":"00:00:00","pilotId":"1","totalPilotTime":"00:03:29","neLength":"00:03:29","kart":"0","pitTime":""}],"lapCount":"5","lastLapS2":"27.25","lastLapS1":"13.26","secondsFromPit":"342","isOnPit":false,"isRaketa":false,"number":"2","pitstops":"0","kart":"0","lastPitMainTime":"0","totalOnTrack":"00:03:29","midLap":"41.138","pilots":[{"onTrack":"00:00:00","name":""}],"bestLapOnSegment":"40.515"},{"pilotName":"Васильчук Назар","lag":"0.22","timeFromLassPassing":"3301","endLap":false,"position":"2","lastPitTime":"00:00:00","transponderId":"9614994","teamName":"","lastLap":"40.27","lastLapSec":"40","bestLap":"40.27","segments":[{"pilotName":"","finishTime":"00:00:00","pilotId":"1","totalPilotTime":"00:03:29","neLength":"00:03:29","kart":"0","pitTime":""}],"lapCount":"5","lastLapS2":"27.13","lastLapS1":"13.13","secondsFromPit":"342","isOnPit":false,"isRaketa":false,"number":"7","pitstops":"0","kart":"0","lastPitMainTime":"0","totalOnTrack":"00:03:29","midLap":"41.125","pilots":[{"onTrack":"00:00:00","name":""}],"bestLapOnSegment":"40.274"},{"pilotName":"Ткаченко Кирило","lag":"0.41","timeFromLassPassing":"2871","endLap":false,"position":"3","lastPitTime":"00:00:00","transponderId":"8431733","teamName":"","lastLap":"40.23","lastLapSec":"40","bestLap":"40.23","segments":[{"pilotName":"","finishTime":"00:00:00","pilotId":"1","totalPilotTime":"00:03:29","neLength":"00:03:29","kart":"0","pitTime":""}],"lapCount":"5","lastLapS2":"27.08","lastLapS1":"13.14","secondsFromPit":"342","isOnPit":false,"isRaketa":true,"number":"4","pitstops":"0","kart":"0","lastPitMainTime":"0","totalOnTrack":"00:03:29","midLap":"40.882","pilots":[{"onTrack":"00:00:00","name":""}],"bestLapOnSegment":"40.233"},{"pilotName":"Дорохін Антон","lag":"01.78","timeFromLassPassing":"41480","endLap":false,"position":"4","lastPitTime":"00:00:00","transponderId":"4684020","teamName":"","lastLap":"40.71","lastLapSec":"41","bestLap":"40.71","segments":[{"pilotName":"","finishTime":"00:00:00","pilotId":"1","totalPilotTime":"00:03:29","neLength":"00:03:29","kart":"0","pitTime":""}],"lapCount":"4","lastLapS2":"27.40","lastLapS1":"13.32","secondsFromPit":"342","isOnPit":false,"isRaketa":false,"number":"21","pitstops":"0","kart":"0","lastPitMainTime":"0","totalOnTrack":"00:03:29","midLap":"41.629","pilots":[{"onTrack":"00:00:00","name":""}],"bestLapOnSegment":"40.719"},{"pilotName":"Кравчонок Олександр","lag":"","timeFromLassPassing":"14","endLap":true,"position":"5","lastPitTime":"00:00:00","transponderId":"8584138","teamName":"","lastLap":"40.79","lastLapSec":"41","bestLap":"40.28","segments":[{"pilotName":"","finishTime":"00:00:00","pilotId":"1","totalPilotTime":"00:03:29","neLength":"00:03:29","kart":"0","pitTime":""}],"lapCount":"5","lastLapS2":"27.78","lastLapS1":"13.00","secondsFromPit":"342","isOnPit":false,"isRaketa":false,"number":"5","pitstops":"0","kart":"0","lastPitMainTime":"0","totalOnTrack":"00:03:29","midLap":"41.296","pilots":[{"onTrack":"00:00:00","name":""}],"bestLapOnSegment":"40.289"},{"pilotName":"Шиленко Олександр","lag":"01.69","timeFromLassPassing":"38958","endLap":false,"position":"6","lastPitTime":"00:00:00","transponderId":"9739691","teamName":"","lastLap":"41.24","lastLapSec":"41","bestLap":"40.47","segments":[{"pilotName":"","finishTime":"00:00:00","pilotId":"1","totalPilotTime":"00:03:29","neLength":"00:03:29","kart":"0","pitTime":""}],"lapCount":"4","lastLapS2":"27.84","lastLapS1":"13.04","secondsFromPit":"342","isOnPit":false,"isRaketa":false,"number":"1","pitstops":"0","kart":"0","lastPitMainTime":"0","totalOnTrack":"00:03:29","midLap":"41.926","pilots":[{"onTrack":"00:00:00","name":""}],"bestLapOnSegment":"40.478"},{"pilotName":"Лантушенко Ігор","lag":"0.40","timeFromLassPassing":"38635","endLap":false,"position":"7","lastPitTime":"00:00:00","transponderId":"8441658","teamName":"","lastLap":"41.80","lastLapSec":"42","bestLap":"40.46","segments":[{"pilotName":"","finishTime":"00:00:00","pilotId":"1","totalPilotTime":"00:03:29","neLength":"00:03:29","kart":"0","pitTime":""}],"lapCount":"4","lastLapS2":"28.42","lastLapS1":"13.21","secondsFromPit":"342","isOnPit":false,"isRaketa":false,"number":"13","pitstops":"0","kart":"0","lastPitMainTime":"0","totalOnTrack":"00:03:29","midLap":"42.096","pilots":[{"onTrack":"00:00:00","name":""}],"bestLapOnSegment":"40.462"},{"pilotName":"Міфтахутдінов Ільяс","lag":"01.51","timeFromLassPassing":"37086","endLap":false,"position":"8","lastPitTime":"00:00:00","transponderId":"5885393","teamName":"","lastLap":"43.17","lastLapSec":"43","bestLap":"40.54","segments":[{"pilotName":"","finishTime":"00:00:00","pilotId":"1","totalPilotTime":"00:03:29","neLength":"00:03:29","kart":"0","pitTime":""}],"lapCount":"4","lastLapS2":"29.52","lastLapS1":"13.27","secondsFromPit":"342","isOnPit":false,"isRaketa":false,"number":"3","pitstops":"0","kart":"0","lastPitMainTime":"0","totalOnTrack":"00:03:29","midLap":"42.241","pilots":[{"onTrack":"00:00:00","name":""}],"bestLapOnSegment":"40.540"}],"thirdPlaceLag":"0.412","firstPlaceName":"Маніло Денис","bestLapRace":"40.233","teams2":{"1":{"pilotName":"Шиленко Олександр","lag":"01.69","timeFromLassPassing":"38958","endLap":false,"position":"6","lastPitTime":"00:00:00","transponderId":"9739691","teamName":"","lastLap":"41.24","lastLapSec":"41","bestLap":"40.47","segments":[{"pilotName":"","finishTime":"00:00:00","pilotId":"1","totalPilotTime":"00:03:29","neLength":"00:03:29","kart":"0","pitTime":""}],"lapCount":"4","lastLapS2":"27.84","lastLapS1":"13.04","secondsFromPit":"342","isOnPit":false,"isRaketa":false,"number":"1","pitstops":"0","kart":"0","lastPitMainTime":"0","totalOnTrack":"00:03:29","midLap":"41.926","pilots":[{"onTrack":"00:00:00","name":""}],"bestLapOnSegment":"40.478"},"2":{"pilotName":"Маніло Денис","lag":"0","timeFromLassPassing":"3517","endLap":false,"position":"1","lastPitTime":"00:00:00","transponderId":"8583082","teamName":"","lastLap":"40.51","lastLapSec":"41","bestLap":"40.51","segments":[{"pilotName":"","finishTime":"00:00:00","pilotId":"1","totalPilotTime":"00:03:29","neLength":"00:03:29","kart":"0","pitTime":""}],"lapCount":"5","lastLapS2":"27.25","lastLapS1":"13.26","secondsFromPit":"342","isOnPit":false,"isRaketa":false,"number":"2","pitstops":"0","kart":"0","lastPitMainTime":"0","totalOnTrack":"00:03:29","midLap":"41.138","pilots":[{"onTrack":"00:00:00","name":""}],"bestLapOnSegment":"40.515"},"3":{"pilotName":"Міфтахутдінов Ільяс","lag":"01.51","timeFromLassPassing":"37086","endLap":false,"position":"8","lastPitTime":"00:00:00","transponderId":"5885393","teamName":"","lastLap":"43.17","lastLapSec":"43","bestLap":"40.54","segments":[{"pilotName":"","finishTime":"00:00:00","pilotId":"1","totalPilotTime":"00:03:29","neLength":"00:03:29","kart":"0","pitTime":""}],"lapCount":"4","lastLapS2":"29.52","lastLapS1":"13.27","secondsFromPit":"342","isOnPit":false,"isRaketa":false,"number":"3","pitstops":"0","kart":"0","lastPitMainTime":"0","totalOnTrack":"00:03:29","midLap":"42.241","pilots":[{"onTrack":"00:00:00","name":""}],"bestLapOnSegment":"40.540"},"4":{"pilotName":"Ткаченко Кирило","lag":"0.41","timeFromLassPassing":"2871","endLap":false,"position":"3","lastPitTime":"00:00:00","transponderId":"8431733","teamName":"","lastLap":"40.23","lastLapSec":"40","bestLap":"40.23","segments":[{"pilotName":"","finishTime":"00:00:00","pilotId":"1","totalPilotTime":"00:03:29","neLength":"00:03:29","kart":"0","pitTime":""}],"lapCount":"5","lastLapS2":"27.08","lastLapS1":"13.14","secondsFromPit":"342","isOnPit":false,"isRaketa":true,"number":"4","pitstops":"0","kart":"0","lastPitMainTime":"0","totalOnTrack":"00:03:29","midLap":"40.882","pilots":[{"onTrack":"00:00:00","name":""}],"bestLapOnSegment":"40.233"},"5":{"pilotName":"Кравчонок Олександр","lag":"","timeFromLassPassing":"14","endLap":true,"position":"5","lastPitTime":"00:00:00","transponderId":"8584138","teamName":"","lastLap":"40.79","lastLapSec":"41","bestLap":"40.28","segments":[{"pilotName":"","finishTime":"00:00:00","pilotId":"1","totalPilotTime":"00:03:29","neLength":"00:03:29","kart":"0","pitTime":""}],"lapCount":"5","lastLapS2":"27.78","lastLapS1":"13.00","secondsFromPit":"342","isOnPit":false,"isRaketa":false,"number":"5","pitstops":"0","kart":"0","lastPitMainTime":"0","totalOnTrack":"00:03:29","midLap":"41.296","pilots":[{"onTrack":"00:00:00","name":""}],"bestLapOnSegment":"40.289"},"7":{"pilotName":"Васильчук Назар","lag":"0.22","timeFromLassPassing":"3301","endLap":false,"position":"2","lastPitTime":"00:00:00","transponderId":"9614994","teamName":"","lastLap":"40.27","lastLapSec":"40","bestLap":"40.27","segments":[{"pilotName":"","finishTime":"00:00:00","pilotId":"1","totalPilotTime":"00:03:29","neLength":"00:03:29","kart":"0","pitTime":""}],"lapCount":"5","lastLapS2":"27.13","lastLapS1":"13.13","secondsFromPit":"342","isOnPit":false,"isRaketa":false,"number":"7","pitstops":"0","kart":"0","lastPitMainTime":"0","totalOnTrack":"00:03:29","midLap":"41.125","pilots":[{"onTrack":"00:00:00","name":""}],"bestLapOnSegment":"40.274"},"13":{"pilotName":"Лантушенко Ігор","lag":"0.40","timeFromLassPassing":"38635","endLap":false,"position":"7","lastPitTime":"00:00:00","transponderId":"8441658","teamName":"","lastLap":"41.80","lastLapSec":"42","bestLap":"40.46","segments":[{"pilotName":"","finishTime":"00:00:00","pilotId":"1","totalPilotTime":"00:03:29","neLength":"00:03:29","kart":"0","pitTime":""}],"lapCount":"4","lastLapS2":"28.42","lastLapS1":"13.21","secondsFromPit":"342","isOnPit":false,"isRaketa":false,"number":"13","pitstops":"0","kart":"0","lastPitMainTime":"0","totalOnTrack":"00:03:29","midLap":"42.096","pilots":[{"onTrack":"00:00:00","name":""}],"bestLapOnSegment":"40.462"},"21":{"pilotName":"Дорохін Антон","lag":"01.78","timeFromLassPassing":"41480","endLap":false,"position":"4","lastPitTime":"00:00:00","transponderId":"4684020","teamName":"","lastLap":"40.71","lastLapSec":"41","bestLap":"40.71","segments":[{"pilotName":"","finishTime":"00:00:00","pilotId":"1","totalPilotTime":"00:03:29","neLength":"00:03:29","kart":"0","pitTime":""}],"lapCount":"4","lastLapS2":"27.40","lastLapS1":"13.32","secondsFromPit":"342","isOnPit":false,"isRaketa":false,"number":"21","pitstops":"0","kart":"0","lastPitMainTime":"0","totalOnTrack":"00:03:29","midLap":"41.629","pilots":[{"onTrack":"00:00:00","name":""}],"bestLapOnSegment":"40.719"}},"compTeamNameFirst":"Команда1","compDiffS2":"-0.0","compDiffS1":"+0.0"},"onBoard":{"karts_on_track":[],"position":"6","timeDiff":"-0.763","firstpos_lag":"-1 laps","lastLap":"41.241","onTrack":"03:29.157","position_by_time":"5","sector_2_time":"27.84","karts_on_pit":[],"second_pos_time":"40.274","second_pos_name":"Васильчук Назар","sector_2_lag":"-0.761","timeLag":"-01.008","sector_1_lag":"-0.041","lapCount":"4","third_pos_time":"40.233","third_pos_name":"Ткаченко Кирило","sector_1_time":"13.04","totalOnTrack":"00:03:29","prevpos_lag":"+0.403","nextpos_lag":"-1 laps","bestLapOnSegment":"40.478","first_pos_time":"40.515","first_pos_name":"Маніло Денис"}}