{"onTablo":{"compTeamSecondS2":"0.0","compTeamSecondS1":"0.0","secondPlaceLag":"0.173","teamsByTimestamp":[7,4,21,5,13,3,1,2],"bestLapRaceNameTeam":"","finish":true,"compTeamFirstLastLap":"0.0","raceStartedButtonTimestamp":1660768334,"bestLapRaceNumberTeam":"","raceFinishedTimestamp":1660768216,"compDiff":"-0.0","bestLapRaceNamePilot":"","compTeamSecondLastLap":"0.0","secondPlaceName":"Васильчук Назар","karts":[1,2,3,4,5,6,7,8,9,10,11,12,13,14,15,16,17,18,19,20,21,22,33,44,69],"compTeamFirstS2":"0.0","compTeamFirstS1":"0.0","compTeamNameSecond":"Команда2","totalRaceTime":"00:02:13","thirdPlaceName":"Ткаченко Кирило","secondPlaceNumber":"7","isRace":true,"firstPlaceNumber":"2","thirdPlaceNumber":"4","bestS2Race":"27.105","firstPlaceLag":"","bestS1Race":"13.011","compLag":"0.0","teams":[{"pilotName":"Маніло Денис","lag":"0","timeFromLassPassing":"9219","endLap":false,"position":"1","lastPitTime":"00:00:00","transponderId":"8583082","teamName":"","lastLap":"40.51","lastLapSec":"41","bestLap":"40.51","segments":[{"pilotName":"","finishTime":"00:00:00","pilotId":"1","totalPilotTime":"00:02:13","neLength":"00:02:13","kart":"0","pitTime":""}],"lapCount":"3","lastLapS2":"27.35","lastLapS1":"13.16","secondsFromPit":"266","isOnPit":false,"isRaketa":false,"number":"2","pitstops":"0","kart":"0","lastPitMainTime":"0","totalOnTrack":"00:02:13","midLap":"41.519","pilots":[{"onTrack":"00:00:00","name":""}],"bestLapOnSegment":"40.516"},{"pilotName":"Васильчук Назар","lag":"0.17","timeFromLassPassing":"8881","endLap":false,"position":"2","lastPitTime":"00:00:00","transponderId":"9614994","teamName":"","lastLap":"40.44","lastLapSec":"40","bestLap":"40.44","segments":[{"pilotName":"","finishTime":"00:00:00","pilotId":"1","totalPilotTime":"00:02:13","neLength":"00:02:13","kart":"0","pitTime":""}],"lapCount":"3","lastLapS2":"27.29","lastLapS1":"13.15","secondsFromPit":"266","isOnPit":false,"isRaketa":true,"number":"7","pitstops":"0","kart":"0","lastPitMainTime":"0","totalOnTrack":"00:02:13","midLap":"41.480","pilots":[{"onTrack":"00:00:00","name":""}],"bestLapOnSegment":"40.442"},{"pilotName":"Ткаченко Кирило","lag":"01.12","timeFromLassPassing":"7896","endLap":false,"position":"3","lastPitTime":"00:00:00","transponderId":"8431733","teamName":"","lastLap":"40.45","lastLapSec":"40","bestLap":"40.43","segments":[{"pilotName":"","finishTime":"00:00:00","pilotId":"1","totalPilotTime":"00:02:13","neLength":"00:02:13","kart":"0","pitTime":""}],"lapCount":"3","lastLapS2":"27.10","lastLapS1":"13.34","secondsFromPit":"266","isOnPit":false,"isRaketa":false,"number":"4","pitstops":"0","kart":"0","lastPitMainTime":"0","totalOnTrack":"00:02:13","midLap":"41.312","pilots":[{"onTrack":"00:00:00","name":""}],"bestLapOnSegment":"40.438"},{"pilotName":"Дорохін Антон","lag":"01.31","timeFromLassPassing":"6592","endLap":false,"position":"4","lastPitTime":"00:00:00","transponderId":"4684020","teamName":"","lastLap":"42.01","lastLapSec":"42","bestLap":"40.84","segments":[{"pilotName":"","finishTime":"00:00:00","pilotId":"1","totalPilotTime":"00:02:13","neLength":"00:02:13","kart":"0","pitTime":""}],"lapCount":"3","lastLapS2":"28.16","lastLapS1":"13.85","secondsFromPit":"266","isOnPit":false,"isRaketa":false,"number":"21","pitstops":"0","kart":"0","lastPitMainTime":"0","totalOnTrack":"00:02:13","midLap":"41.932","pilots":[{"onTrack":"00:00:00","name":""}],"bestLapOnSegment":"40.845"},{"pilotName":"Кравчонок Олександр","lag":"01.10","timeFromLassPassing":"5500","endLap":false,"position":"5","lastPitTime":"00:00:00","transponderId":"8584138","teamName":"","lastLap":"41.37","lastLapSec":"41","bestLap":"40.50","segments":[{"pilotName":"","finishTime":"00:00:00","pilotId":"1","totalPilotTime":"00:02:13","neLength":"00:02:13","kart":"0","pitTime":""}],"lapCount":"3","lastLapS2":"28.36","lastLapS1":"13.01","secondsFromPit":"266","isOnPit":false,"isRaketa":false,"number":"5","pitstops":"0","kart":"0","lastPitMainTime":"0","totalOnTrack":"00:02:13","midLap":"41.798","pilots":[{"onTrack":"00:00:00","name":""}],"bestLapOnSegment":"40.500"},{"pilotName":"Лантушенко Ігор","lag":"0.58","timeFromLassPassing":"4947","endLap":false,"position":"6","lastPitTime":"00:00:00","transponderId":"8441658","teamName":"","lastLap":"42.86","lastLapSec":"43","bestLap":"40.46","segments":[{"pilotName":"","finishTime":"00:00:00","pilotId":"1","totalPilotTime":"00:02:13","neLength":"00:02:13","kart":"0","pitTime":""}],"lapCount":"3","lastLapS2":"29.62","lastLapS1":"13.23","secondsFromPit":"266","isOnPit":false,"isRaketa":false,"number":"13","pitstops":"0","kart":"0","lastPitMainTime":"0","totalOnTrack":"00:02:13","midLap":"42.195","pilots":[{"onTrack":"00:00:00","name":""}],"bestLapOnSegment":"40.462"},{"pilotName":"Міфтахутдінов Ільяс","lag":"0.14","timeFromLassPassing":"4659","endLap":false,"position":"7","lastPitTime":"00:00:00","transponderId":"5885393","teamName":"","lastLap":"41.88","lastLapSec":"42","bestLap":"40.54","segments":[{"pilotName":"","finishTime":"00:00:00","pilotId":"1","totalPilotTime":"00:02:13","neLength":"00:02:13","kart":"0","pitTime":""}],"lapCount":"3","lastLapS2":"28.84","lastLapS1":"13.04","secondsFromPit":"266","isOnPit":false,"isRaketa":false,"number":"3","pitstops":"0","kart":"0","lastPitMainTime":"0","totalOnTrack":"00:02:13","midLap":"41.929","pilots":[{"onTrack":"00:00:00","name":""}],"bestLapOnSegment":"40.540"},{"pilotName":"Шиленко Олександр","lag":"0.01","timeFromLassPassing":"4659","endLap":false,"position":"8","lastPitTime":"00:00:00","transponderId":"9739691","teamName":"","lastLap":"41.76","lastLapSec":"42","bestLap":"40.47","segments":[{"pilotName":"","finishTime":"00:00:00","pilotId":"1","totalPilotTime":"00:02:13","neLength":"00:02:13","kart":"0","pitTime":""}],"lapCount":"3","lastLapS2":"28.56","lastLapS1":"13.19","secondsFromPit":"266","isOnPit":false,"isRaketa":false,"number":"1","pitstops":"0","kart":"0","lastPitMainTime":"0","totalOnTrack":"00:02:13","midLap":"42.154","pilots":[{"onTrack":"00:00:00","name":""}],"bestLapOnSegment":"40.478"}],"thirdPlaceLag":"01.121","firstPlaceName":"Маніло Денис","bestLapRace":"40.438","teams2":{"1":{"pilotName":"Шиленко Олександр","lag":"0.01","timeFromLassPassing":"4659","endLap":false,"position":"8","lastPitTime":"00:00:00","transponderId":"9739691","teamName":"","lastLap":"41.76","lastLapSec":"42","bestLap":"40.47","segments":[{"pilotName":"","finishTime":"00:00:00","pilotId":"1","totalPilotTime":"00:02:13","neLength":"00:02:13","kart":"0","pitTime":""}],"lapCount":"3","lastLapS2":"28.56","lastLapS1":"13.19","secondsFromPit":"266","isOnPit":false,"isRaketa":false,"number":"1","pitstops":"0","kart":"0","lastPitMainTime":"0","totalOnTrack":"00:02:13","midLap":"42.154","pilots":[{"onTrack":"00:00:00","name":""}],"bestLapOnSegment":"40.478"},"2":{"pilotName":"Маніло Денис","lag":"0","timeFromLassPassing":"9219","endLap":false,"position":"1","lastPitTime":"00:00:00","transponderId":"8583082","teamName":"","lastLap":"40.51","lastLapSec":"41","bestLap":"40.51","segments":[{"pilotName":"","finishTime":"00:00:00","pilotId":"1","totalPilotTime":"00:02:13","neLength":"00:02:13","kart":"0","pitTime":""}],"lapCount":"3","lastLapS2":"27.35","lastLapS1":"13.16","secondsFromPit":"266","isOnPit":false,"isRaketa":false,"number":"2","pitstops":"0","kart":"0","lastPitMainTime":"0","totalOnTrack":"00:02:13","midLap":"41.519","pilots":[{"onTrack":"00:00:00","name":""}],"bestLapOnSegment":"40.516"},"3":{"pilotName":"Міфтахутдінов Ільяс","lag":"0.14","timeFromLassPassing":"4659","endLap":false,"position":"7","lastPitTime":"00:00:00","transponderId":"5885393","teamName":"","lastLap":"41.88","lastLapSec":"42","bestLap":"40.54","segments":[{"pilotName":"","finishTime":"00:00:00","pilotId":"1","totalPilotTime":"00:02:13","neLength":"00:02:13","kart":"0","pitTime":""}],"lapCount":"3","lastLapS2":"28.84","lastLapS1":"13.04","secondsFromPit":"266","isOnPit":false,"isRaketa":false,"number":"3","pitstops":"0","kart":"0","lastPitMainTime":"0","totalOnTrack":"00:02:13","midLap":"41.929","pilots":[{"onTrack":"00:00:00","name":""}],"bestLapOnSegment":"40.540"},"4":{"pilotName":"Ткаченко Кирило","lag":"01.12","timeFromLassPassing":"7896","endLap":false,"position":"3","lastPitTime":"00:00:00","transponderId":"8431733","teamName":"","lastLap":"40.45","lastLapSec":"40","bestLap":"40.43","segments":[{"pilotName":"","finishTime":"00:00:00","pilotId":"1","totalPilotTime":"00:02:13","neLength":"00:02:13","kart":"0","pitTime":""}],"lapCount":"3","lastLapS2":"27.10","lastLapS1":"13.34","secondsFromPit":"266","isOnPit":false,"isRaketa":false,"number":"4","pitstops":"0","kart":"0","lastPitMainTime":"0","totalOnTrack":"00:02:13","midLap":"41.312","pilots":[{"onTrack":"00:00:00","name":""}],"bestLapOnSegment":"40.438"},"5":{"pilotName":"Кравчонок Олександр","lag":"01.10","timeFromLassPassing":"5500","endLap":false,"position":"5","lastPitTime":"00:00:00","transponderId":"8584138","teamName":"","lastLap":"41.37","lastLapSec":"41","bestLap":"40.50","segments":[{"pilotName":"","finishTime":"00:00:00","pilotId":"1","totalPilotTime":"00:02:13","neLength":"00:02:13","kart":"0","pitTime":""}],"lapCount":"3","lastLapS2":"28.36","lastLapS1":"13.01","secondsFromPit":"266","isOnPit":false,"isRaketa":false,"number":"5","pitstops":"0","kart":"0","lastPitMainTime":"0","totalOnTrack":"00:02:13","midLap":"41.798","pilots":[{"onTrack":"00:00:00","name":""}],"bestLapOnSegment":"40.500"},"7":{"pilotName":"Васильчук Назар","lag":"0.17","timeFromLassPassing":"8881","endLap":false,"position":"2","lastPitTime":"00:00:00","transponderId":"9614994","teamName":"","lastLap":"40.44","lastLapSec":"40","bestLap":"40.44","segments":[{"pilotName":"","finishTime":"00:00:00","pilotId":"1","totalPilotTime":"00:02:13","neLength":"00:02:13","kart":"0","pitTime":""}],"lapCount":"3","lastLapS2":"27.29","lastLapS1":"13.15","secondsFromPit":"266","isOnPit":false,"isRaketa":true,"number":"7","pitstops":"0","kart":"0","lastPitMainTime":"0","totalOnTrack":"00:02:13","midLap":"41.480","pilots":[{"onTrack":"00:00:00","name":""}],"bestLapOnSegment":"40.442"},"13":{"pilotName":"Лантушенко Ігор","lag":"0.58","timeFromLassPassing":"4947","endLap":false,"position":"6","lastPitTime":"00:00:00","transponderId":"8441658","teamName":"","lastLap":"42.86","lastLapSec":"43","bestLap":"40.46","segments":[{"pilotName":"","finishTime":"00:00:00","pilotId":"1","totalPilotTime":"00:02:13","neLength":"00:02:13","kart":"0","pitTime":""}],"lapCount":"3","lastLapS2":"29.62","lastLapS1":"13.23","secondsFromPit":"266","isOnPit":false,"isRaketa":false,"number":"13","pitstops":"0","kart":"0","lastPitMainTime":"0","totalOnTrack":"00:02:13","midLap":"42.195","pilots":[{"onTrack":"00:00:00","name":""}],"bestLapOnSegment":"40.462"},"21":{"pilotName":"Дорохін Антон","lag":"01.31","timeFromLassPassing":"6592","endLap":false,"position":"4","lastPitTime":"00:00:00","transponderId":"4684020","teamName":"","lastLap":"42.01","lastLapSec":"42","bestLap":"40.84","segments":[{"pilotName":"","finishTime":"00:00:00","pilotId":"1","totalPilotTime":"00:02:13","neLength":"00:02:13","kart":"0","pitTime":""}],"lapCount":"3","lastLapS2":"28.16","lastLapS1":"13.85","secondsFromPit":"266","isOnPit":false,"isRaketa":false,"number":"21","pitstops":"0","kart":"0","lastPitMainTime":"0","totalOnTrack":"00:02:13","midLap":"41.932","pilots":[{"onTrack":"00:00:00","name":""}],"bestLapOnSegment":"40.845"}},"compTeamNameFirst":"Команда1","compDiffS2":"-0.0","compDiffS1":"+0.0"},"onBoard":{"karts_on_track":[],"position":"8","timeDiff":"-01.282","firstpos_lag":"-04.454","lastLap":"41.760","onTrack":"02:13.585","position_by_time":"4","sector_2_time":"28.56","karts_on_pit":[],"second_pos_time":"40.442","second_pos_name":"Васильчук Назар","sector_2_lag":"-01.462","timeLag":"-01.318","sector_1_lag":"-0.182","lapCount":"3","third_pos_time":"40.438","third_pos_name":"Ткаченко Кирило","sector_1_time":"13.19","totalOnTrack":"00:02:13","prevpos_lag":"0","nextpos_lag":"-0.015","bestLapOnSegment":"40.478","first_pos_time":"40.516","first_pos_name":"Маніло Денис"}}