{"onTablo":{"compTeamSecondS2":"0.0","compTeamSecondS1":"0.0","secondPlaceLag":"01.222","teamsByTimestamp":[11,3,13,1,9,6,5],"bestLapRaceNameTeam":"","finish":true,"compTeamFirstLastLap":"0.0","raceStartedButtonTimestamp":1660765620,"bestLapRaceNumberTeam":"","raceFinishedTimestamp":1660765613,"compDiff":"-0.0","bestLapRaceNamePilot":"","compTeamSecondLastLap":"0.0","secondPlaceName":"Васильчук Назар","karts":[1,2,3,4,5,6,7,8,9,10,11,12,13,14,15,16,17,18,19,20,21,22,33,44,69],"compTeamFirstS2":"0.0","compTeamFirstS1":"0.0","compTeamNameSecond":"Команда2","totalRaceTime":"00:02:42","thirdPlaceName":"Лантушенко Ігор","secondPlaceNumber":"11","isRace":true,"firstPlaceNumber":"5","thirdPlaceNumber":"3","bestS2Race":"27.170","firstPlaceLag":"","bestS1Race":"13.078","compLag":"0.0","teams":[{"pilotName":"Якусик Дмитро","lag":"0","timeFromLassPassing":"34845","endLap":false,"position":"1","lastPitTime":"00:00:00","transponderId":"8584138","teamName":"","lastLap":"40.71","lastLapSec":"41","bestLap":"40.71","segments":[{"pilotName":"","finishTime":"00:00:00","pilotId":"1","totalPilotTime":"00:02:42","neLength":"00:02:42","kart":"0","pitTime":""}],"lapCount":"3","lastLapS2":"27.58","lastLapS1":"13.17","secondsFromPit":"203","isOnPit":false,"isRaketa":false,"number":"5","pitstops":"0","kart":"0","lastPitMainTime":"0","totalOnTrack":"00:02:42","midLap":"42.134","pilots":[{"onTrack":"00:00:00","name":""}],"bestLapOnSegment":"40.718"},{"pilotName":"Васильчук Назар","lag":"01.12","timeFromLassPassing":"33521","endLap":false,"position":"2","lastPitTime":"00:00:00","transponderId":"2758575","teamName":"","lastLap":"40.48","lastLapSec":"40","bestLap":"40.48","segments":[{"pilotName":"","finishTime":"00:00:00","pilotId":"1","totalPilotTime":"00:02:42","neLength":"00:02:42","kart":"0","pitTime":""}],"lapCount":"3","lastLapS2":"27.27","lastLapS1":"13.26","secondsFromPit":"203","isOnPit":false,"isRaketa":false,"number":"11","pitstops":"0","kart":"0","lastPitMainTime":"0","totalOnTrack":"00:02:42","midLap":"42.889","pilots":[{"onTrack":"00:00:00","name":""}],"bestLapOnSegment":"40.485"},{"pilotName":"Лантушенко Ігор","lag":"0.35","timeFromLassPassing":"33198","endLap":false,"position":"3","lastPitTime":"00:00:00","transponderId":"5885393","teamName":"","lastLap":"40.31","lastLapSec":"40","bestLap":"40.31","segments":[{"pilotName":"","finishTime":"00:00:00","pilotId":"1","totalPilotTime":"00:02:42","neLength":"00:02:42","kart":"0","pitTime":""}],"lapCount":"3","lastLapS2":"27.17","lastLapS1":"13.09","secondsFromPit":"203","isOnPit":false,"isRaketa":true,"number":"3","pitstops":"0","kart":"0","lastPitMainTime":"0","totalOnTrack":"00:02:42","midLap":"42.253","pilots":[{"onTrack":"00:00:00","name":""}],"bestLapOnSegment":"40.318"},{"pilotName":"Хавіло Дмитро","lag":"0.92","timeFromLassPassing":"32430","endLap":false,"position":"4","lastPitTime":"00:00:00","transponderId":"8441658","teamName":"","lastLap":"40.69","lastLapSec":"41","bestLap":"40.69","segments":[{"pilotName":"","finishTime":"00:00:00","pilotId":"1","totalPilotTime":"00:02:42","neLength":"00:02:42","kart":"0","pitTime":""}],"lapCount":"3","lastLapS2":"27.33","lastLapS1":"13.15","secondsFromPit":"203","isOnPit":false,"isRaketa":false,"number":"13","pitstops":"0","kart":"0","lastPitMainTime":"0","totalOnTrack":"00:02:42","midLap":"42.954","pilots":[{"onTrack":"00:00:00","name":""}],"bestLapOnSegment":"40.694"},{"pilotName":"Кравчонок Олександр","lag":"0.28","timeFromLassPassing":"31998","endLap":false,"position":"5","lastPitTime":"00:00:00","transponderId":"9739691","teamName":"","lastLap":"40.33","lastLapSec":"40","bestLap":"40.33","segments":[{"pilotName":"","finishTime":"00:00:00","pilotId":"1","totalPilotTime":"00:02:42","neLength":"00:02:42","kart":"0","pitTime":""}],"lapCount":"3","lastLapS2":"27.17","lastLapS1":"13.07","secondsFromPit":"203","isOnPit":false,"isRaketa":false,"number":"1","pitstops":"0","kart":"0","lastPitMainTime":"0","totalOnTrack":"00:02:42","midLap":"42.542","pilots":[{"onTrack":"00:00:00","name":""}],"bestLapOnSegment":"40.337"},{"pilotName":"Литвиненко Віктор","lag":"0.44","timeFromLassPassing":"31565","endLap":false,"position":"6","lastPitTime":"00:00:00","transponderId":"2807865","teamName":"","lastLap":"40.56","lastLapSec":"41","bestLap":"40.56","segments":[{"pilotName":"","finishTime":"00:00:00","pilotId":"1","totalPilotTime":"00:02:42","neLength":"00:02:42","kart":"0","pitTime":""}],"lapCount":"3","lastLapS2":"27.35","lastLapS1":"13.08","secondsFromPit":"203","isOnPit":false,"isRaketa":false,"number":"9","pitstops":"0","kart":"0","lastPitMainTime":"0","totalOnTrack":"00:02:42","midLap":"42.977","pilots":[{"onTrack":"00:00:00","name":""}],"bestLapOnSegment":"40.561"},{"pilotName":"Булавінов Андрій","lag":"01.59","timeFromLassPassing":"29913","endLap":false,"position":"7","lastPitTime":"00:00:00","transponderId":"9661676","teamName":"","lastLap":"41.25","lastLapSec":"41","bestLap":"41.25","segments":[{"pilotName":"","finishTime":"00:00:00","pilotId":"1","totalPilotTime":"00:02:42","neLength":"00:02:42","kart":"0","pitTime":""}],"lapCount":"3","lastLapS2":"27.78","lastLapS1":"13.32","secondsFromPit":"203","isOnPit":false,"isRaketa":false,"number":"6","pitstops":"0","kart":"0","lastPitMainTime":"0","totalOnTrack":"00:02:42","midLap":"44.116","pilots":[{"onTrack":"00:00:00","name":""}],"bestLapOnSegment":"41.257"}],"thirdPlaceLag":"0.179","firstPlaceName":"Якусик Дмитро","bestLapRace":"40.318","teams2":{"1":{"pilotName":"Кравчонок Олександр","lag":"0.28","timeFromLassPassing":"31998","endLap":false,"position":"5","lastPitTime":"00:00:00","transponderId":"9739691","teamName":"","lastLap":"40.33","lastLapSec":"40","bestLap":"40.33","segments":[{"pilotName":"","finishTime":"00:00:00","pilotId":"1","totalPilotTime":"00:02:42","neLength":"00:02:42","kart":"0","pitTime":""}],"lapCount":"3","lastLapS2":"27.17","lastLapS1":"13.07","secondsFromPit":"203","isOnPit":false,"isRaketa":false,"number":"1","pitstops":"0","kart":"0","lastPitMainTime":"0","totalOnTrack":"00:02:42","midLap":"42.542","pilots":[{"onTrack":"00:00:00","name":""}],"bestLapOnSegment":"40.337"},"3":{"pilotName":"Лантушенко Ігор","lag":"0.35","timeFromLassPassing":"33198","endLap":false,"position":"3","lastPitTime":"00:00:00","transponderId":"5885393","teamName":"","lastLap":"40.31","lastLapSec":"40","bestLap":"40.31","segments":[{"pilotName":"","finishTime":"00:00:00","pilotId":"1","totalPilotTime":"00:02:42","neLength":"00:02:42","kart":"0","pitTime":""}],"lapCount":"3","lastLapS2":"27.17","lastLapS1":"13.09","secondsFromPit":"203","isOnPit":false,"isRaketa":true,"number":"3","pitstops":"0","kart":"0","lastPitMainTime":"0","totalOnTrack":"00:02:42","midLap":"42.253","pilots":[{"onTrack":"00:00:00","name":""}],"bestLapOnSegment":"40.318"},"5":{"pilotName":"Якусик Дмитро","lag":"0","timeFromLassPassing":"34845","endLap":false,"position":"1","lastPitTime":"00:00:00","transponderId":"8584138","teamName":"","lastLap":"40.71","lastLapSec":"41","bestLap":"40.71","segments":[{"pilotName":"","finishTime":"00:00:00","pilotId":"1","totalPilotTime":"00:02:42","neLength":"00:02:42","kart":"0","pitTime":""}],"lapCount":"3","lastLapS2":"27.58","lastLapS1":"13.17","secondsFromPit":"203","isOnPit":false,"isRaketa":false,"number":"5","pitstops":"0","kart":"0","lastPitMainTime":"0","totalOnTrack":"00:02:42","midLap":"42.134","pilots":[{"onTrack":"00:00:00","name":""}],"bestLapOnSegment":"40.718"},"6":{"pilotName":"Булавінов Андрій","lag":"01.59","timeFromLassPassing":"29913","endLap":false,"position":"7","lastPitTime":"00:00:00","transponderId":"9661676","teamName":"","lastLap":"41.25","lastLapSec":"41","bestLap":"41.25","segments":[{"pilotName":"","finishTime":"00:00:00","pilotId":"1","totalPilotTime":"00:02:42","neLength":"00:02:42","kart":"0","pitTime":""}],"lapCount":"3","lastLapS2":"27.78","lastLapS1":"13.32","secondsFromPit":"203","isOnPit":false,"isRaketa":false,"number":"6","pitstops":"0","kart":"0","lastPitMainTime":"0","totalOnTrack":"00:02:42","midLap":"44.116","pilots":[{"onTrack":"00:00:00","name":""}],"bestLapOnSegment":"41.257"},"9":{"pilotName":"Литвиненко Віктор","lag":"0.44","timeFromLassPassing":"31565","endLap":false,"position":"6","lastPitTime":"00:00:00","transponderId":"2807865","teamName":"","lastLap":"40.56","lastLapSec":"41","bestLap":"40.56","segments":[{"pilotName":"","finishTime":"00:00:00","pilotId":"1","totalPilotTime":"00:02:42","neLength":"00:02:42","kart":"0","pitTime":""}],"lapCount":"3","lastLapS2":"27.35","lastLapS1":"13.08","secondsFromPit":"203","isOnPit":false,"isRaketa":false,"number":"9","pitstops":"0","kart":"0","lastPitMainTime":"0","totalOnTrack":"00:02:42","midLap":"42.977","pilots":[{"onTrack":"00:00:00","name":""}],"bestLapOnSegment":"40.561"},"11":{"pilotName":"Васильчук Назар","lag":"01.12","timeFromLassPassing":"33521","endLap":false,"position":"2","lastPitTime":"00:00:00","transponderId":"2758575","teamName":"","lastLap":"40.48","lastLapSec":"40","bestLap":"40.48","segments":[{"pilotName":"","finishTime":"00:00:00","pilotId":"1","totalPilotTime":"00:02:42","neLength":"00:02:42","kart":"0","pitTime":""}],"lapCount":"3","lastLapS2":"27.27","lastLapS1":"13.26","secondsFromPit":"203","isOnPit":false,"isRaketa":false,"number":"11","pitstops":"0","kart":"0","lastPitMainTime":"0","totalOnTrack":"00:02:42","midLap":"42.889","pilots":[{"onTrack":"00:00:00","name":""}],"bestLapOnSegment":"40.485"},"13":{"pilotName":"Хавіло Дмитро","lag":"0.92","timeFromLassPassing":"32430","endLap":false,"position":"4","lastPitTime":"00:00:00","transponderId":"8441658","teamName":"","lastLap":"40.69","lastLapSec":"41","bestLap":"40.69","segments":[{"pilotName":"","finishTime":"00:00:00","pilotId":"1","totalPilotTime":"00:02:42","neLength":"00:02:42","kart":"0","pitTime":""}],"lapCount":"3","lastLapS2":"27.33","lastLapS1":"13.15","secondsFromPit":"203","isOnPit":false,"isRaketa":false,"number":"13","pitstops":"0","kart":"0","lastPitMainTime":"0","totalOnTrack":"00:02:42","midLap":"42.954","pilots":[{"onTrack":"00:00:00","name":""}],"bestLapOnSegment":"40.694"}},"compTeamNameFirst":"Команда1","compDiffS2":"-0.0","compDiffS1":"+0.0"},"onBoard":{"karts_on_track":[],"position":"5","timeDiff":"+0.492","firstpos_lag":"-02.693","lastLap":"40.337","onTrack":"02:42.223","position_by_time":"2","sector_2_time":"27.17","karts_on_pit":[],"second_pos_time":"40.485","second_pos_name":"Васильчук Назар","sector_2_lag":"-0.009","timeLag":"-0.019","sector_1_lag":"+0.008","lapCount":"3","third_pos_time":"40.318","third_pos_name":"Лантушенко Ігор","sector_1_time":"13.07","totalOnTrack":"00:02:42","prevpos_lag":"+0.441","nextpos_lag":"-0.288","bestLapOnSegment":"40.337","first_pos_time":"40.718","first_pos_name":"Якусик Дмитро"}}