{"onTablo":{"compTeamSecondS2":"0.0","compTeamSecondS1":"0.0","secondPlaceLag":"02.819","teamsByTimestamp":[2,1,3,5,13,4,6,9],"bestLapRaceNameTeam":"","finish":true,"compTeamFirstLastLap":"0.0","raceStartedButtonTimestamp":1660766222,"bestLapRaceNumberTeam":"","raceFinishedTimestamp":1660766088,"compDiff":"-0.0","bestLapRaceNamePilot":"","compTeamSecondLastLap":"0.0","secondPlaceName":"Родін Артем","karts":[1,2,3,4,5,6,7,8,9,10,11,12,13,14,15,16,17,18,19,20,21,22,33,44,69],"compTeamFirstS2":"0.0","compTeamFirstS1":"0.0","compTeamNameSecond":"Команда2","totalRaceTime":"00:05:11","thirdPlaceName":"Міфтахутдінов Ільяс","secondPlaceNumber":"2","isRace":true,"firstPlaceNumber":"5","thirdPlaceNumber":"1","bestS2Race":"27.154","firstPlaceLag":"","bestS1Race":"13.017","compLag":"0.0","teams":[{"pilotName":"Шиленко Олександр","lag":"0","timeFromLassPassing":"20319","endLap":false,"position":"1","lastPitTime":"00:00:00","transponderId":"8584138","teamName":"","lastLap":"40.29","lastLapSec":"40","bestLap":"40.26","segments":[{"pilotName":"","finishTime":"00:00:00","pilotId":"1","totalPilotTime":"00:05:11","neLength":"00:05:11","kart":"0","pitTime":""}],"lapCount":"7","lastLapS2":"27.20","lastLapS1":"13.05","secondsFromPit":"455","isOnPit":false,"isRaketa":true,"number":"5","pitstops":"0","kart":"0","lastPitMainTime":"0","totalOnTrack":"00:05:11","midLap":"41.334","pilots":[{"onTrack":"00:00:00","name":""}],"bestLapOnSegment":"40.268"},{"pilotName":"Родін Артем","lag":"02.50","timeFromLassPassing":"17695","endLap":false,"position":"2","lastPitTime":"00:00:00","transponderId":"8583082","teamName":"","lastLap":"41.07","lastLapSec":"41","bestLap":"40.89","segments":[{"pilotName":"","finishTime":"00:00:00","pilotId":"1","totalPilotTime":"00:05:11","neLength":"00:05:11","kart":"0","pitTime":""}],"lapCount":"7","lastLapS2":"27.74","lastLapS1":"13.36","secondsFromPit":"455","isOnPit":false,"isRaketa":false,"number":"2","pitstops":"0","kart":"0","lastPitMainTime":"0","totalOnTrack":"00:05:11","midLap":"42.021","pilots":[{"onTrack":"00:00:00","name":""}],"bestLapOnSegment":"40.894"},{"pilotName":"Міфтахутдінов Ільяс","lag":"02.73","timeFromLassPassing":"14956","endLap":false,"position":"3","lastPitTime":"00:00:00","transponderId":"9739691","teamName":"","lastLap":"41.40","lastLapSec":"41","bestLap":"40.38","segments":[{"pilotName":"","finishTime":"00:00:00","pilotId":"1","totalPilotTime":"00:05:11","neLength":"00:05:11","kart":"0","pitTime":""}],"lapCount":"7","lastLapS2":"28.19","lastLapS1":"13.01","secondsFromPit":"455","isOnPit":false,"isRaketa":false,"number":"1","pitstops":"0","kart":"0","lastPitMainTime":"0","totalOnTrack":"00:05:11","midLap":"41.986","pilots":[{"onTrack":"00:00:00","name":""}],"bestLapOnSegment":"40.383"},{"pilotName":"Маніло Денис","lag":"01.06","timeFromLassPassing":"13858","endLap":false,"position":"4","lastPitTime":"00:00:00","transponderId":"5885393","teamName":"","lastLap":"41.93","lastLapSec":"42","bestLap":"41.26","segments":[{"pilotName":"","finishTime":"00:00:00","pilotId":"1","totalPilotTime":"00:05:11","neLength":"00:05:11","kart":"0","pitTime":""}],"lapCount":"7","lastLapS2":"28.64","lastLapS1":"13.72","secondsFromPit":"455","isOnPit":false,"isRaketa":false,"number":"3","pitstops":"0","kart":"0","lastPitMainTime":"0","totalOnTrack":"00:05:11","midLap":"42.123","pilots":[{"onTrack":"00:00:00","name":""}],"bestLapOnSegment":"41.264"},{"pilotName":"Вінтонів Іван","lag":"0.08","timeFromLassPassing":"13675","endLap":false,"position":"5","lastPitTime":"00:00:00","transponderId":"9661676","teamName":"","lastLap":"42.86","lastLapSec":"43","bestLap":"41.49","segments":[{"pilotName":"","finishTime":"00:00:00","pilotId":"1","totalPilotTime":"00:05:11","neLength":"00:05:11","kart":"0","pitTime":""}],"lapCount":"7","lastLapS2":"29.54","lastLapS1":"13.32","secondsFromPit":"455","isOnPit":false,"isRaketa":false,"number":"6","pitstops":"0","kart":"0","lastPitMainTime":"0","totalOnTrack":"00:05:11","midLap":"42.394","pilots":[{"onTrack":"00:00:00","name":""}],"bestLapOnSegment":"41.497"},{"pilotName":"Ткаченко Кирило","lag":"0.18","timeFromLassPassing":"13638","endLap":false,"position":"6","lastPitTime":"00:00:00","transponderId":"8441658","teamName":"","lastLap":"41.91","lastLapSec":"42","bestLap":"40.79","segments":[{"pilotName":"","finishTime":"00:00:00","pilotId":"1","totalPilotTime":"00:05:11","neLength":"00:05:11","kart":"0","pitTime":""}],"lapCount":"7","lastLapS2":"28.64","lastLapS1":"13.27","secondsFromPit":"455","isOnPit":false,"isRaketa":false,"number":"13","pitstops":"0","kart":"0","lastPitMainTime":"0","totalOnTrack":"00:05:11","midLap":"42.355","pilots":[{"onTrack":"00:00:00","name":""}],"bestLapOnSegment":"40.796"},{"pilotName":"Дорохін Антон","lag":"0.20","timeFromLassPassing":"13429","endLap":false,"position":"7","lastPitTime":"00:00:00","transponderId":"8431733","teamName":"","lastLap":"41.89","lastLapSec":"42","bestLap":"40.91","segments":[{"pilotName":"","finishTime":"00:00:00","pilotId":"1","totalPilotTime":"00:05:11","neLength":"00:05:11","kart":"0","pitTime":""}],"lapCount":"7","lastLapS2":"28.46","lastLapS1":"13.42","secondsFromPit":"455","isOnPit":false,"isRaketa":false,"number":"4","pitstops":"0","kart":"0","lastPitMainTime":"0","totalOnTrack":"00:05:11","midLap":"42.593","pilots":[{"onTrack":"00:00:00","name":""}],"bestLapOnSegment":"40.914"},{"pilotName":"Лихошерст Олексій","lag":"4L+","timeFromLassPassing":"224786","endLap":false,"position":"8","lastPitTime":"00:00:00","transponderId":"2807865","teamName":"","lastLap":"41.17","lastLapSec":"41","bestLap":"41.17","segments":[{"pilotName":"","finishTime":"00:00:00","pilotId":"1","totalPilotTime":"00:05:11","neLength":"00:05:11","kart":"0","pitTime":""}],"lapCount":"2","lastLapS2":"27.97","lastLapS1":"13.20","secondsFromPit":"455","isOnPit":false,"isRaketa":false,"number":"9","pitstops":"0","kart":"0","lastPitMainTime":"0","totalOnTrack":"00:05:11","midLap":"42.184","pilots":[{"onTrack":"00:00:00","name":""}],"bestLapOnSegment":"41.179"}],"thirdPlaceLag":"02.394","firstPlaceName":"Шиленко Олександр","bestLapRace":"40.268","teams2":{"1":{"pilotName":"Міфтахутдінов Ільяс","lag":"02.73","timeFromLassPassing":"14956","endLap":false,"position":"3","lastPitTime":"00:00:00","transponderId":"9739691","teamName":"","lastLap":"41.40","lastLapSec":"41","bestLap":"40.38","segments":[{"pilotName":"","finishTime":"00:00:00","pilotId":"1","totalPilotTime":"00:05:11","neLength":"00:05:11","kart":"0","pitTime":""}],"lapCount":"7","lastLapS2":"28.19","lastLapS1":"13.01","secondsFromPit":"455","isOnPit":false,"isRaketa":false,"number":"1","pitstops":"0","kart":"0","lastPitMainTime":"0","totalOnTrack":"00:05:11","midLap":"41.986","pilots":[{"onTrack":"00:00:00","name":""}],"bestLapOnSegment":"40.383"},"2":{"pilotName":"Родін Артем","lag":"02.50","timeFromLassPassing":"17695","endLap":false,"position":"2","lastPitTime":"00:00:00","transponderId":"8583082","teamName":"","lastLap":"41.07","lastLapSec":"41","bestLap":"40.89","segments":[{"pilotName":"","finishTime":"00:00:00","pilotId":"1","totalPilotTime":"00:05:11","neLength":"00:05:11","kart":"0","pitTime":""}],"lapCount":"7","lastLapS2":"27.74","lastLapS1":"13.36","secondsFromPit":"455","isOnPit":false,"isRaketa":false,"number":"2","pitstops":"0","kart":"0","lastPitMainTime":"0","totalOnTrack":"00:05:11","midLap":"42.021","pilots":[{"onTrack":"00:00:00","name":""}],"bestLapOnSegment":"40.894"},"3":{"pilotName":"Маніло Денис","lag":"01.06","timeFromLassPassing":"13858","endLap":false,"position":"4","lastPitTime":"00:00:00","transponderId":"5885393","teamName":"","lastLap":"41.93","lastLapSec":"42","bestLap":"41.26","segments":[{"pilotName":"","finishTime":"00:00:00","pilotId":"1","totalPilotTime":"00:05:11","neLength":"00:05:11","kart":"0","pitTime":""}],"lapCount":"7","lastLapS2":"28.64","lastLapS1":"13.72","secondsFromPit":"455","isOnPit":false,"isRaketa":false,"number":"3","pitstops":"0","kart":"0","lastPitMainTime":"0","totalOnTrack":"00:05:11","midLap":"42.123","pilots":[{"onTrack":"00:00:00","name":""}],"bestLapOnSegment":"41.264"},"4":{"pilotName":"Дорохін Антон","lag":"0.20","timeFromLassPassing":"13429","endLap":false,"position":"7","lastPitTime":"00:00:00","transponderId":"8431733","teamName":"","lastLap":"41.89","lastLapSec":"42","bestLap":"40.91","segments":[{"pilotName":"","finishTime":"00:00:00","pilotId":"1","totalPilotTime":"00:05:11","neLength":"00:05:11","kart":"0","pitTime":""}],"lapCount":"7","lastLapS2":"28.46","lastLapS1":"13.42","secondsFromPit":"455","isOnPit":false,"isRaketa":false,"number":"4","pitstops":"0","kart":"0","lastPitMainTime":"0","totalOnTrack":"00:05:11","midLap":"42.593","pilots":[{"onTrack":"00:00:00","name":""}],"bestLapOnSegment":"40.914"},"5":{"pilotName":"Шиленко Олександр","lag":"0","timeFromLassPassing":"20319","endLap":false,"position":"1","lastPitTime":"00:00:00","transponderId":"8584138","teamName":"","lastLap":"40.29","lastLapSec":"40","bestLap":"40.26","segments":[{"pilotName":"","finishTime":"00:00:00","pilotId":"1","totalPilotTime":"00:05:11","neLength":"00:05:11","kart":"0","pitTime":""}],"lapCount":"7","lastLapS2":"27.20","lastLapS1":"13.05","secondsFromPit":"455","isOnPit":false,"isRaketa":true,"number":"5","pitstops":"0","kart":"0","lastPitMainTime":"0","totalOnTrack":"00:05:11","midLap":"41.334","pilots":[{"onTrack":"00:00:00","name":""}],"bestLapOnSegment":"40.268"},"6":{"pilotName":"Вінтонів Іван","lag":"0.08","timeFromLassPassing":"13675","endLap":false,"position":"5","lastPitTime":"00:00:00","transponderId":"9661676","teamName":"","lastLap":"42.86","lastLapSec":"43","bestLap":"41.49","segments":[{"pilotName":"","finishTime":"00:00:00","pilotId":"1","totalPilotTime":"00:05:11","neLength":"00:05:11","kart":"0","pitTime":""}],"lapCount":"7","lastLapS2":"29.54","lastLapS1":"13.32","secondsFromPit":"455","isOnPit":false,"isRaketa":false,"number":"6","pitstops":"0","kart":"0","lastPitMainTime":"0","totalOnTrack":"00:05:11","midLap":"42.394","pilots":[{"onTrack":"00:00:00","name":""}],"bestLapOnSegment":"41.497"},"9":{"pilotName":"Лихошерст Олексій","lag":"4L+","timeFromLassPassing":"224786","endLap":false,"position":"8","lastPitTime":"00:00:00","transponderId":"2807865","teamName":"","lastLap":"41.17","lastLapSec":"41","bestLap":"41.17","segments":[{"pilotName":"","finishTime":"00:00:00","pilotId":"1","totalPilotTime":"00:05:11","neLength":"00:05:11","kart":"0","pitTime":""}],"lapCount":"2","lastLapS2":"27.97","lastLapS1":"13.20","secondsFromPit":"455","isOnPit":false,"isRaketa":false,"number":"9","pitstops":"0","kart":"0","lastPitMainTime":"0","totalOnTrack":"00:05:11","midLap":"42.184","pilots":[{"onTrack":"00:00:00","name":""}],"bestLapOnSegment":"41.179"},"13":{"pilotName":"Ткаченко Кирило","lag":"0.18","timeFromLassPassing":"13638","endLap":false,"position":"6","lastPitTime":"00:00:00","transponderId":"8441658","teamName":"","lastLap":"41.91","lastLapSec":"42","bestLap":"40.79","segments":[{"pilotName":"","finishTime":"00:00:00","pilotId":"1","totalPilotTime":"00:05:11","neLength":"00:05:11","kart":"0","pitTime":""}],"lapCount":"7","lastLapS2":"28.64","lastLapS1":"13.27","secondsFromPit":"455","isOnPit":false,"isRaketa":false,"number":"13","pitstops":"0","kart":"0","lastPitMainTime":"0","totalOnTrack":"00:05:11","midLap":"42.355","pilots":[{"onTrack":"00:00:00","name":""}],"bestLapOnSegment":"40.796"}},"compTeamNameFirst":"Команда1","compDiffS2":"-0.0","compDiffS1":"+0.0"},"onBoard":{"karts_on_track":[],"position":"3","timeDiff":"-01.021","firstpos_lag":"-05.246","lastLap":"41.404","onTrack":"05:11.666","position_by_time":"2","sector_2_time":"28.19","karts_on_pit":[],"second_pos_time":"40.894","second_pos_name":"Родін Артем","sector_2_lag":"-01.042","timeLag":"-01.113","sector_1_lag":"+0.033","lapCount":"7","third_pos_time":"40.383","third_pos_name":"Міфтахутдінов Ільяс","sector_1_time":"13.01","totalOnTrack":"00:05:11","prevpos_lag":"+01.063","nextpos_lag":"-02.737","bestLapOnSegment":"40.383","first_pos_time":"40.268","first_pos_name":"Шиленко Олександр"}}