{"onTablo":{"compTeamSecondS2":"0.0","compTeamSecondS1":"0.0","secondPlaceLag":"0.231","teamsByTimestamp":[7,21,4,13,5,3,1,2],"bestLapRaceNameTeam":"","finish":true,"compTeamFirstLastLap":"0.0","raceStartedButtonTimestamp":1660768334,"bestLapRaceNumberTeam":"","raceFinishedTimestamp":1660768216,"compDiff":"-0.0","bestLapRaceNamePilot":"","compTeamSecondLastLap":"0.0","secondPlaceName":"Васильчук Назар","karts":[1,2,3,4,5,6,7,8,9,10,11,12,13,14,15,16,17,18,19,20,21,22,33,44,69],"compTeamFirstS2":"0.0","compTeamFirstS1":"0.0","compTeamNameSecond":"Команда2","totalRaceTime":"00:01:44","thirdPlaceName":"Дорохін Антон","secondPlaceNumber":"7","isRace":true,"firstPlaceNumber":"2","thirdPlaceNumber":"21","bestS2Race":"27.214","firstPlaceLag":"","bestS1Race":"13.011","compLag":"0.0","teams":[{"pilotName":"Маніло Денис","lag":"0","timeFromLassPassing":"20173","endLap":false,"position":"1","lastPitTime":"00:00:00","transponderId":"8583082","teamName":"","lastLap":"40.66","lastLapSec":"41","bestLap":"40.66","segments":[{"pilotName":"","finishTime":"00:00:00","pilotId":"1","totalPilotTime":"00:01:44","neLength":"00:01:44","kart":"0","pitTime":""}],"lapCount":"2","lastLapS2":"27.44","lastLapS1":"13.16","secondsFromPit":"237","isOnPit":false,"isRaketa":false,"number":"2","pitstops":"0","kart":"0","lastPitMainTime":"0","totalOnTrack":"00:01:44","midLap":"42.020","pilots":[{"onTrack":"00:00:00","name":""}],"bestLapOnSegment":"40.662"},{"pilotName":"Васильчук Назар","lag":"0.24","timeFromLassPassing":"19850","endLap":false,"position":"2","lastPitTime":"00:00:00","transponderId":"9614994","teamName":"","lastLap":"40.62","lastLapSec":"41","bestLap":"40.62","segments":[{"pilotName":"","finishTime":"00:00:00","pilotId":"1","totalPilotTime":"00:01:44","neLength":"00:01:44","kart":"0","pitTime":""}],"lapCount":"2","lastLapS2":"27.45","lastLapS1":"13.15","secondsFromPit":"237","isOnPit":false,"isRaketa":false,"number":"7","pitstops":"0","kart":"0","lastPitMainTime":"0","totalOnTrack":"00:01:44","midLap":"42.000","pilots":[{"onTrack":"00:00:00","name":""}],"bestLapOnSegment":"40.626"},{"pilotName":"Дорохін Антон","lag":"0.85","timeFromLassPassing":"18974","endLap":false,"position":"3","lastPitTime":"00:00:00","transponderId":"4684020","teamName":"","lastLap":"40.84","lastLapSec":"41","bestLap":"40.84","segments":[{"pilotName":"","finishTime":"00:00:00","pilotId":"1","totalPilotTime":"00:01:44","neLength":"00:01:44","kart":"0","pitTime":""}],"lapCount":"2","lastLapS2":"27.45","lastLapS1":"13.85","secondsFromPit":"237","isOnPit":false,"isRaketa":false,"number":"21","pitstops":"0","kart":"0","lastPitMainTime":"0","totalOnTrack":"00:01:44","midLap":"41.889","pilots":[{"onTrack":"00:00:00","name":""}],"bestLapOnSegment":"40.845"},{"pilotName":"Ткаченко Кирило","lag":"0.25","timeFromLassPassing":"18852","endLap":false,"position":"4","lastPitTime":"00:00:00","transponderId":"8431733","teamName":"","lastLap":"40.43","lastLapSec":"40","bestLap":"40.43","segments":[{"pilotName":"","finishTime":"00:00:00","pilotId":"1","totalPilotTime":"00:01:44","neLength":"00:01:44","kart":"0","pitTime":""}],"lapCount":"2","lastLapS2":"27.27","lastLapS1":"13.34","secondsFromPit":"237","isOnPit":false,"isRaketa":true,"number":"4","pitstops":"0","kart":"0","lastPitMainTime":"0","totalOnTrack":"00:01:44","midLap":"41.742","pilots":[{"onTrack":"00:00:00","name":""}],"bestLapOnSegment":"40.438"},{"pilotName":"Лантушенко Ігор","lag":"0.59","timeFromLassPassing":"18305","endLap":false,"position":"5","lastPitTime":"00:00:00","transponderId":"8441658","teamName":"","lastLap":"40.46","lastLapSec":"40","bestLap":"40.46","segments":[{"pilotName":"","finishTime":"00:00:00","pilotId":"1","totalPilotTime":"00:01:44","neLength":"00:01:44","kart":"0","pitTime":""}],"lapCount":"2","lastLapS2":"27.28","lastLapS1":"13.23","secondsFromPit":"237","isOnPit":false,"isRaketa":false,"number":"13","pitstops":"0","kart":"0","lastPitMainTime":"0","totalOnTrack":"00:01:44","midLap":"41.860","pilots":[{"onTrack":"00:00:00","name":""}],"bestLapOnSegment":"40.462"},{"pilotName":"Кравчонок Олександр","lag":"0.90","timeFromLassPassing":"17330","endLap":false,"position":"6","lastPitTime":"00:00:00","transponderId":"8584138","teamName":"","lastLap":"40.50","lastLapSec":"40","bestLap":"40.50","segments":[{"pilotName":"","finishTime":"00:00:00","pilotId":"1","totalPilotTime":"00:01:44","neLength":"00:01:44","kart":"0","pitTime":""}],"lapCount":"2","lastLapS2":"27.34","lastLapS1":"13.01","secondsFromPit":"237","isOnPit":false,"isRaketa":false,"number":"5","pitstops":"0","kart":"0","lastPitMainTime":"0","totalOnTrack":"00:01:44","midLap":"42.011","pilots":[{"onTrack":"00:00:00","name":""}],"bestLapOnSegment":"40.500"},{"pilotName":"Міфтахутдінов Ільяс","lag":"0.21","timeFromLassPassing":"16993","endLap":false,"position":"7","lastPitTime":"00:00:00","transponderId":"5885393","teamName":"","lastLap":"40.54","lastLapSec":"41","bestLap":"40.54","segments":[{"pilotName":"","finishTime":"00:00:00","pilotId":"1","totalPilotTime":"00:01:44","neLength":"00:01:44","kart":"0","pitTime":""}],"lapCount":"2","lastLapS2":"27.34","lastLapS1":"13.04","secondsFromPit":"237","isOnPit":false,"isRaketa":false,"number":"3","pitstops":"0","kart":"0","lastPitMainTime":"0","totalOnTrack":"00:01:44","midLap":"41.950","pilots":[{"onTrack":"00:00:00","name":""}],"bestLapOnSegment":"40.540"},{"pilotName":"Шиленко Олександр","lag":"0.14","timeFromLassPassing":"16886","endLap":false,"position":"8","lastPitTime":"00:00:00","transponderId":"9739691","teamName":"","lastLap":"40.47","lastLapSec":"40","bestLap":"40.47","segments":[{"pilotName":"","finishTime":"00:00:00","pilotId":"1","totalPilotTime":"00:01:44","neLength":"00:01:44","kart":"0","pitTime":""}],"lapCount":"2","lastLapS2":"27.21","lastLapS1":"13.19","secondsFromPit":"237","isOnPit":false,"isRaketa":false,"number":"1","pitstops":"0","kart":"0","lastPitMainTime":"0","totalOnTrack":"00:01:44","midLap":"42.350","pilots":[{"onTrack":"00:00:00","name":""}],"bestLapOnSegment":"40.478"}],"thirdPlaceLag":"01.558","firstPlaceName":"Маніло Денис","bestLapRace":"40.438","teams2":{"1":{"pilotName":"Шиленко Олександр","lag":"0.14","timeFromLassPassing":"16886","endLap":false,"position":"8","lastPitTime":"00:00:00","transponderId":"9739691","teamName":"","lastLap":"40.47","lastLapSec":"40","bestLap":"40.47","segments":[{"pilotName":"","finishTime":"00:00:00","pilotId":"1","totalPilotTime":"00:01:44","neLength":"00:01:44","kart":"0","pitTime":""}],"lapCount":"2","lastLapS2":"27.21","lastLapS1":"13.19","secondsFromPit":"237","isOnPit":false,"isRaketa":false,"number":"1","pitstops":"0","kart":"0","lastPitMainTime":"0","totalOnTrack":"00:01:44","midLap":"42.350","pilots":[{"onTrack":"00:00:00","name":""}],"bestLapOnSegment":"40.478"},"2":{"pilotName":"Маніло Денис","lag":"0","timeFromLassPassing":"20173","endLap":false,"position":"1","lastPitTime":"00:00:00","transponderId":"8583082","teamName":"","lastLap":"40.66","lastLapSec":"41","bestLap":"40.66","segments":[{"pilotName":"","finishTime":"00:00:00","pilotId":"1","totalPilotTime":"00:01:44","neLength":"00:01:44","kart":"0","pitTime":""}],"lapCount":"2","lastLapS2":"27.44","lastLapS1":"13.16","secondsFromPit":"237","isOnPit":false,"isRaketa":false,"number":"2","pitstops":"0","kart":"0","lastPitMainTime":"0","totalOnTrack":"00:01:44","midLap":"42.020","pilots":[{"onTrack":"00:00:00","name":""}],"bestLapOnSegment":"40.662"},"3":{"pilotName":"Міфтахутдінов Ільяс","lag":"0.21","timeFromLassPassing":"16993","endLap":false,"position":"7","lastPitTime":"00:00:00","transponderId":"5885393","teamName":"","lastLap":"40.54","lastLapSec":"41","bestLap":"40.54","segments":[{"pilotName":"","finishTime":"00:00:00","pilotId":"1","totalPilotTime":"00:01:44","neLength":"00:01:44","kart":"0","pitTime":""}],"lapCount":"2","lastLapS2":"27.34","lastLapS1":"13.04","secondsFromPit":"237","isOnPit":false,"isRaketa":false,"number":"3","pitstops":"0","kart":"0","lastPitMainTime":"0","totalOnTrack":"00:01:44","midLap":"41.950","pilots":[{"onTrack":"00:00:00","name":""}],"bestLapOnSegment":"40.540"},"4":{"pilotName":"Ткаченко Кирило","lag":"0.25","timeFromLassPassing":"18852","endLap":false,"position":"4","lastPitTime":"00:00:00","transponderId":"8431733","teamName":"","lastLap":"40.43","lastLapSec":"40","bestLap":"40.43","segments":[{"pilotName":"","finishTime":"00:00:00","pilotId":"1","totalPilotTime":"00:01:44","neLength":"00:01:44","kart":"0","pitTime":""}],"lapCount":"2","lastLapS2":"27.27","lastLapS1":"13.34","secondsFromPit":"237","isOnPit":false,"isRaketa":true,"number":"4","pitstops":"0","kart":"0","lastPitMainTime":"0","totalOnTrack":"00:01:44","midLap":"41.742","pilots":[{"onTrack":"00:00:00","name":""}],"bestLapOnSegment":"40.438"},"5":{"pilotName":"Кравчонок Олександр","lag":"0.90","timeFromLassPassing":"17330","endLap":false,"position":"6","lastPitTime":"00:00:00","transponderId":"8584138","teamName":"","lastLap":"40.50","lastLapSec":"40","bestLap":"40.50","segments":[{"pilotName":"","finishTime":"00:00:00","pilotId":"1","totalPilotTime":"00:01:44","neLength":"00:01:44","kart":"0","pitTime":""}],"lapCount":"2","lastLapS2":"27.34","lastLapS1":"13.01","secondsFromPit":"237","isOnPit":false,"isRaketa":false,"number":"5","pitstops":"0","kart":"0","lastPitMainTime":"0","totalOnTrack":"00:01:44","midLap":"42.011","pilots":[{"onTrack":"00:00:00","name":""}],"bestLapOnSegment":"40.500"},"7":{"pilotName":"Васильчук Назар","lag":"0.24","timeFromLassPassing":"19850","endLap":false,"position":"2","lastPitTime":"00:00:00","transponderId":"9614994","teamName":"","lastLap":"40.62","lastLapSec":"41","bestLap":"40.62","segments":[{"pilotName":"","finishTime":"00:00:00","pilotId":"1","totalPilotTime":"00:01:44","neLength":"00:01:44","kart":"0","pitTime":""}],"lapCount":"2","lastLapS2":"27.45","lastLapS1":"13.15","secondsFromPit":"237","isOnPit":false,"isRaketa":false,"number":"7","pitstops":"0","kart":"0","lastPitMainTime":"0","totalOnTrack":"00:01:44","midLap":"42.000","pilots":[{"onTrack":"00:00:00","name":""}],"bestLapOnSegment":"40.626"},"13":{"pilotName":"Лантушенко Ігор","lag":"0.59","timeFromLassPassing":"18305","endLap":false,"position":"5","lastPitTime":"00:00:00","transponderId":"8441658","teamName":"","lastLap":"40.46","lastLapSec":"40","bestLap":"40.46","segments":[{"pilotName":"","finishTime":"00:00:00","pilotId":"1","totalPilotTime":"00:01:44","neLength":"00:01:44","kart":"0","pitTime":""}],"lapCount":"2","lastLapS2":"27.28","lastLapS1":"13.23","secondsFromPit":"237","isOnPit":false,"isRaketa":false,"number":"13","pitstops":"0","kart":"0","lastPitMainTime":"0","totalOnTrack":"00:01:44","midLap":"41.860","pilots":[{"onTrack":"00:00:00","name":""}],"bestLapOnSegment":"40.462"},"21":{"pilotName":"Дорохін Антон","lag":"0.85","timeFromLassPassing":"18974","endLap":false,"position":"3","lastPitTime":"00:00:00","transponderId":"4684020","teamName":"","lastLap":"40.84","lastLapSec":"41","bestLap":"40.84","segments":[{"pilotName":"","finishTime":"00:00:00","pilotId":"1","totalPilotTime":"00:01:44","neLength":"00:01:44","kart":"0","pitTime":""}],"lapCount":"2","lastLapS2":"27.45","lastLapS1":"13.85","secondsFromPit":"237","isOnPit":false,"isRaketa":false,"number":"21","pitstops":"0","kart":"0","lastPitMainTime":"0","totalOnTrack":"00:01:44","midLap":"41.889","pilots":[{"onTrack":"00:00:00","name":""}],"bestLapOnSegment":"40.845"}},"compTeamNameFirst":"Команда1","compDiffS2":"-0.0","compDiffS1":"+0.0"},"onBoard":{"karts_on_track":[],"position":"8","timeDiff":"+03.745","firstpos_lag":"-03.210","lastLap":"40.478","onTrack":"01:44.073","position_by_time":"3","sector_2_time":"27.21","karts_on_pit":[],"second_pos_time":"40.626","second_pos_name":"Васильчук Назар","sector_2_lag":"+0.057","timeLag":"-0.040","sector_1_lag":"-0.182","lapCount":"2","third_pos_time":"40.845","third_pos_name":"Дорохін Антон","sector_1_time":"13.19","totalOnTrack":"00:01:44","prevpos_lag":"0","nextpos_lag":"-0.144","bestLapOnSegment":"40.478","first_pos_time":"40.662","first_pos_name":"Маніло Денис"}}