{"onTablo":{"compTeamSecondS2":"0.0","compTeamSecondS1":"0.0","secondPlaceLag":"0.629","teamsByTimestamp":[1,3,11,13,9,6,5],"bestLapRaceNameTeam":"","finish":true,"compTeamFirstLastLap":"0.0","raceStartedButtonTimestamp":1660765620,"bestLapRaceNumberTeam":"","raceFinishedTimestamp":1660765613,"compDiff":"-0.0","bestLapRaceNamePilot":"","compTeamSecondLastLap":"0.0","secondPlaceName":"Кравчонок Олександр","karts":[1,2,3,4,5,6,7,8,9,10,11,12,13,14,15,16,17,18,19,20,21,22,33,44,69],"compTeamFirstS2":"0.0","compTeamFirstS1":"0.0","compTeamNameSecond":"Команда2","totalRaceTime":"00:05:57","thirdPlaceName":"Лантушенко Ігор","secondPlaceNumber":"1","isRace":true,"firstPlaceNumber":"5","thirdPlaceNumber":"3","bestS2Race":"26.919","firstPlaceLag":"","bestS1Race":"13.012","compLag":"0.0","teams":[{"pilotName":"Якусик Дмитро","lag":"0","timeFromLassPassing":"25894","endLap":false,"position":"1","lastPitTime":"00:00:00","transponderId":"8584138","teamName":"","lastLap":"40.59","lastLapSec":"41","bestLap":"40.59","segments":[{"pilotName":"","finishTime":"00:00:00","pilotId":"1","totalPilotTime":"00:05:57","neLength":"00:05:57","kart":"0","pitTime":""}],"lapCount":"8","lastLapS2":"27.34","lastLapS1":"13.14","secondsFromPit":"398","isOnPit":false,"isRaketa":false,"number":"5","pitstops":"0","kart":"0","lastPitMainTime":"0","totalOnTrack":"00:05:57","midLap":"41.303","pilots":[{"onTrack":"00:00:00","name":""}],"bestLapOnSegment":"40.599"},{"pilotName":"Кравчонок Олександр","lag":"0.75","timeFromLassPassing":"25125","endLap":false,"position":"2","lastPitTime":"00:00:00","transponderId":"9739691","teamName":"","lastLap":"40.01","lastLapSec":"40","bestLap":"40.01","segments":[{"pilotName":"","finishTime":"00:00:00","pilotId":"1","totalPilotTime":"00:05:57","neLength":"00:05:57","kart":"0","pitTime":""}],"lapCount":"8","lastLapS2":"26.91","lastLapS1":"13.02","secondsFromPit":"398","isOnPit":false,"isRaketa":true,"number":"1","pitstops":"0","kart":"0","lastPitMainTime":"0","totalOnTrack":"00:05:57","midLap":"41.214","pilots":[{"onTrack":"00:00:00","name":""}],"bestLapOnSegment":"40.016"},{"pilotName":"Лантушенко Ігор","lag":"01.00","timeFromLassPassing":"24030","endLap":false,"position":"3","lastPitTime":"00:00:00","transponderId":"5885393","teamName":"","lastLap":"40.18","lastLapSec":"40","bestLap":"40.18","segments":[{"pilotName":"","finishTime":"00:00:00","pilotId":"1","totalPilotTime":"00:05:57","neLength":"00:05:57","kart":"0","pitTime":""}],"lapCount":"8","lastLapS2":"27.13","lastLapS1":"13.06","secondsFromPit":"398","isOnPit":false,"isRaketa":false,"number":"3","pitstops":"0","kart":"0","lastPitMainTime":"0","totalOnTrack":"00:05:57","midLap":"41.383","pilots":[{"onTrack":"00:00:00","name":""}],"bestLapOnSegment":"40.182"},{"pilotName":"Васильчук Назар","lag":"02.17","timeFromLassPassing":"21951","endLap":false,"position":"4","lastPitTime":"00:00:00","transponderId":"2758575","teamName":"","lastLap":"41.52","lastLapSec":"42","bestLap":"40.39","segments":[{"pilotName":"","finishTime":"00:00:00","pilotId":"1","totalPilotTime":"00:05:57","neLength":"00:05:57","kart":"0","pitTime":""}],"lapCount":"8","lastLapS2":"28.23","lastLapS1":"13.37","secondsFromPit":"398","isOnPit":false,"isRaketa":false,"number":"11","pitstops":"0","kart":"0","lastPitMainTime":"0","totalOnTrack":"00:05:57","midLap":"41.937","pilots":[{"onTrack":"00:00:00","name":""}],"bestLapOnSegment":"40.398"},{"pilotName":"Хавіло Дмитро","lag":"0.20","timeFromLassPassing":"21845","endLap":false,"position":"5","lastPitTime":"00:00:00","transponderId":"8441658","teamName":"","lastLap":"41.25","lastLapSec":"41","bestLap":"40.40","segments":[{"pilotName":"","finishTime":"00:00:00","pilotId":"1","totalPilotTime":"00:05:57","neLength":"00:05:57","kart":"0","pitTime":""}],"lapCount":"8","lastLapS2":"28.19","lastLapS1":"13.33","secondsFromPit":"398","isOnPit":false,"isRaketa":false,"number":"13","pitstops":"0","kart":"0","lastPitMainTime":"0","totalOnTrack":"00:05:57","midLap":"41.827","pilots":[{"onTrack":"00:00:00","name":""}],"bestLapOnSegment":"40.400"},{"pilotName":"Литвиненко Віктор","lag":"0.23","timeFromLassPassing":"21521","endLap":false,"position":"6","lastPitTime":"00:00:00","transponderId":"2807865","teamName":"","lastLap":"41.22","lastLapSec":"41","bestLap":"40.43","segments":[{"pilotName":"","finishTime":"00:00:00","pilotId":"1","totalPilotTime":"00:05:57","neLength":"00:05:57","kart":"0","pitTime":""}],"lapCount":"8","lastLapS2":"28.12","lastLapS1":"13.32","secondsFromPit":"398","isOnPit":false,"isRaketa":false,"number":"9","pitstops":"0","kart":"0","lastPitMainTime":"0","totalOnTrack":"00:05:57","midLap":"41.774","pilots":[{"onTrack":"00:00:00","name":""}],"bestLapOnSegment":"40.439"},{"pilotName":"Булавінов Андрій","lag":"01.81","timeFromLassPassing":"19659","endLap":false,"position":"7","lastPitTime":"00:00:00","transponderId":"9661676","teamName":"","lastLap":"40.83","lastLapSec":"41","bestLap":"40.83","segments":[{"pilotName":"","finishTime":"00:00:00","pilotId":"1","totalPilotTime":"00:05:57","neLength":"00:05:57","kart":"0","pitTime":""}],"lapCount":"8","lastLapS2":"27.58","lastLapS1":"13.36","secondsFromPit":"398","isOnPit":false,"isRaketa":false,"number":"6","pitstops":"0","kart":"0","lastPitMainTime":"0","totalOnTrack":"00:05:57","midLap":"42.229","pilots":[{"onTrack":"00:00:00","name":""}],"bestLapOnSegment":"40.837"}],"thirdPlaceLag":"01.054","firstPlaceName":"Якусик Дмитро","bestLapRace":"40.016","teams2":{"1":{"pilotName":"Кравчонок Олександр","lag":"0.75","timeFromLassPassing":"25125","endLap":false,"position":"2","lastPitTime":"00:00:00","transponderId":"9739691","teamName":"","lastLap":"40.01","lastLapSec":"40","bestLap":"40.01","segments":[{"pilotName":"","finishTime":"00:00:00","pilotId":"1","totalPilotTime":"00:05:57","neLength":"00:05:57","kart":"0","pitTime":""}],"lapCount":"8","lastLapS2":"26.91","lastLapS1":"13.02","secondsFromPit":"398","isOnPit":false,"isRaketa":true,"number":"1","pitstops":"0","kart":"0","lastPitMainTime":"0","totalOnTrack":"00:05:57","midLap":"41.214","pilots":[{"onTrack":"00:00:00","name":""}],"bestLapOnSegment":"40.016"},"3":{"pilotName":"Лантушенко Ігор","lag":"01.00","timeFromLassPassing":"24030","endLap":false,"position":"3","lastPitTime":"00:00:00","transponderId":"5885393","teamName":"","lastLap":"40.18","lastLapSec":"40","bestLap":"40.18","segments":[{"pilotName":"","finishTime":"00:00:00","pilotId":"1","totalPilotTime":"00:05:57","neLength":"00:05:57","kart":"0","pitTime":""}],"lapCount":"8","lastLapS2":"27.13","lastLapS1":"13.06","secondsFromPit":"398","isOnPit":false,"isRaketa":false,"number":"3","pitstops":"0","kart":"0","lastPitMainTime":"0","totalOnTrack":"00:05:57","midLap":"41.383","pilots":[{"onTrack":"00:00:00","name":""}],"bestLapOnSegment":"40.182"},"5":{"pilotName":"Якусик Дмитро","lag":"0","timeFromLassPassing":"25894","endLap":false,"position":"1","lastPitTime":"00:00:00","transponderId":"8584138","teamName":"","lastLap":"40.59","lastLapSec":"41","bestLap":"40.59","segments":[{"pilotName":"","finishTime":"00:00:00","pilotId":"1","totalPilotTime":"00:05:57","neLength":"00:05:57","kart":"0","pitTime":""}],"lapCount":"8","lastLapS2":"27.34","lastLapS1":"13.14","secondsFromPit":"398","isOnPit":false,"isRaketa":false,"number":"5","pitstops":"0","kart":"0","lastPitMainTime":"0","totalOnTrack":"00:05:57","midLap":"41.303","pilots":[{"onTrack":"00:00:00","name":""}],"bestLapOnSegment":"40.599"},"6":{"pilotName":"Булавінов Андрій","lag":"01.81","timeFromLassPassing":"19659","endLap":false,"position":"7","lastPitTime":"00:00:00","transponderId":"9661676","teamName":"","lastLap":"40.83","lastLapSec":"41","bestLap":"40.83","segments":[{"pilotName":"","finishTime":"00:00:00","pilotId":"1","totalPilotTime":"00:05:57","neLength":"00:05:57","kart":"0","pitTime":""}],"lapCount":"8","lastLapS2":"27.58","lastLapS1":"13.36","secondsFromPit":"398","isOnPit":false,"isRaketa":false,"number":"6","pitstops":"0","kart":"0","lastPitMainTime":"0","totalOnTrack":"00:05:57","midLap":"42.229","pilots":[{"onTrack":"00:00:00","name":""}],"bestLapOnSegment":"40.837"},"9":{"pilotName":"Литвиненко Віктор","lag":"0.23","timeFromLassPassing":"21521","endLap":false,"position":"6","lastPitTime":"00:00:00","transponderId":"2807865","teamName":"","lastLap":"41.22","lastLapSec":"41","bestLap":"40.43","segments":[{"pilotName":"","finishTime":"00:00:00","pilotId":"1","totalPilotTime":"00:05:57","neLength":"00:05:57","kart":"0","pitTime":""}],"lapCount":"8","lastLapS2":"28.12","lastLapS1":"13.32","secondsFromPit":"398","isOnPit":false,"isRaketa":false,"number":"9","pitstops":"0","kart":"0","lastPitMainTime":"0","totalOnTrack":"00:05:57","midLap":"41.774","pilots":[{"onTrack":"00:00:00","name":""}],"bestLapOnSegment":"40.439"},"11":{"pilotName":"Васильчук Назар","lag":"02.17","timeFromLassPassing":"21951","endLap":false,"position":"4","lastPitTime":"00:00:00","transponderId":"2758575","teamName":"","lastLap":"41.52","lastLapSec":"42","bestLap":"40.39","segments":[{"pilotName":"","finishTime":"00:00:00","pilotId":"1","totalPilotTime":"00:05:57","neLength":"00:05:57","kart":"0","pitTime":""}],"lapCount":"8","lastLapS2":"28.23","lastLapS1":"13.37","secondsFromPit":"398","isOnPit":false,"isRaketa":false,"number":"11","pitstops":"0","kart":"0","lastPitMainTime":"0","totalOnTrack":"00:05:57","midLap":"41.937","pilots":[{"onTrack":"00:00:00","name":""}],"bestLapOnSegment":"40.398"},"13":{"pilotName":"Хавіло Дмитро","lag":"0.20","timeFromLassPassing":"21845","endLap":false,"position":"5","lastPitTime":"00:00:00","transponderId":"8441658","teamName":"","lastLap":"41.25","lastLapSec":"41","bestLap":"40.40","segments":[{"pilotName":"","finishTime":"00:00:00","pilotId":"1","totalPilotTime":"00:05:57","neLength":"00:05:57","kart":"0","pitTime":""}],"lapCount":"8","lastLapS2":"28.19","lastLapS1":"13.33","secondsFromPit":"398","isOnPit":false,"isRaketa":false,"number":"13","pitstops":"0","kart":"0","lastPitMainTime":"0","totalOnTrack":"00:05:57","midLap":"41.827","pilots":[{"onTrack":"00:00:00","name":""}],"bestLapOnSegment":"40.400"}},"compTeamNameFirst":"Команда1","compDiffS2":"-0.0","compDiffS1":"+0.0"},"onBoard":{"karts_on_track":[],"position":"2","timeDiff":"+0.010","firstpos_lag":"-0.755","lastLap":"40.016","onTrack":"05:57.415","position_by_time":"1","sector_2_time":"26.91","karts_on_pit":[],"second_pos_time":"40.016","second_pos_name":"Кравчонок Олександр","sector_2_lag":"+0.219","timeLag":"+0.167","sector_1_lag":"-0.008","lapCount":"8","third_pos_time":"40.182","third_pos_name":"Лантушенко Ігор","sector_1_time":"13.02","totalOnTrack":"00:05:57","prevpos_lag":"+01.006","nextpos_lag":"-0.755","bestLapOnSegment":"40.016","first_pos_time":"40.599","first_pos_name":"Якусик Дмитро"}}