{"onTablo":{"compTeamSecondS2":"0.0","compTeamSecondS1":"0.0","secondPlaceLag":"0.180","teamsByTimestamp":[6,5,4,2,9,1,3,13],"bestLapRaceNameTeam":"","finish":true,"compTeamFirstLastLap":"0.0","raceStartedButtonTimestamp":1660766222,"bestLapRaceNumberTeam":"","raceFinishedTimestamp":1660766088,"compDiff":"-0.0","bestLapRaceNamePilot":"","compTeamSecondLastLap":"0.0","secondPlaceName":"Вінтонів Іван","karts":[1,2,3,4,5,6,7,8,9,10,11,12,13,14,15,16,17,18,19,20,21,22,33,44,69],"compTeamFirstS2":"0.0","compTeamFirstS1":"0.0","compTeamNameSecond":"Команда2","totalRaceTime":"00:00:45","thirdPlaceName":"Шиленко Олександр","secondPlaceNumber":"6","isRace":true,"firstPlaceNumber":"2","thirdPlaceNumber":"5","bestS2Race":"27.753","firstPlaceLag":"","bestS1Race":"14.769","compLag":"0.0","teams":[{"pilotName":"Родін Артем","lag":"0","timeFromLassPassing":"1690","endLap":false,"position":"1","lastPitTime":"00:00:00","transponderId":"8583082","teamName":"","lastLap":"44.27","lastLapSec":"44","bestLap":"44.27","segments":[{"pilotName":"","finishTime":"00:00:00","pilotId":"1","totalPilotTime":"00:00:45","neLength":"00:00:45","kart":"0","pitTime":""}],"lapCount":"1","lastLapS2":"28.09","lastLapS1":"16.17","secondsFromPit":"189","isOnPit":false,"isRaketa":false,"number":"2","pitstops":"0","kart":"0","lastPitMainTime":"0","totalOnTrack":"00:00:45","midLap":"44.273","pilots":[{"onTrack":"00:00:00","name":""}],"bestLapOnSegment":"44.273"},{"pilotName":"Вінтонів Іван","lag":"0.18","timeFromLassPassing":"1475","endLap":false,"position":"2","lastPitTime":"00:00:00","transponderId":"9661676","teamName":"","lastLap":"43.17","lastLapSec":"43","bestLap":"43.17","segments":[{"pilotName":"","finishTime":"00:00:00","pilotId":"1","totalPilotTime":"00:00:45","neLength":"00:00:45","kart":"0","pitTime":""}],"lapCount":"1","lastLapS2":"27.75","lastLapS1":"15.42","secondsFromPit":"189","isOnPit":false,"isRaketa":false,"number":"6","pitstops":"0","kart":"0","lastPitMainTime":"0","totalOnTrack":"00:00:45","midLap":"43.179","pilots":[{"onTrack":"00:00:00","name":""}],"bestLapOnSegment":"43.179"},{"pilotName":"Шиленко Олександр","lag":"0.42","timeFromLassPassing":"1152","endLap":false,"position":"3","lastPitTime":"00:00:00","transponderId":"8584138","teamName":"","lastLap":"42.57","lastLapSec":"43","bestLap":"42.57","segments":[{"pilotName":"","finishTime":"00:00:00","pilotId":"1","totalPilotTime":"00:00:45","neLength":"00:00:45","kart":"0","pitTime":""}],"lapCount":"1","lastLapS2":"27.75","lastLapS1":"14.82","secondsFromPit":"189","isOnPit":false,"isRaketa":true,"number":"5","pitstops":"0","kart":"0","lastPitMainTime":"0","totalOnTrack":"00:00:45","midLap":"42.579","pilots":[{"onTrack":"00:00:00","name":""}],"bestLapOnSegment":"42.579"},{"pilotName":"Дорохін Антон","lag":"0.74","timeFromLassPassing":"268","endLap":true,"position":"4","lastPitTime":"00:00:00","transponderId":"8431733","teamName":"","lastLap":"45.35","lastLapSec":"45","bestLap":"45.35","segments":[{"pilotName":"","finishTime":"00:00:00","pilotId":"1","totalPilotTime":"00:00:45","neLength":"00:00:45","kart":"0","pitTime":""}],"lapCount":"1","lastLapS2":"28.36","lastLapS1":"16.99","secondsFromPit":"189","isOnPit":false,"isRaketa":false,"number":"4","pitstops":"0","kart":"0","lastPitMainTime":"0","totalOnTrack":"00:00:45","midLap":"45.355","pilots":[{"onTrack":"00:00:00","name":""}],"bestLapOnSegment":"45.355"},{"pilotName":"Ткаченко Кирило","lag":"01.46","timeFromLassPassing":"44240","endLap":false,"position":"5","lastPitTime":"00:00:00","transponderId":"8441658","teamName":"","lastLap":"","lastLapSec":"0","bestLap":"","segments":[{"pilotName":"","finishTime":"00:00:00","pilotId":"1","totalPilotTime":"00:00:45","neLength":"00:00:45","kart":"0","pitTime":""}],"lapCount":"0","lastLapS2":"","lastLapS1":"15.81","secondsFromPit":"189","isOnPit":false,"isRaketa":false,"number":"13","pitstops":"0","kart":"0","lastPitMainTime":"0","totalOnTrack":"00:00:45","midLap":"0","pilots":[{"onTrack":"00:00:00","name":""}],"bestLapOnSegment":""},{"pilotName":"Лихошерст Олексій","lag":"","timeFromLassPassing":"54","endLap":true,"position":"6","lastPitTime":"00:00:00","transponderId":"2807865","teamName":"","lastLap":"43.19","lastLapSec":"43","bestLap":"43.19","segments":[{"pilotName":"","finishTime":"00:00:00","pilotId":"1","totalPilotTime":"00:00:45","neLength":"00:00:45","kart":"0","pitTime":""}],"lapCount":"1","lastLapS2":"28.11","lastLapS1":"15.07","secondsFromPit":"189","isOnPit":false,"isRaketa":false,"number":"9","pitstops":"0","kart":"0","lastPitMainTime":"0","totalOnTrack":"00:00:45","midLap":"43.190","pilots":[{"onTrack":"00:00:00","name":""}],"bestLapOnSegment":"43.190"},{"pilotName":"Міфтахутдінов Ільяс","lag":"0.28","timeFromLassPassing":"42938","endLap":false,"position":"7","lastPitTime":"00:00:00","transponderId":"9739691","teamName":"","lastLap":"","lastLapSec":"0","bestLap":"","segments":[{"pilotName":"","finishTime":"00:00:00","pilotId":"1","totalPilotTime":"00:00:45","neLength":"00:00:45","kart":"0","pitTime":""}],"lapCount":"0","lastLapS2":"","lastLapS1":"14.76","secondsFromPit":"189","isOnPit":false,"isRaketa":false,"number":"1","pitstops":"0","kart":"0","lastPitMainTime":"0","totalOnTrack":"00:00:45","midLap":"0","pilots":[{"onTrack":"00:00:00","name":""}],"bestLapOnSegment":""},{"pilotName":"Маніло Денис","lag":"0.10","timeFromLassPassing":"42830","endLap":false,"position":"8","lastPitTime":"00:00:00","transponderId":"5885393","teamName":"","lastLap":"","lastLapSec":"0","bestLap":"","segments":[{"pilotName":"","finishTime":"00:00:00","pilotId":"1","totalPilotTime":"00:00:45","neLength":"00:00:45","kart":"0","pitTime":""}],"lapCount":"0","lastLapS2":"","lastLapS1":"14.95","secondsFromPit":"189","isOnPit":false,"isRaketa":false,"number":"3","pitstops":"0","kart":"0","lastPitMainTime":"0","totalOnTrack":"00:00:45","midLap":"0","pilots":[{"onTrack":"00:00:00","name":""}],"bestLapOnSegment":""}],"thirdPlaceLag":"0.429","firstPlaceName":"Родін Артем","bestLapRace":"42.579","teams2":{"1":{"pilotName":"Міфтахутдінов Ільяс","lag":"0.28","timeFromLassPassing":"42938","endLap":false,"position":"7","lastPitTime":"00:00:00","transponderId":"9739691","teamName":"","lastLap":"","lastLapSec":"0","bestLap":"","segments":[{"pilotName":"","finishTime":"00:00:00","pilotId":"1","totalPilotTime":"00:00:45","neLength":"00:00:45","kart":"0","pitTime":""}],"lapCount":"0","lastLapS2":"","lastLapS1":"14.76","secondsFromPit":"189","isOnPit":false,"isRaketa":false,"number":"1","pitstops":"0","kart":"0","lastPitMainTime":"0","totalOnTrack":"00:00:45","midLap":"0","pilots":[{"onTrack":"00:00:00","name":""}],"bestLapOnSegment":""},"2":{"pilotName":"Родін Артем","lag":"0","timeFromLassPassing":"1690","endLap":false,"position":"1","lastPitTime":"00:00:00","transponderId":"8583082","teamName":"","lastLap":"44.27","lastLapSec":"44","bestLap":"44.27","segments":[{"pilotName":"","finishTime":"00:00:00","pilotId":"1","totalPilotTime":"00:00:45","neLength":"00:00:45","kart":"0","pitTime":""}],"lapCount":"1","lastLapS2":"28.09","lastLapS1":"16.17","secondsFromPit":"189","isOnPit":false,"isRaketa":false,"number":"2","pitstops":"0","kart":"0","lastPitMainTime":"0","totalOnTrack":"00:00:45","midLap":"44.273","pilots":[{"onTrack":"00:00:00","name":""}],"bestLapOnSegment":"44.273"},"3":{"pilotName":"Маніло Денис","lag":"0.10","timeFromLassPassing":"42830","endLap":false,"position":"8","lastPitTime":"00:00:00","transponderId":"5885393","teamName":"","lastLap":"","lastLapSec":"0","bestLap":"","segments":[{"pilotName":"","finishTime":"00:00:00","pilotId":"1","totalPilotTime":"00:00:45","neLength":"00:00:45","kart":"0","pitTime":""}],"lapCount":"0","lastLapS2":"","lastLapS1":"14.95","secondsFromPit":"189","isOnPit":false,"isRaketa":false,"number":"3","pitstops":"0","kart":"0","lastPitMainTime":"0","totalOnTrack":"00:00:45","midLap":"0","pilots":[{"onTrack":"00:00:00","name":""}],"bestLapOnSegment":""},"4":{"pilotName":"Дорохін Антон","lag":"0.74","timeFromLassPassing":"268","endLap":true,"position":"4","lastPitTime":"00:00:00","transponderId":"8431733","teamName":"","lastLap":"45.35","lastLapSec":"45","bestLap":"45.35","segments":[{"pilotName":"","finishTime":"00:00:00","pilotId":"1","totalPilotTime":"00:00:45","neLength":"00:00:45","kart":"0","pitTime":""}],"lapCount":"1","lastLapS2":"28.36","lastLapS1":"16.99","secondsFromPit":"189","isOnPit":false,"isRaketa":false,"number":"4","pitstops":"0","kart":"0","lastPitMainTime":"0","totalOnTrack":"00:00:45","midLap":"45.355","pilots":[{"onTrack":"00:00:00","name":""}],"bestLapOnSegment":"45.355"},"5":{"pilotName":"Шиленко Олександр","lag":"0.42","timeFromLassPassing":"1152","endLap":false,"position":"3","lastPitTime":"00:00:00","transponderId":"8584138","teamName":"","lastLap":"42.57","lastLapSec":"43","bestLap":"42.57","segments":[{"pilotName":"","finishTime":"00:00:00","pilotId":"1","totalPilotTime":"00:00:45","neLength":"00:00:45","kart":"0","pitTime":""}],"lapCount":"1","lastLapS2":"27.75","lastLapS1":"14.82","secondsFromPit":"189","isOnPit":false,"isRaketa":true,"number":"5","pitstops":"0","kart":"0","lastPitMainTime":"0","totalOnTrack":"00:00:45","midLap":"42.579","pilots":[{"onTrack":"00:00:00","name":""}],"bestLapOnSegment":"42.579"},"6":{"pilotName":"Вінтонів Іван","lag":"0.18","timeFromLassPassing":"1475","endLap":false,"position":"2","lastPitTime":"00:00:00","transponderId":"9661676","teamName":"","lastLap":"43.17","lastLapSec":"43","bestLap":"43.17","segments":[{"pilotName":"","finishTime":"00:00:00","pilotId":"1","totalPilotTime":"00:00:45","neLength":"00:00:45","kart":"0","pitTime":""}],"lapCount":"1","lastLapS2":"27.75","lastLapS1":"15.42","secondsFromPit":"189","isOnPit":false,"isRaketa":false,"number":"6","pitstops":"0","kart":"0","lastPitMainTime":"0","totalOnTrack":"00:00:45","midLap":"43.179","pilots":[{"onTrack":"00:00:00","name":""}],"bestLapOnSegment":"43.179"},"9":{"pilotName":"Лихошерст Олексій","lag":"","timeFromLassPassing":"54","endLap":true,"position":"6","lastPitTime":"00:00:00","transponderId":"2807865","teamName":"","lastLap":"43.19","lastLapSec":"43","bestLap":"43.19","segments":[{"pilotName":"","finishTime":"00:00:00","pilotId":"1","totalPilotTime":"00:00:45","neLength":"00:00:45","kart":"0","pitTime":""}],"lapCount":"1","lastLapS2":"28.11","lastLapS1":"15.07","secondsFromPit":"189","isOnPit":false,"isRaketa":false,"number":"9","pitstops":"0","kart":"0","lastPitMainTime":"0","totalOnTrack":"00:00:45","midLap":"43.190","pilots":[{"onTrack":"00:00:00","name":""}],"bestLapOnSegment":"43.190"},"13":{"pilotName":"Ткаченко Кирило","lag":"01.46","timeFromLassPassing":"44240","endLap":false,"position":"5","lastPitTime":"00:00:00","transponderId":"8441658","teamName":"","lastLap":"","lastLapSec":"0","bestLap":"","segments":[{"pilotName":"","finishTime":"00:00:00","pilotId":"1","totalPilotTime":"00:00:45","neLength":"00:00:45","kart":"0","pitTime":""}],"lapCount":"0","lastLapS2":"","lastLapS1":"15.81","secondsFromPit":"189","isOnPit":false,"isRaketa":false,"number":"13","pitstops":"0","kart":"0","lastPitMainTime":"0","totalOnTrack":"00:00:45","midLap":"0","pilots":[{"onTrack":"00:00:00","name":""}],"bestLapOnSegment":""}},"compTeamNameFirst":"Команда1","compDiffS2":"-0.0","compDiffS1":"+0.0"},"onBoard":{"karts_on_track":[],"position":"7","timeDiff":"+","firstpos_lag":"-1 laps","lastLap":"","onTrack":"45.779","position_by_time":"1","sector_2_time":"","karts_on_pit":[],"second_pos_time":"43.179","second_pos_name":"Вінтонів Іван","sector_2_lag":"-","timeLag":"-","sector_1_lag":"+0.052","lapCount":"0","third_pos_time":"42.579","third_pos_name":"Шиленко Олександр","sector_1_time":"14.76","totalOnTrack":"00:00:45","prevpos_lag":"+0.104","nextpos_lag":"-1 laps","bestLapOnSegment":"","first_pos_time":"44.273","first_pos_name":"Родін Артем"}}