{"onTablo":{"compTeamSecondS2":"0.0","compTeamSecondS1":"0.0","secondPlaceLag":"01.319","teamsByTimestamp":[4,7,1,5,13,3,21,2],"bestLapRaceNameTeam":"","finish":true,"compTeamFirstLastLap":"0.0","raceStartedButtonTimestamp":1660768334,"bestLapRaceNumberTeam":"","raceFinishedTimestamp":1660768216,"compDiff":"-0.0","bestLapRaceNamePilot":"","compTeamSecondLastLap":"0.0","secondPlaceName":"Ткаченко Кирило","karts":[1,2,3,4,5,6,7,8,9,10,11,12,13,14,15,16,17,18,19,20,21,22,33,44,69],"compTeamFirstS2":"0.0","compTeamFirstS1":"0.0","compTeamNameSecond":"Команда2","totalRaceTime":"00:06:44","thirdPlaceName":"Васильчук Назар","secondPlaceNumber":"4","isRace":true,"firstPlaceNumber":"2","thirdPlaceNumber":"7","bestS2Race":"26.620","firstPlaceLag":"","bestS1Race":"12.987","compLag":"0.0","teams":[{"pilotName":"Маніло Денис","lag":"0","timeFromLassPassing":"36601","endLap":false,"position":"1","lastPitTime":"00:00:00","transponderId":"8583082","teamName":"","lastLap":"40.47","lastLapSec":"40","bestLap":"40.44","segments":[{"pilotName":"","finishTime":"00:00:00","pilotId":"1","totalPilotTime":"00:06:44","neLength":"00:06:44","kart":"0","pitTime":""}],"lapCount":"9","lastLapS2":"27.17","lastLapS1":"13.24","secondsFromPit":"537","isOnPit":false,"isRaketa":false,"number":"2","pitstops":"0","kart":"0","lastPitMainTime":"0","totalOnTrack":"00:06:44","midLap":"40.869","pilots":[{"onTrack":"00:00:00","name":""}],"bestLapOnSegment":"40.445"},{"pilotName":"Ткаченко Кирило","lag":"01.42","timeFromLassPassing":"35075","endLap":false,"position":"2","lastPitTime":"00:00:00","transponderId":"8431733","teamName":"","lastLap":"40.18","lastLapSec":"40","bestLap":"40.18","segments":[{"pilotName":"","finishTime":"00:00:00","pilotId":"1","totalPilotTime":"00:06:44","neLength":"00:06:44","kart":"0","pitTime":""}],"lapCount":"9","lastLapS2":"27.12","lastLapS1":"13.13","secondsFromPit":"537","isOnPit":false,"isRaketa":true,"number":"4","pitstops":"0","kart":"0","lastPitMainTime":"0","totalOnTrack":"00:06:44","midLap":"40.815","pilots":[{"onTrack":"00:00:00","name":""}],"bestLapOnSegment":"40.182"},{"pilotName":"Васильчук Назар","lag":"01.03","timeFromLassPassing":"34083","endLap":false,"position":"3","lastPitTime":"00:00:00","transponderId":"9614994","teamName":"","lastLap":"40.18","lastLapSec":"40","bestLap":"40.18","segments":[{"pilotName":"","finishTime":"00:00:00","pilotId":"1","totalPilotTime":"00:06:44","neLength":"00:06:44","kart":"0","pitTime":""}],"lapCount":"9","lastLapS2":"27.15","lastLapS1":"13.17","secondsFromPit":"537","isOnPit":false,"isRaketa":false,"number":"7","pitstops":"0","kart":"0","lastPitMainTime":"0","totalOnTrack":"00:06:44","midLap":"41.111","pilots":[{"onTrack":"00:00:00","name":""}],"bestLapOnSegment":"40.184"},{"pilotName":"Шиленко Олександр","lag":"02.23","timeFromLassPassing":"31800","endLap":false,"position":"4","lastPitTime":"00:00:00","transponderId":"9739691","teamName":"","lastLap":"40.82","lastLapSec":"41","bestLap":"39.65","segments":[{"pilotName":"","finishTime":"00:00:00","pilotId":"1","totalPilotTime":"00:06:44","neLength":"00:06:44","kart":"0","pitTime":""}],"lapCount":"9","lastLapS2":"27.64","lastLapS1":"13.00","secondsFromPit":"537","isOnPit":false,"isRaketa":false,"number":"1","pitstops":"0","kart":"0","lastPitMainTime":"0","totalOnTrack":"00:06:44","midLap":"41.109","pilots":[{"onTrack":"00:00:00","name":""}],"bestLapOnSegment":"39.652"},{"pilotName":"Кравчонок Олександр","lag":"0.57","timeFromLassPassing":"31356","endLap":false,"position":"5","lastPitTime":"00:00:00","transponderId":"8584138","teamName":"","lastLap":"41.54","lastLapSec":"42","bestLap":"40.28","segments":[{"pilotName":"","finishTime":"00:00:00","pilotId":"1","totalPilotTime":"00:06:44","neLength":"00:06:44","kart":"0","pitTime":""}],"lapCount":"9","lastLapS2":"28.43","lastLapS1":"13.08","secondsFromPit":"537","isOnPit":false,"isRaketa":false,"number":"5","pitstops":"0","kart":"0","lastPitMainTime":"0","totalOnTrack":"00:06:44","midLap":"41.136","pilots":[{"onTrack":"00:00:00","name":""}],"bestLapOnSegment":"40.289"},{"pilotName":"Лантушенко Ігор","lag":"01.59","timeFromLassPassing":"29712","endLap":false,"position":"6","lastPitTime":"00:00:00","transponderId":"8441658","teamName":"","lastLap":"40.47","lastLapSec":"40","bestLap":"40.38","segments":[{"pilotName":"","finishTime":"00:00:00","pilotId":"1","totalPilotTime":"00:06:44","neLength":"00:06:44","kart":"0","pitTime":""}],"lapCount":"9","lastLapS2":"27.25","lastLapS1":"13.11","secondsFromPit":"537","isOnPit":false,"isRaketa":false,"number":"13","pitstops":"0","kart":"0","lastPitMainTime":"0","totalOnTrack":"00:06:44","midLap":"41.381","pilots":[{"onTrack":"00:00:00","name":""}],"bestLapOnSegment":"40.382"},{"pilotName":"Міфтахутдінов Ільяс","lag":"0.55","timeFromLassPassing":"29066","endLap":false,"position":"7","lastPitTime":"00:00:00","transponderId":"5885393","teamName":"","lastLap":"40.39","lastLapSec":"40","bestLap":"40.00","segments":[{"pilotName":"","finishTime":"00:00:00","pilotId":"1","totalPilotTime":"00:06:44","neLength":"00:06:44","kart":"0","pitTime":""}],"lapCount":"9","lastLapS2":"27.11","lastLapS1":"13.01","secondsFromPit":"537","isOnPit":false,"isRaketa":false,"number":"3","pitstops":"0","kart":"0","lastPitMainTime":"0","totalOnTrack":"00:06:44","midLap":"41.338","pilots":[{"onTrack":"00:00:00","name":""}],"bestLapOnSegment":"40.003"},{"pilotName":"Дорохін Антон","lag":"01.19","timeFromLassPassing":"27851","endLap":false,"position":"8","lastPitTime":"00:00:00","transponderId":"4684020","teamName":"","lastLap":"41.78","lastLapSec":"42","bestLap":"40.71","segments":[{"pilotName":"","finishTime":"00:00:00","pilotId":"1","totalPilotTime":"00:06:44","neLength":"00:06:44","kart":"0","pitTime":""}],"lapCount":"9","lastLapS2":"27.81","lastLapS1":"13.43","secondsFromPit":"537","isOnPit":false,"isRaketa":false,"number":"21","pitstops":"0","kart":"0","lastPitMainTime":"0","totalOnTrack":"00:06:44","midLap":"41.675","pilots":[{"onTrack":"00:00:00","name":""}],"bestLapOnSegment":"40.719"}],"thirdPlaceLag":"01.078","firstPlaceName":"Маніло Денис","bestLapRace":"39.652","teams2":{"1":{"pilotName":"Шиленко Олександр","lag":"02.23","timeFromLassPassing":"31800","endLap":false,"position":"4","lastPitTime":"00:00:00","transponderId":"9739691","teamName":"","lastLap":"40.82","lastLapSec":"41","bestLap":"39.65","segments":[{"pilotName":"","finishTime":"00:00:00","pilotId":"1","totalPilotTime":"00:06:44","neLength":"00:06:44","kart":"0","pitTime":""}],"lapCount":"9","lastLapS2":"27.64","lastLapS1":"13.00","secondsFromPit":"537","isOnPit":false,"isRaketa":false,"number":"1","pitstops":"0","kart":"0","lastPitMainTime":"0","totalOnTrack":"00:06:44","midLap":"41.109","pilots":[{"onTrack":"00:00:00","name":""}],"bestLapOnSegment":"39.652"},"2":{"pilotName":"Маніло Денис","lag":"0","timeFromLassPassing":"36601","endLap":false,"position":"1","lastPitTime":"00:00:00","transponderId":"8583082","teamName":"","lastLap":"40.47","lastLapSec":"40","bestLap":"40.44","segments":[{"pilotName":"","finishTime":"00:00:00","pilotId":"1","totalPilotTime":"00:06:44","neLength":"00:06:44","kart":"0","pitTime":""}],"lapCount":"9","lastLapS2":"27.17","lastLapS1":"13.24","secondsFromPit":"537","isOnPit":false,"isRaketa":false,"number":"2","pitstops":"0","kart":"0","lastPitMainTime":"0","totalOnTrack":"00:06:44","midLap":"40.869","pilots":[{"onTrack":"00:00:00","name":""}],"bestLapOnSegment":"40.445"},"3":{"pilotName":"Міфтахутдінов Ільяс","lag":"0.55","timeFromLassPassing":"29066","endLap":false,"position":"7","lastPitTime":"00:00:00","transponderId":"5885393","teamName":"","lastLap":"40.39","lastLapSec":"40","bestLap":"40.00","segments":[{"pilotName":"","finishTime":"00:00:00","pilotId":"1","totalPilotTime":"00:06:44","neLength":"00:06:44","kart":"0","pitTime":""}],"lapCount":"9","lastLapS2":"27.11","lastLapS1":"13.01","secondsFromPit":"537","isOnPit":false,"isRaketa":false,"number":"3","pitstops":"0","kart":"0","lastPitMainTime":"0","totalOnTrack":"00:06:44","midLap":"41.338","pilots":[{"onTrack":"00:00:00","name":""}],"bestLapOnSegment":"40.003"},"4":{"pilotName":"Ткаченко Кирило","lag":"01.42","timeFromLassPassing":"35075","endLap":false,"position":"2","lastPitTime":"00:00:00","transponderId":"8431733","teamName":"","lastLap":"40.18","lastLapSec":"40","bestLap":"40.18","segments":[{"pilotName":"","finishTime":"00:00:00","pilotId":"1","totalPilotTime":"00:06:44","neLength":"00:06:44","kart":"0","pitTime":""}],"lapCount":"9","lastLapS2":"27.12","lastLapS1":"13.13","secondsFromPit":"537","isOnPit":false,"isRaketa":true,"number":"4","pitstops":"0","kart":"0","lastPitMainTime":"0","totalOnTrack":"00:06:44","midLap":"40.815","pilots":[{"onTrack":"00:00:00","name":""}],"bestLapOnSegment":"40.182"},"5":{"pilotName":"Кравчонок Олександр","lag":"0.57","timeFromLassPassing":"31356","endLap":false,"position":"5","lastPitTime":"00:00:00","transponderId":"8584138","teamName":"","lastLap":"41.54","lastLapSec":"42","bestLap":"40.28","segments":[{"pilotName":"","finishTime":"00:00:00","pilotId":"1","totalPilotTime":"00:06:44","neLength":"00:06:44","kart":"0","pitTime":""}],"lapCount":"9","lastLapS2":"28.43","lastLapS1":"13.08","secondsFromPit":"537","isOnPit":false,"isRaketa":false,"number":"5","pitstops":"0","kart":"0","lastPitMainTime":"0","totalOnTrack":"00:06:44","midLap":"41.136","pilots":[{"onTrack":"00:00:00","name":""}],"bestLapOnSegment":"40.289"},"7":{"pilotName":"Васильчук Назар","lag":"01.03","timeFromLassPassing":"34083","endLap":false,"position":"3","lastPitTime":"00:00:00","transponderId":"9614994","teamName":"","lastLap":"40.18","lastLapSec":"40","bestLap":"40.18","segments":[{"pilotName":"","finishTime":"00:00:00","pilotId":"1","totalPilotTime":"00:06:44","neLength":"00:06:44","kart":"0","pitTime":""}],"lapCount":"9","lastLapS2":"27.15","lastLapS1":"13.17","secondsFromPit":"537","isOnPit":false,"isRaketa":false,"number":"7","pitstops":"0","kart":"0","lastPitMainTime":"0","totalOnTrack":"00:06:44","midLap":"41.111","pilots":[{"onTrack":"00:00:00","name":""}],"bestLapOnSegment":"40.184"},"13":{"pilotName":"Лантушенко Ігор","lag":"01.59","timeFromLassPassing":"29712","endLap":false,"position":"6","lastPitTime":"00:00:00","transponderId":"8441658","teamName":"","lastLap":"40.47","lastLapSec":"40","bestLap":"40.38","segments":[{"pilotName":"","finishTime":"00:00:00","pilotId":"1","totalPilotTime":"00:06:44","neLength":"00:06:44","kart":"0","pitTime":""}],"lapCount":"9","lastLapS2":"27.25","lastLapS1":"13.11","secondsFromPit":"537","isOnPit":false,"isRaketa":false,"number":"13","pitstops":"0","kart":"0","lastPitMainTime":"0","totalOnTrack":"00:06:44","midLap":"41.381","pilots":[{"onTrack":"00:00:00","name":""}],"bestLapOnSegment":"40.382"},"21":{"pilotName":"Дорохін Антон","lag":"01.19","timeFromLassPassing":"27851","endLap":false,"position":"8","lastPitTime":"00:00:00","transponderId":"4684020","teamName":"","lastLap":"41.78","lastLapSec":"42","bestLap":"40.71","segments":[{"pilotName":"","finishTime":"00:00:00","pilotId":"1","totalPilotTime":"00:06:44","neLength":"00:06:44","kart":"0","pitTime":""}],"lapCount":"9","lastLapS2":"27.81","lastLapS1":"13.43","secondsFromPit":"537","isOnPit":false,"isRaketa":false,"number":"21","pitstops":"0","kart":"0","lastPitMainTime":"0","totalOnTrack":"00:06:44","midLap":"41.675","pilots":[{"onTrack":"00:00:00","name":""}],"bestLapOnSegment":"40.719"}},"compTeamNameFirst":"Команда1","compDiffS2":"-0.0","compDiffS1":"+0.0"},"onBoard":{"karts_on_track":[],"position":"4","timeDiff":"-01.171","firstpos_lag":"-04.702","lastLap":"40.823","onTrack":"06:44.274","position_by_time":"1","sector_2_time":"27.64","karts_on_pit":[],"second_pos_time":"40.182","second_pos_name":"Ткаченко Кирило","sector_2_lag":"-01.028","timeLag":"-0.641","sector_1_lag":"-0.019","lapCount":"9","third_pos_time":"40.184","third_pos_name":"Васильчук Назар","sector_1_time":"13.00","totalOnTrack":"00:06:44","prevpos_lag":"+0.570","nextpos_lag":"-02.239","bestLapOnSegment":"39.652","first_pos_time":"40.445","first_pos_name":"Маніло Денис"}}