{"onTablo":{"compTeamSecondS2":"0.0","compTeamSecondS1":"0.0","secondPlaceLag":"","teamsByTimestamp":[2,4,21,5,1,13,3,7],"bestLapRaceNameTeam":"","finish":true,"compTeamFirstLastLap":"0.0","raceStartedButtonTimestamp":1660768334,"bestLapRaceNumberTeam":"","raceFinishedTimestamp":1660768216,"compDiff":"-0.0","bestLapRaceNamePilot":"","compTeamSecondLastLap":"0.0","secondPlaceName":"Васильчук Назар","karts":[1,2,3,4,5,6,7,8,9,10,11,12,13,14,15,16,17,18,19,20,21,22,33,44,69],"compTeamFirstS2":"0.0","compTeamFirstS1":"0.0","compTeamNameSecond":"Команда2","totalRaceTime":"00:02:58","thirdPlaceName":"Ткаченко Кирило","secondPlaceNumber":"7","isRace":true,"firstPlaceNumber":"2","thirdPlaceNumber":"4","bestS2Race":"27.095","firstPlaceLag":"","bestS1Race":"13.011","compLag":"0.0","teams":[{"pilotName":"Маніло Денис","lag":"0","timeFromLassPassing":"13259","endLap":false,"position":"1","lastPitTime":"00:00:00","transponderId":"8583082","teamName":"","lastLap":"40.62","lastLapSec":"41","bestLap":"40.51","segments":[{"pilotName":"","finishTime":"00:00:00","pilotId":"1","totalPilotTime":"00:02:58","neLength":"00:02:58","kart":"0","pitTime":""}],"lapCount":"4","lastLapS2":"27.45","lastLapS1":"13.26","secondsFromPit":"311","isOnPit":false,"isRaketa":false,"number":"2","pitstops":"0","kart":"0","lastPitMainTime":"0","totalOnTrack":"00:02:58","midLap":"41.294","pilots":[{"onTrack":"00:00:00","name":""}],"bestLapOnSegment":"40.516"},{"pilotName":"Васильчук Назар","lag":"0.46","timeFromLassPassing":"12813","endLap":false,"position":"2","lastPitTime":"00:00:00","transponderId":"9614994","teamName":"","lastLap":"40.91","lastLapSec":"41","bestLap":"40.44","segments":[{"pilotName":"","finishTime":"00:00:00","pilotId":"1","totalPilotTime":"00:02:58","neLength":"00:02:58","kart":"0","pitTime":""}],"lapCount":"4","lastLapS2":"27.71","lastLapS1":"13.19","secondsFromPit":"311","isOnPit":false,"isRaketa":false,"number":"7","pitstops":"0","kart":"0","lastPitMainTime":"0","totalOnTrack":"00:02:58","midLap":"41.338","pilots":[{"onTrack":"00:00:00","name":""}],"bestLapOnSegment":"40.442"},{"pilotName":"Ткаченко Кирило","lag":"0.45","timeFromLassPassing":"12414","endLap":false,"position":"3","lastPitTime":"00:00:00","transponderId":"8431733","teamName":"","lastLap":"40.24","lastLapSec":"40","bestLap":"40.24","segments":[{"pilotName":"","finishTime":"00:00:00","pilotId":"1","totalPilotTime":"00:02:58","neLength":"00:02:58","kart":"0","pitTime":""}],"lapCount":"4","lastLapS2":"27.09","lastLapS1":"13.14","secondsFromPit":"311","isOnPit":false,"isRaketa":true,"number":"4","pitstops":"0","kart":"0","lastPitMainTime":"0","totalOnTrack":"00:02:58","midLap":"41.044","pilots":[{"onTrack":"00:00:00","name":""}],"bestLapOnSegment":"40.243"},{"pilotName":"Дорохін Антон","lag":"01.78","timeFromLassPassing":"10746","endLap":false,"position":"4","lastPitTime":"00:00:00","transponderId":"4684020","teamName":"","lastLap":"40.71","lastLapSec":"41","bestLap":"40.71","segments":[{"pilotName":"","finishTime":"00:00:00","pilotId":"1","totalPilotTime":"00:02:58","neLength":"00:02:58","kart":"0","pitTime":""}],"lapCount":"4","lastLapS2":"27.40","lastLapS1":"13.31","secondsFromPit":"311","isOnPit":false,"isRaketa":false,"number":"21","pitstops":"0","kart":"0","lastPitMainTime":"0","totalOnTrack":"00:02:58","midLap":"41.629","pilots":[{"onTrack":"00:00:00","name":""}],"bestLapOnSegment":"40.719"},{"pilotName":"Кравчонок Олександр","lag":"0.67","timeFromLassPassing":"10076","endLap":false,"position":"5","lastPitTime":"00:00:00","transponderId":"8584138","teamName":"","lastLap":"40.28","lastLapSec":"40","bestLap":"40.28","segments":[{"pilotName":"","finishTime":"00:00:00","pilotId":"1","totalPilotTime":"00:02:58","neLength":"00:02:58","kart":"0","pitTime":""}],"lapCount":"4","lastLapS2":"27.20","lastLapS1":"13.08","secondsFromPit":"311","isOnPit":false,"isRaketa":false,"number":"5","pitstops":"0","kart":"0","lastPitMainTime":"0","totalOnTrack":"00:02:58","midLap":"41.421","pilots":[{"onTrack":"00:00:00","name":""}],"bestLapOnSegment":"40.289"},{"pilotName":"Шиленко Олександр","lag":"01.69","timeFromLassPassing":"8224","endLap":false,"position":"6","lastPitTime":"00:00:00","transponderId":"9739691","teamName":"","lastLap":"41.24","lastLapSec":"41","bestLap":"40.47","segments":[{"pilotName":"","finishTime":"00:00:00","pilotId":"1","totalPilotTime":"00:02:58","neLength":"00:02:58","kart":"0","pitTime":""}],"lapCount":"4","lastLapS2":"27.84","lastLapS1":"13.39","secondsFromPit":"311","isOnPit":false,"isRaketa":false,"number":"1","pitstops":"0","kart":"0","lastPitMainTime":"0","totalOnTrack":"00:02:58","midLap":"41.926","pilots":[{"onTrack":"00:00:00","name":""}],"bestLapOnSegment":"40.478"},{"pilotName":"Лантушенко Ігор","lag":"0.40","timeFromLassPassing":"7901","endLap":false,"position":"7","lastPitTime":"00:00:00","transponderId":"8441658","teamName":"","lastLap":"41.80","lastLapSec":"42","bestLap":"40.46","segments":[{"pilotName":"","finishTime":"00:00:00","pilotId":"1","totalPilotTime":"00:02:58","neLength":"00:02:58","kart":"0","pitTime":""}],"lapCount":"4","lastLapS2":"28.42","lastLapS1":"13.37","secondsFromPit":"311","isOnPit":false,"isRaketa":false,"number":"13","pitstops":"0","kart":"0","lastPitMainTime":"0","totalOnTrack":"00:02:58","midLap":"42.096","pilots":[{"onTrack":"00:00:00","name":""}],"bestLapOnSegment":"40.462"},{"pilotName":"Міфтахутдінов Ільяс","lag":"01.51","timeFromLassPassing":"6352","endLap":false,"position":"8","lastPitTime":"00:00:00","transponderId":"5885393","teamName":"","lastLap":"43.17","lastLapSec":"43","bestLap":"40.54","segments":[{"pilotName":"","finishTime":"00:00:00","pilotId":"1","totalPilotTime":"00:02:58","neLength":"00:02:58","kart":"0","pitTime":""}],"lapCount":"4","lastLapS2":"29.52","lastLapS1":"13.65","secondsFromPit":"311","isOnPit":false,"isRaketa":false,"number":"3","pitstops":"0","kart":"0","lastPitMainTime":"0","totalOnTrack":"00:02:58","midLap":"42.241","pilots":[{"onTrack":"00:00:00","name":""}],"bestLapOnSegment":"40.540"}],"thirdPlaceLag":"0.453","firstPlaceName":"Маніло Денис","bestLapRace":"40.243","teams2":{"1":{"pilotName":"Шиленко Олександр","lag":"01.69","timeFromLassPassing":"8224","endLap":false,"position":"6","lastPitTime":"00:00:00","transponderId":"9739691","teamName":"","lastLap":"41.24","lastLapSec":"41","bestLap":"40.47","segments":[{"pilotName":"","finishTime":"00:00:00","pilotId":"1","totalPilotTime":"00:02:58","neLength":"00:02:58","kart":"0","pitTime":""}],"lapCount":"4","lastLapS2":"27.84","lastLapS1":"13.39","secondsFromPit":"311","isOnPit":false,"isRaketa":false,"number":"1","pitstops":"0","kart":"0","lastPitMainTime":"0","totalOnTrack":"00:02:58","midLap":"41.926","pilots":[{"onTrack":"00:00:00","name":""}],"bestLapOnSegment":"40.478"},"2":{"pilotName":"Маніло Денис","lag":"0","timeFromLassPassing":"13259","endLap":false,"position":"1","lastPitTime":"00:00:00","transponderId":"8583082","teamName":"","lastLap":"40.62","lastLapSec":"41","bestLap":"40.51","segments":[{"pilotName":"","finishTime":"00:00:00","pilotId":"1","totalPilotTime":"00:02:58","neLength":"00:02:58","kart":"0","pitTime":""}],"lapCount":"4","lastLapS2":"27.45","lastLapS1":"13.26","secondsFromPit":"311","isOnPit":false,"isRaketa":false,"number":"2","pitstops":"0","kart":"0","lastPitMainTime":"0","totalOnTrack":"00:02:58","midLap":"41.294","pilots":[{"onTrack":"00:00:00","name":""}],"bestLapOnSegment":"40.516"},"3":{"pilotName":"Міфтахутдінов Ільяс","lag":"01.51","timeFromLassPassing":"6352","endLap":false,"position":"8","lastPitTime":"00:00:00","transponderId":"5885393","teamName":"","lastLap":"43.17","lastLapSec":"43","bestLap":"40.54","segments":[{"pilotName":"","finishTime":"00:00:00","pilotId":"1","totalPilotTime":"00:02:58","neLength":"00:02:58","kart":"0","pitTime":""}],"lapCount":"4","lastLapS2":"29.52","lastLapS1":"13.65","secondsFromPit":"311","isOnPit":false,"isRaketa":false,"number":"3","pitstops":"0","kart":"0","lastPitMainTime":"0","totalOnTrack":"00:02:58","midLap":"42.241","pilots":[{"onTrack":"00:00:00","name":""}],"bestLapOnSegment":"40.540"},"4":{"pilotName":"Ткаченко Кирило","lag":"0.45","timeFromLassPassing":"12414","endLap":false,"position":"3","lastPitTime":"00:00:00","transponderId":"8431733","teamName":"","lastLap":"40.24","lastLapSec":"40","bestLap":"40.24","segments":[{"pilotName":"","finishTime":"00:00:00","pilotId":"1","totalPilotTime":"00:02:58","neLength":"00:02:58","kart":"0","pitTime":""}],"lapCount":"4","lastLapS2":"27.09","lastLapS1":"13.14","secondsFromPit":"311","isOnPit":false,"isRaketa":true,"number":"4","pitstops":"0","kart":"0","lastPitMainTime":"0","totalOnTrack":"00:02:58","midLap":"41.044","pilots":[{"onTrack":"00:00:00","name":""}],"bestLapOnSegment":"40.243"},"5":{"pilotName":"Кравчонок Олександр","lag":"0.67","timeFromLassPassing":"10076","endLap":false,"position":"5","lastPitTime":"00:00:00","transponderId":"8584138","teamName":"","lastLap":"40.28","lastLapSec":"40","bestLap":"40.28","segments":[{"pilotName":"","finishTime":"00:00:00","pilotId":"1","totalPilotTime":"00:02:58","neLength":"00:02:58","kart":"0","pitTime":""}],"lapCount":"4","lastLapS2":"27.20","lastLapS1":"13.08","secondsFromPit":"311","isOnPit":false,"isRaketa":false,"number":"5","pitstops":"0","kart":"0","lastPitMainTime":"0","totalOnTrack":"00:02:58","midLap":"41.421","pilots":[{"onTrack":"00:00:00","name":""}],"bestLapOnSegment":"40.289"},"7":{"pilotName":"Васильчук Назар","lag":"0.46","timeFromLassPassing":"12813","endLap":false,"position":"2","lastPitTime":"00:00:00","transponderId":"9614994","teamName":"","lastLap":"40.91","lastLapSec":"41","bestLap":"40.44","segments":[{"pilotName":"","finishTime":"00:00:00","pilotId":"1","totalPilotTime":"00:02:58","neLength":"00:02:58","kart":"0","pitTime":""}],"lapCount":"4","lastLapS2":"27.71","lastLapS1":"13.19","secondsFromPit":"311","isOnPit":false,"isRaketa":false,"number":"7","pitstops":"0","kart":"0","lastPitMainTime":"0","totalOnTrack":"00:02:58","midLap":"41.338","pilots":[{"onTrack":"00:00:00","name":""}],"bestLapOnSegment":"40.442"},"13":{"pilotName":"Лантушенко Ігор","lag":"0.40","timeFromLassPassing":"7901","endLap":false,"position":"7","lastPitTime":"00:00:00","transponderId":"8441658","teamName":"","lastLap":"41.80","lastLapSec":"42","bestLap":"40.46","segments":[{"pilotName":"","finishTime":"00:00:00","pilotId":"1","totalPilotTime":"00:02:58","neLength":"00:02:58","kart":"0","pitTime":""}],"lapCount":"4","lastLapS2":"28.42","lastLapS1":"13.37","secondsFromPit":"311","isOnPit":false,"isRaketa":false,"number":"13","pitstops":"0","kart":"0","lastPitMainTime":"0","totalOnTrack":"00:02:58","midLap":"42.096","pilots":[{"onTrack":"00:00:00","name":""}],"bestLapOnSegment":"40.462"},"21":{"pilotName":"Дорохін Антон","lag":"01.78","timeFromLassPassing":"10746","endLap":false,"position":"4","lastPitTime":"00:00:00","transponderId":"4684020","teamName":"","lastLap":"40.71","lastLapSec":"41","bestLap":"40.71","segments":[{"pilotName":"","finishTime":"00:00:00","pilotId":"1","totalPilotTime":"00:02:58","neLength":"00:02:58","kart":"0","pitTime":""}],"lapCount":"4","lastLapS2":"27.40","lastLapS1":"13.31","secondsFromPit":"311","isOnPit":false,"isRaketa":false,"number":"21","pitstops":"0","kart":"0","lastPitMainTime":"0","totalOnTrack":"00:02:58","midLap":"41.629","pilots":[{"onTrack":"00:00:00","name":""}],"bestLapOnSegment":"40.719"}},"compTeamNameFirst":"Команда1","compDiffS2":"-0.0","compDiffS1":"+0.0"},"onBoard":{"karts_on_track":[],"position":"6","timeDiff":"-0.763","firstpos_lag":"-05.074","lastLap":"41.241","onTrack":"02:58.423","position_by_time":"5","sector_2_time":"27.84","karts_on_pit":[],"second_pos_time":"40.442","second_pos_name":"Васильчук Назар","sector_2_lag":"-0.754","timeLag":"-0.998","sector_1_lag":"-0.381","lapCount":"4","third_pos_time":"40.243","third_pos_name":"Ткаченко Кирило","sector_1_time":"13.39","totalOnTrack":"00:02:58","prevpos_lag":"+0.403","nextpos_lag":"-01.697","bestLapOnSegment":"40.478","first_pos_time":"40.516","first_pos_name":"Маніло Денис"}}