{"onTablo":{"compTeamSecondS2":"0.0","compTeamSecondS1":"0.0","secondPlaceLag":"0.614","teamsByTimestamp":[2,6,4,13,1,3,5,9],"bestLapRaceNameTeam":"","finish":true,"compTeamFirstLastLap":"0.0","raceStartedButtonTimestamp":1660766222,"bestLapRaceNumberTeam":"","raceFinishedTimestamp":1660766088,"compDiff":"-0.0","bestLapRaceNamePilot":"","compTeamSecondLastLap":"0.0","secondPlaceName":"Родін Артем","karts":[1,2,3,4,5,6,7,8,9,10,11,12,13,14,15,16,17,18,19,20,21,22,33,44,69],"compTeamFirstS2":"0.0","compTeamFirstS1":"0.0","compTeamNameSecond":"Команда2","totalRaceTime":"00:03:01","thirdPlaceName":"Вінтонів Іван","secondPlaceNumber":"2","isRace":true,"firstPlaceNumber":"5","thirdPlaceNumber":"6","bestS2Race":"27.299","firstPlaceLag":"","bestS1Race":"13.084","compLag":"0.0","teams":[{"pilotName":"Шиленко Олександр","lag":"0","timeFromLassPassing":"11108","endLap":false,"position":"1","lastPitTime":"00:00:00","transponderId":"8584138","teamName":"","lastLap":"42.48","lastLapSec":"42","bestLap":"41.55","segments":[{"pilotName":"","finishTime":"00:00:00","pilotId":"1","totalPilotTime":"00:03:01","neLength":"00:03:01","kart":"0","pitTime":""}],"lapCount":"4","lastLapS2":"28.86","lastLapS1":"13.62","secondsFromPit":"325","isOnPit":false,"isRaketa":false,"number":"5","pitstops":"0","kart":"0","lastPitMainTime":"0","totalOnTrack":"00:03:01","midLap":"42.071","pilots":[{"onTrack":"00:00:00","name":""}],"bestLapOnSegment":"41.552"},{"pilotName":"Родін Артем","lag":"0.61","timeFromLassPassing":"10549","endLap":false,"position":"2","lastPitTime":"00:00:00","transponderId":"8583082","teamName":"","lastLap":"43.29","lastLapSec":"43","bestLap":"41.65","segments":[{"pilotName":"","finishTime":"00:00:00","pilotId":"1","totalPilotTime":"00:03:01","neLength":"00:03:01","kart":"0","pitTime":""}],"lapCount":"4","lastLapS2":"29.44","lastLapS1":"13.84","secondsFromPit":"325","isOnPit":false,"isRaketa":false,"number":"2","pitstops":"0","kart":"0","lastPitMainTime":"0","totalOnTrack":"00:03:01","midLap":"42.800","pilots":[{"onTrack":"00:00:00","name":""}],"bestLapOnSegment":"41.659"},{"pilotName":"Вінтонів Іван","lag":"0.23","timeFromLassPassing":"10262","endLap":false,"position":"3","lastPitTime":"00:00:00","transponderId":"9661676","teamName":"","lastLap":"43.03","lastLapSec":"43","bestLap":"41.49","segments":[{"pilotName":"","finishTime":"00:00:00","pilotId":"1","totalPilotTime":"00:03:01","neLength":"00:03:01","kart":"0","pitTime":""}],"lapCount":"4","lastLapS2":"29.46","lastLapS1":"13.57","secondsFromPit":"325","isOnPit":false,"isRaketa":false,"number":"6","pitstops":"0","kart":"0","lastPitMainTime":"0","totalOnTrack":"00:03:01","midLap":"42.541","pilots":[{"onTrack":"00:00:00","name":""}],"bestLapOnSegment":"41.497"},{"pilotName":"Дорохін Антон","lag":"0.20","timeFromLassPassing":"10011","endLap":false,"position":"4","lastPitTime":"00:00:00","transponderId":"8431733","teamName":"","lastLap":"41.89","lastLapSec":"42","bestLap":"40.91","segments":[{"pilotName":"","finishTime":"00:00:00","pilotId":"1","totalPilotTime":"00:03:01","neLength":"00:03:01","kart":"0","pitTime":""}],"lapCount":"4","lastLapS2":"28.57","lastLapS1":"13.31","secondsFromPit":"325","isOnPit":false,"isRaketa":false,"number":"4","pitstops":"0","kart":"0","lastPitMainTime":"0","totalOnTrack":"00:03:01","midLap":"42.841","pilots":[{"onTrack":"00:00:00","name":""}],"bestLapOnSegment":"40.914"},{"pilotName":"Ткаченко Кирило","lag":"0.68","timeFromLassPassing":"9238","endLap":false,"position":"5","lastPitTime":"00:00:00","transponderId":"8441658","teamName":"","lastLap":"42.95","lastLapSec":"43","bestLap":"40.79","segments":[{"pilotName":"","finishTime":"00:00:00","pilotId":"1","totalPilotTime":"00:03:01","neLength":"00:03:01","kart":"0","pitTime":""}],"lapCount":"4","lastLapS2":"29.70","lastLapS1":"13.25","secondsFromPit":"325","isOnPit":false,"isRaketa":false,"number":"13","pitstops":"0","kart":"0","lastPitMainTime":"0","totalOnTrack":"00:03:01","midLap":"42.648","pilots":[{"onTrack":"00:00:00","name":""}],"bestLapOnSegment":"40.796"},{"pilotName":"Міфтахутдінов Ільяс","lag":"0.01","timeFromLassPassing":"9238","endLap":false,"position":"6","lastPitTime":"00:00:00","transponderId":"9739691","teamName":"","lastLap":"43.25","lastLapSec":"43","bestLap":"40.38","segments":[{"pilotName":"","finishTime":"00:00:00","pilotId":"1","totalPilotTime":"00:03:01","neLength":"00:03:01","kart":"0","pitTime":""}],"lapCount":"4","lastLapS2":"29.99","lastLapS1":"13.26","secondsFromPit":"325","isOnPit":false,"isRaketa":false,"number":"1","pitstops":"0","kart":"0","lastPitMainTime":"0","totalOnTrack":"00:03:01","midLap":"42.341","pilots":[{"onTrack":"00:00:00","name":""}],"bestLapOnSegment":"40.383"},{"pilotName":"Маніло Денис","lag":"0.19","timeFromLassPassing":"8942","endLap":false,"position":"7","lastPitTime":"00:00:00","transponderId":"5885393","teamName":"","lastLap":"43.64","lastLapSec":"44","bestLap":"41.26","segments":[{"pilotName":"","finishTime":"00:00:00","pilotId":"1","totalPilotTime":"00:03:01","neLength":"00:03:01","kart":"0","pitTime":""}],"lapCount":"4","lastLapS2":"30.35","lastLapS1":"13.29","secondsFromPit":"325","isOnPit":false,"isRaketa":false,"number":"3","pitstops":"0","kart":"0","lastPitMainTime":"0","totalOnTrack":"00:03:01","midLap":"42.364","pilots":[{"onTrack":"00:00:00","name":""}],"bestLapOnSegment":"41.264"},{"pilotName":"Лихошерст Олексій","lag":"1L+","timeFromLassPassing":"94577","endLap":false,"position":"8","lastPitTime":"00:00:00","transponderId":"2807865","teamName":"","lastLap":"41.17","lastLapSec":"41","bestLap":"41.17","segments":[{"pilotName":"","finishTime":"00:00:00","pilotId":"1","totalPilotTime":"00:03:01","neLength":"00:03:01","kart":"0","pitTime":""}],"lapCount":"2","lastLapS2":"27.97","lastLapS1":"13.20","secondsFromPit":"325","isOnPit":false,"isRaketa":true,"number":"9","pitstops":"0","kart":"0","lastPitMainTime":"0","totalOnTrack":"00:03:01","midLap":"42.184","pilots":[{"onTrack":"00:00:00","name":""}],"bestLapOnSegment":"41.179"}],"thirdPlaceLag":"0.238","firstPlaceName":"Шиленко Олександр","bestLapRace":"40.383","teams2":{"1":{"pilotName":"Міфтахутдінов Ільяс","lag":"0.01","timeFromLassPassing":"9238","endLap":false,"position":"6","lastPitTime":"00:00:00","transponderId":"9739691","teamName":"","lastLap":"43.25","lastLapSec":"43","bestLap":"40.38","segments":[{"pilotName":"","finishTime":"00:00:00","pilotId":"1","totalPilotTime":"00:03:01","neLength":"00:03:01","kart":"0","pitTime":""}],"lapCount":"4","lastLapS2":"29.99","lastLapS1":"13.26","secondsFromPit":"325","isOnPit":false,"isRaketa":false,"number":"1","pitstops":"0","kart":"0","lastPitMainTime":"0","totalOnTrack":"00:03:01","midLap":"42.341","pilots":[{"onTrack":"00:00:00","name":""}],"bestLapOnSegment":"40.383"},"2":{"pilotName":"Родін Артем","lag":"0.61","timeFromLassPassing":"10549","endLap":false,"position":"2","lastPitTime":"00:00:00","transponderId":"8583082","teamName":"","lastLap":"43.29","lastLapSec":"43","bestLap":"41.65","segments":[{"pilotName":"","finishTime":"00:00:00","pilotId":"1","totalPilotTime":"00:03:01","neLength":"00:03:01","kart":"0","pitTime":""}],"lapCount":"4","lastLapS2":"29.44","lastLapS1":"13.84","secondsFromPit":"325","isOnPit":false,"isRaketa":false,"number":"2","pitstops":"0","kart":"0","lastPitMainTime":"0","totalOnTrack":"00:03:01","midLap":"42.800","pilots":[{"onTrack":"00:00:00","name":""}],"bestLapOnSegment":"41.659"},"3":{"pilotName":"Маніло Денис","lag":"0.19","timeFromLassPassing":"8942","endLap":false,"position":"7","lastPitTime":"00:00:00","transponderId":"5885393","teamName":"","lastLap":"43.64","lastLapSec":"44","bestLap":"41.26","segments":[{"pilotName":"","finishTime":"00:00:00","pilotId":"1","totalPilotTime":"00:03:01","neLength":"00:03:01","kart":"0","pitTime":""}],"lapCount":"4","lastLapS2":"30.35","lastLapS1":"13.29","secondsFromPit":"325","isOnPit":false,"isRaketa":false,"number":"3","pitstops":"0","kart":"0","lastPitMainTime":"0","totalOnTrack":"00:03:01","midLap":"42.364","pilots":[{"onTrack":"00:00:00","name":""}],"bestLapOnSegment":"41.264"},"4":{"pilotName":"Дорохін Антон","lag":"0.20","timeFromLassPassing":"10011","endLap":false,"position":"4","lastPitTime":"00:00:00","transponderId":"8431733","teamName":"","lastLap":"41.89","lastLapSec":"42","bestLap":"40.91","segments":[{"pilotName":"","finishTime":"00:00:00","pilotId":"1","totalPilotTime":"00:03:01","neLength":"00:03:01","kart":"0","pitTime":""}],"lapCount":"4","lastLapS2":"28.57","lastLapS1":"13.31","secondsFromPit":"325","isOnPit":false,"isRaketa":false,"number":"4","pitstops":"0","kart":"0","lastPitMainTime":"0","totalOnTrack":"00:03:01","midLap":"42.841","pilots":[{"onTrack":"00:00:00","name":""}],"bestLapOnSegment":"40.914"},"5":{"pilotName":"Шиленко Олександр","lag":"0","timeFromLassPassing":"11108","endLap":false,"position":"1","lastPitTime":"00:00:00","transponderId":"8584138","teamName":"","lastLap":"42.48","lastLapSec":"42","bestLap":"41.55","segments":[{"pilotName":"","finishTime":"00:00:00","pilotId":"1","totalPilotTime":"00:03:01","neLength":"00:03:01","kart":"0","pitTime":""}],"lapCount":"4","lastLapS2":"28.86","lastLapS1":"13.62","secondsFromPit":"325","isOnPit":false,"isRaketa":false,"number":"5","pitstops":"0","kart":"0","lastPitMainTime":"0","totalOnTrack":"00:03:01","midLap":"42.071","pilots":[{"onTrack":"00:00:00","name":""}],"bestLapOnSegment":"41.552"},"6":{"pilotName":"Вінтонів Іван","lag":"0.23","timeFromLassPassing":"10262","endLap":false,"position":"3","lastPitTime":"00:00:00","transponderId":"9661676","teamName":"","lastLap":"43.03","lastLapSec":"43","bestLap":"41.49","segments":[{"pilotName":"","finishTime":"00:00:00","pilotId":"1","totalPilotTime":"00:03:01","neLength":"00:03:01","kart":"0","pitTime":""}],"lapCount":"4","lastLapS2":"29.46","lastLapS1":"13.57","secondsFromPit":"325","isOnPit":false,"isRaketa":false,"number":"6","pitstops":"0","kart":"0","lastPitMainTime":"0","totalOnTrack":"00:03:01","midLap":"42.541","pilots":[{"onTrack":"00:00:00","name":""}],"bestLapOnSegment":"41.497"},"9":{"pilotName":"Лихошерст Олексій","lag":"1L+","timeFromLassPassing":"94577","endLap":false,"position":"8","lastPitTime":"00:00:00","transponderId":"2807865","teamName":"","lastLap":"41.17","lastLapSec":"41","bestLap":"41.17","segments":[{"pilotName":"","finishTime":"00:00:00","pilotId":"1","totalPilotTime":"00:03:01","neLength":"00:03:01","kart":"0","pitTime":""}],"lapCount":"2","lastLapS2":"27.97","lastLapS1":"13.20","secondsFromPit":"325","isOnPit":false,"isRaketa":true,"number":"9","pitstops":"0","kart":"0","lastPitMainTime":"0","totalOnTrack":"00:03:01","midLap":"42.184","pilots":[{"onTrack":"00:00:00","name":""}],"bestLapOnSegment":"41.179"},"13":{"pilotName":"Ткаченко Кирило","lag":"0.68","timeFromLassPassing":"9238","endLap":false,"position":"5","lastPitTime":"00:00:00","transponderId":"8441658","teamName":"","lastLap":"42.95","lastLapSec":"43","bestLap":"40.79","segments":[{"pilotName":"","finishTime":"00:00:00","pilotId":"1","totalPilotTime":"00:03:01","neLength":"00:03:01","kart":"0","pitTime":""}],"lapCount":"4","lastLapS2":"29.70","lastLapS1":"13.25","secondsFromPit":"325","isOnPit":false,"isRaketa":false,"number":"13","pitstops":"0","kart":"0","lastPitMainTime":"0","totalOnTrack":"00:03:01","midLap":"42.648","pilots":[{"onTrack":"00:00:00","name":""}],"bestLapOnSegment":"40.796"}},"compTeamNameFirst":"Команда1","compDiffS2":"-0.0","compDiffS1":"+0.0"},"onBoard":{"karts_on_track":[],"position":"6","timeDiff":"-02.873","firstpos_lag":"-01.760","lastLap":"43.256","onTrack":"03:01.457","position_by_time":"1","sector_2_time":"29.99","karts_on_pit":[],"second_pos_time":"41.659","second_pos_name":"Родін Артем","sector_2_lag":"-02.697","timeLag":"-01.360","sector_1_lag":"-0.176","lapCount":"4","third_pos_time":"41.497","third_pos_name":"Вінтонів Іван","sector_1_time":"13.26","totalOnTrack":"00:03:01","prevpos_lag":"+0.196","nextpos_lag":"-0.019","bestLapOnSegment":"40.383","first_pos_time":"41.552","first_pos_name":"Шиленко Олександр"}}