{"onTablo":{"compTeamSecondS2":"0.0","compTeamSecondS1":"0.0","secondPlaceLag":"01.161","teamsByTimestamp":[4,7,5,1,13,3,21,2],"bestLapRaceNameTeam":"","finish":true,"compTeamFirstLastLap":"0.0","raceStartedButtonTimestamp":1660768334,"bestLapRaceNumberTeam":"","raceFinishedTimestamp":1660768216,"compDiff":"-0.0","bestLapRaceNamePilot":"","compTeamSecondLastLap":"0.0","secondPlaceName":"Ткаченко Кирило","karts":[1,2,3,4,5,6,7,8,9,10,11,12,13,14,15,16,17,18,19,20,21,22,33,44,69],"compTeamFirstS2":"0.0","compTeamFirstS1":"0.0","compTeamNameSecond":"Команда2","totalRaceTime":"00:05:23","thirdPlaceName":"Васильчук Назар","secondPlaceNumber":"4","isRace":true,"firstPlaceNumber":"2","thirdPlaceNumber":"7","bestS2Race":"26.620","firstPlaceLag":"","bestS1Race":"12.987","compLag":"0.0","teams":[{"pilotName":"Маніло Денис","lag":"0","timeFromLassPassing":"36563","endLap":false,"position":"1","lastPitTime":"00:00:00","transponderId":"8583082","teamName":"","lastLap":"40.44","lastLapSec":"40","bestLap":"40.44","segments":[{"pilotName":"","finishTime":"00:00:00","pilotId":"1","totalPilotTime":"00:05:23","neLength":"00:05:23","kart":"0","pitTime":""}],"lapCount":"7","lastLapS2":"27.19","lastLapS1":"13.25","secondsFromPit":"456","isOnPit":false,"isRaketa":false,"number":"2","pitstops":"0","kart":"0","lastPitMainTime":"0","totalOnTrack":"00:05:23","midLap":"40.982","pilots":[{"onTrack":"00:00:00","name":""}],"bestLapOnSegment":"40.445"},{"pilotName":"Ткаченко Кирило","lag":"01.27","timeFromLassPassing":"35158","endLap":false,"position":"2","lastPitTime":"00:00:00","transponderId":"8431733","teamName":"","lastLap":"40.95","lastLapSec":"41","bestLap":"40.23","segments":[{"pilotName":"","finishTime":"00:00:00","pilotId":"1","totalPilotTime":"00:05:23","neLength":"00:05:23","kart":"0","pitTime":""}],"lapCount":"7","lastLapS2":"27.78","lastLapS1":"13.14","secondsFromPit":"456","isOnPit":false,"isRaketa":false,"number":"4","pitstops":"0","kart":"0","lastPitMainTime":"0","totalOnTrack":"00:05:23","midLap":"40.891","pilots":[{"onTrack":"00:00:00","name":""}],"bestLapOnSegment":"40.233"},{"pilotName":"Васильчук Назар","lag":"0.40","timeFromLassPassing":"34821","endLap":false,"position":"3","lastPitTime":"00:00:00","transponderId":"9614994","teamName":"","lastLap":"41.12","lastLapSec":"41","bestLap":"40.27","segments":[{"pilotName":"","finishTime":"00:00:00","pilotId":"1","totalPilotTime":"00:05:23","neLength":"00:05:23","kart":"0","pitTime":""}],"lapCount":"7","lastLapS2":"27.95","lastLapS1":"13.00","secondsFromPit":"456","isOnPit":false,"isRaketa":false,"number":"7","pitstops":"0","kart":"0","lastPitMainTime":"0","totalOnTrack":"00:05:23","midLap":"41.181","pilots":[{"onTrack":"00:00:00","name":""}],"bestLapOnSegment":"40.274"},{"pilotName":"Кравчонок Олександр","lag":"01.71","timeFromLassPassing":"33065","endLap":false,"position":"4","lastPitTime":"00:00:00","transponderId":"8584138","teamName":"","lastLap":"40.36","lastLapSec":"40","bestLap":"40.28","segments":[{"pilotName":"","finishTime":"00:00:00","pilotId":"1","totalPilotTime":"00:05:23","neLength":"00:05:23","kart":"0","pitTime":""}],"lapCount":"7","lastLapS2":"27.37","lastLapS1":"13.11","secondsFromPit":"456","isOnPit":false,"isRaketa":false,"number":"5","pitstops":"0","kart":"0","lastPitMainTime":"0","totalOnTrack":"00:05:23","midLap":"41.057","pilots":[{"onTrack":"00:00:00","name":""}],"bestLapOnSegment":"40.289"},{"pilotName":"Шиленко Олександр","lag":"0.17","timeFromLassPassing":"32884","endLap":false,"position":"5","lastPitTime":"00:00:00","transponderId":"9739691","teamName":"","lastLap":"39.65","lastLapSec":"40","bestLap":"39.65","segments":[{"pilotName":"","finishTime":"00:00:00","pilotId":"1","totalPilotTime":"00:05:23","neLength":"00:05:23","kart":"0","pitTime":""}],"lapCount":"7","lastLapS2":"26.62","lastLapS1":"13.08","secondsFromPit":"456","isOnPit":false,"isRaketa":true,"number":"1","pitstops":"0","kart":"0","lastPitMainTime":"0","totalOnTrack":"00:05:23","midLap":"41.127","pilots":[{"onTrack":"00:00:00","name":""}],"bestLapOnSegment":"39.652"},{"pilotName":"Лантушенко Ігор","lag":"02.56","timeFromLassPassing":"30454","endLap":false,"position":"6","lastPitTime":"00:00:00","transponderId":"8441658","teamName":"","lastLap":"41.24","lastLapSec":"41","bestLap":"40.38","segments":[{"pilotName":"","finishTime":"00:00:00","pilotId":"1","totalPilotTime":"00:05:23","neLength":"00:05:23","kart":"0","pitTime":""}],"lapCount":"7","lastLapS2":"27.93","lastLapS1":"13.14","secondsFromPit":"456","isOnPit":false,"isRaketa":false,"number":"13","pitstops":"0","kart":"0","lastPitMainTime":"0","totalOnTrack":"00:05:23","midLap":"41.534","pilots":[{"onTrack":"00:00:00","name":""}],"bestLapOnSegment":"40.382"},{"pilotName":"Міфтахутдінов Ільяс","lag":"0.25","timeFromLassPassing":"30222","endLap":false,"position":"7","lastPitTime":"00:00:00","transponderId":"5885393","teamName":"","lastLap":"40.76","lastLapSec":"41","bestLap":"40.00","segments":[{"pilotName":"","finishTime":"00:00:00","pilotId":"1","totalPilotTime":"00:05:23","neLength":"00:05:23","kart":"0","pitTime":""}],"lapCount":"7","lastLapS2":"27.69","lastLapS1":"13.09","secondsFromPit":"456","isOnPit":false,"isRaketa":false,"number":"3","pitstops":"0","kart":"0","lastPitMainTime":"0","totalOnTrack":"00:05:23","midLap":"41.436","pilots":[{"onTrack":"00:00:00","name":""}],"bestLapOnSegment":"40.003"},{"pilotName":"Дорохін Антон","lag":"0.32","timeFromLassPassing":"29609","endLap":false,"position":"8","lastPitTime":"00:00:00","transponderId":"4684020","teamName":"","lastLap":"42.14","lastLapSec":"42","bestLap":"40.71","segments":[{"pilotName":"","finishTime":"00:00:00","pilotId":"1","totalPilotTime":"00:05:23","neLength":"00:05:23","kart":"0","pitTime":""}],"lapCount":"7","lastLapS2":"28.71","lastLapS1":"13.26","secondsFromPit":"456","isOnPit":false,"isRaketa":false,"number":"21","pitstops":"0","kart":"0","lastPitMainTime":"0","totalOnTrack":"00:05:23","midLap":"41.746","pilots":[{"onTrack":"00:00:00","name":""}],"bestLapOnSegment":"40.719"}],"thirdPlaceLag":"0.266","firstPlaceName":"Маніло Денис","bestLapRace":"39.652","teams2":{"1":{"pilotName":"Шиленко Олександр","lag":"0.17","timeFromLassPassing":"32884","endLap":false,"position":"5","lastPitTime":"00:00:00","transponderId":"9739691","teamName":"","lastLap":"39.65","lastLapSec":"40","bestLap":"39.65","segments":[{"pilotName":"","finishTime":"00:00:00","pilotId":"1","totalPilotTime":"00:05:23","neLength":"00:05:23","kart":"0","pitTime":""}],"lapCount":"7","lastLapS2":"26.62","lastLapS1":"13.08","secondsFromPit":"456","isOnPit":false,"isRaketa":true,"number":"1","pitstops":"0","kart":"0","lastPitMainTime":"0","totalOnTrack":"00:05:23","midLap":"41.127","pilots":[{"onTrack":"00:00:00","name":""}],"bestLapOnSegment":"39.652"},"2":{"pilotName":"Маніло Денис","lag":"0","timeFromLassPassing":"36563","endLap":false,"position":"1","lastPitTime":"00:00:00","transponderId":"8583082","teamName":"","lastLap":"40.44","lastLapSec":"40","bestLap":"40.44","segments":[{"pilotName":"","finishTime":"00:00:00","pilotId":"1","totalPilotTime":"00:05:23","neLength":"00:05:23","kart":"0","pitTime":""}],"lapCount":"7","lastLapS2":"27.19","lastLapS1":"13.25","secondsFromPit":"456","isOnPit":false,"isRaketa":false,"number":"2","pitstops":"0","kart":"0","lastPitMainTime":"0","totalOnTrack":"00:05:23","midLap":"40.982","pilots":[{"onTrack":"00:00:00","name":""}],"bestLapOnSegment":"40.445"},"3":{"pilotName":"Міфтахутдінов Ільяс","lag":"0.25","timeFromLassPassing":"30222","endLap":false,"position":"7","lastPitTime":"00:00:00","transponderId":"5885393","teamName":"","lastLap":"40.76","lastLapSec":"41","bestLap":"40.00","segments":[{"pilotName":"","finishTime":"00:00:00","pilotId":"1","totalPilotTime":"00:05:23","neLength":"00:05:23","kart":"0","pitTime":""}],"lapCount":"7","lastLapS2":"27.69","lastLapS1":"13.09","secondsFromPit":"456","isOnPit":false,"isRaketa":false,"number":"3","pitstops":"0","kart":"0","lastPitMainTime":"0","totalOnTrack":"00:05:23","midLap":"41.436","pilots":[{"onTrack":"00:00:00","name":""}],"bestLapOnSegment":"40.003"},"4":{"pilotName":"Ткаченко Кирило","lag":"01.27","timeFromLassPassing":"35158","endLap":false,"position":"2","lastPitTime":"00:00:00","transponderId":"8431733","teamName":"","lastLap":"40.95","lastLapSec":"41","bestLap":"40.23","segments":[{"pilotName":"","finishTime":"00:00:00","pilotId":"1","totalPilotTime":"00:05:23","neLength":"00:05:23","kart":"0","pitTime":""}],"lapCount":"7","lastLapS2":"27.78","lastLapS1":"13.14","secondsFromPit":"456","isOnPit":false,"isRaketa":false,"number":"4","pitstops":"0","kart":"0","lastPitMainTime":"0","totalOnTrack":"00:05:23","midLap":"40.891","pilots":[{"onTrack":"00:00:00","name":""}],"bestLapOnSegment":"40.233"},"5":{"pilotName":"Кравчонок Олександр","lag":"01.71","timeFromLassPassing":"33065","endLap":false,"position":"4","lastPitTime":"00:00:00","transponderId":"8584138","teamName":"","lastLap":"40.36","lastLapSec":"40","bestLap":"40.28","segments":[{"pilotName":"","finishTime":"00:00:00","pilotId":"1","totalPilotTime":"00:05:23","neLength":"00:05:23","kart":"0","pitTime":""}],"lapCount":"7","lastLapS2":"27.37","lastLapS1":"13.11","secondsFromPit":"456","isOnPit":false,"isRaketa":false,"number":"5","pitstops":"0","kart":"0","lastPitMainTime":"0","totalOnTrack":"00:05:23","midLap":"41.057","pilots":[{"onTrack":"00:00:00","name":""}],"bestLapOnSegment":"40.289"},"7":{"pilotName":"Васильчук Назар","lag":"0.40","timeFromLassPassing":"34821","endLap":false,"position":"3","lastPitTime":"00:00:00","transponderId":"9614994","teamName":"","lastLap":"41.12","lastLapSec":"41","bestLap":"40.27","segments":[{"pilotName":"","finishTime":"00:00:00","pilotId":"1","totalPilotTime":"00:05:23","neLength":"00:05:23","kart":"0","pitTime":""}],"lapCount":"7","lastLapS2":"27.95","lastLapS1":"13.00","secondsFromPit":"456","isOnPit":false,"isRaketa":false,"number":"7","pitstops":"0","kart":"0","lastPitMainTime":"0","totalOnTrack":"00:05:23","midLap":"41.181","pilots":[{"onTrack":"00:00:00","name":""}],"bestLapOnSegment":"40.274"},"13":{"pilotName":"Лантушенко Ігор","lag":"02.56","timeFromLassPassing":"30454","endLap":false,"position":"6","lastPitTime":"00:00:00","transponderId":"8441658","teamName":"","lastLap":"41.24","lastLapSec":"41","bestLap":"40.38","segments":[{"pilotName":"","finishTime":"00:00:00","pilotId":"1","totalPilotTime":"00:05:23","neLength":"00:05:23","kart":"0","pitTime":""}],"lapCount":"7","lastLapS2":"27.93","lastLapS1":"13.14","secondsFromPit":"456","isOnPit":false,"isRaketa":false,"number":"13","pitstops":"0","kart":"0","lastPitMainTime":"0","totalOnTrack":"00:05:23","midLap":"41.534","pilots":[{"onTrack":"00:00:00","name":""}],"bestLapOnSegment":"40.382"},"21":{"pilotName":"Дорохін Антон","lag":"0.32","timeFromLassPassing":"29609","endLap":false,"position":"8","lastPitTime":"00:00:00","transponderId":"4684020","teamName":"","lastLap":"42.14","lastLapSec":"42","bestLap":"40.71","segments":[{"pilotName":"","finishTime":"00:00:00","pilotId":"1","totalPilotTime":"00:05:23","neLength":"00:05:23","kart":"0","pitTime":""}],"lapCount":"7","lastLapS2":"28.71","lastLapS1":"13.26","secondsFromPit":"456","isOnPit":false,"isRaketa":false,"number":"21","pitstops":"0","kart":"0","lastPitMainTime":"0","totalOnTrack":"00:05:23","midLap":"41.746","pilots":[{"onTrack":"00:00:00","name":""}],"bestLapOnSegment":"40.719"}},"compTeamNameFirst":"Команда1","compDiffS2":"-0.0","compDiffS1":"+0.0"},"onBoard":{"karts_on_track":[],"position":"5","timeDiff":"+0.071","firstpos_lag":"-03.568","lastLap":"39.652","onTrack":"05:23.272","position_by_time":"1","sector_2_time":"26.62","karts_on_pit":[],"second_pos_time":"40.233","second_pos_name":"Ткаченко Кирило","sector_2_lag":"+0.571","timeLag":"+0.713","sector_1_lag":"-0.099","lapCount":"7","third_pos_time":"40.274","third_pos_name":"Васильчук Назар","sector_1_time":"13.08","totalOnTrack":"00:05:23","prevpos_lag":"+02.566","nextpos_lag":"-0.173","bestLapOnSegment":"39.652","first_pos_time":"40.445","first_pos_name":"Маніло Денис"}}