{"onTablo":{"compTeamSecondS2":"0.0","compTeamSecondS1":"0.0","secondPlaceLag":"01.717","teamsByTimestamp":[18,12,16,9,69,44,15,14,5,33,17,7,3,4],"bestLapRaceNameTeam":"","finish":false,"compTeamFirstLastLap":"0.0","raceStartedButtonTimestamp":1660943724,"bestLapRaceNumberTeam":"","raceFinishedTimestamp":1660944538,"compDiff":"-0.0","bestLapRaceNamePilot":"","compTeamSecondLastLap":"0.0","secondPlaceName":"Діо","karts":[1,2,3,4,5,6,7,8,9,10,11,12,13,14,15,16,17,18,19,20,21,22,33,44,69],"compTeamFirstS2":"0.0","compTeamFirstS1":"0.0","compTeamNameSecond":"Команда2","totalRaceTime":"00:13:33","thirdPlaceName":"Лисенський","secondPlaceNumber":"18","isRace":false,"firstPlaceNumber":"16","thirdPlaceNumber":"12","bestS2Race":"29.235","firstPlaceLag":"","bestS1Race":"13.406","compLag":"0.0","teams":[{"pilotName":"Васильчук","lag":"0","timeFromLassPassing":"34599","endLap":false,"position":"1","lastPitTime":"00:00:00","transponderId":"2740799","teamName":"","lastLap":"43.01","lastLapSec":"43","bestLap":"42.74","segments":[{"pilotName":"","finishTime":"00:00:00","pilotId":"1","totalPilotTime":"00:13:33","neLength":"00:13:33","kart":"0","pitTime":""}],"lapCount":"13","lastLapS2":"29.45","lastLapS1":"13.55","secondsFromPit":"813","isOnPit":false,"isRaketa":false,"number":"16","pitstops":"0","kart":"0","lastPitMainTime":"0","totalOnTrack":"00:13:33","midLap":"43.035","pilots":[{"onTrack":"00:00:00","name":""}],"bestLapOnSegment":"42.747"},{"pilotName":"Діо","lag":"01.71","timeFromLassPassing":"32850","endLap":false,"position":"2","lastPitTime":"00:00:00","transponderId":"4642517","teamName":"","lastLap":"43.05","lastLapSec":"43","bestLap":"42.84","segments":[{"pilotName":"","finishTime":"00:00:00","pilotId":"1","totalPilotTime":"00:13:33","neLength":"00:13:33","kart":"0","pitTime":""}],"lapCount":"13","lastLapS2":"29.42","lastLapS1":"13.63","secondsFromPit":"813","isOnPit":false,"isRaketa":false,"number":"18","pitstops":"0","kart":"0","lastPitMainTime":"0","totalOnTrack":"00:13:33","midLap":"43.036","pilots":[{"onTrack":"00:00:00","name":""}],"bestLapOnSegment":"42.847"},{"pilotName":"Лисенський","lag":"04.41","timeFromLassPassing":"28473","endLap":false,"position":"3","lastPitTime":"00:00:00","transponderId":"5957013","teamName":"","lastLap":"43.00","lastLapSec":"43","bestLap":"42.85","segments":[{"pilotName":"","finishTime":"00:00:00","pilotId":"1","totalPilotTime":"00:13:33","neLength":"00:13:33","kart":"0","pitTime":""}],"lapCount":"13","lastLapS2":"29.49","lastLapS1":"13.50","secondsFromPit":"813","isOnPit":false,"isRaketa":true,"number":"12","pitstops":"0","kart":"0","lastPitMainTime":"0","totalOnTrack":"00:13:33","midLap":"43.217","pilots":[{"onTrack":"00:00:00","name":""}],"bestLapOnSegment":"42.858"},{"pilotName":"Карт 4","lag":"8L+","timeFromLassPassing":"635784","endLap":false,"position":"4","lastPitTime":"00:03:06","transponderId":"8431733","teamName":"","lastLap":"43.01","lastLapSec":"43","bestLap":"43.01","segments":[{"pilotName":"","finishTime":"00:00:00","pilotId":"10","totalPilotTime":"00:10:26","neLength":"00:10:26","kart":"0","pitTime":""},{"pilotName":"","finishTime":"00:03:06","pilotId":"1","totalPilotTime":"00:03:06","neLength":"00:03:06","kart":"0","pitTime":"27.212"}],"lapCount":"4","lastLapS2":"29.32","lastLapS1":"13.68","secondsFromPit":"813","isOnPit":true,"isRaketa":false,"number":"4","pitstops":"1","kart":"0","lastPitMainTime":"27.212","totalOnTrack":"00:10:26","midLap":"44.319","pilots":[{"onTrack":"00:03:06","name":""}],"bestLapOnSegment":""},{"pilotName":"Маніло","lag":"8L+","timeFromLassPassing":"33615","endLap":false,"position":"5","lastPitTime":"00:00:00","transponderId":"2807865","teamName":"","lastLap":"43.21","lastLapSec":"43","bestLap":"43.06","segments":[{"pilotName":"","finishTime":"00:00:00","pilotId":"1","totalPilotTime":"00:13:33","neLength":"00:13:33","kart":"0","pitTime":""}],"lapCount":"13","lastLapS2":"29.59","lastLapS1":"13.62","secondsFromPit":"813","isOnPit":false,"isRaketa":false,"number":"9","pitstops":"0","kart":"0","lastPitMainTime":"0","totalOnTrack":"00:13:33","midLap":"43.339","pilots":[{"onTrack":"00:00:00","name":""}],"bestLapOnSegment":"43.064"},{"pilotName":"Танцюра","lag":"06.55","timeFromLassPassing":"27052","endLap":false,"position":"6","lastPitTime":"00:00:00","transponderId":"6191269","teamName":"","lastLap":"43.32","lastLapSec":"43","bestLap":"43.27","segments":[{"pilotName":"","finishTime":"00:00:00","pilotId":"1","totalPilotTime":"00:13:33","neLength":"00:13:33","kart":"0","pitTime":""}],"lapCount":"13","lastLapS2":"29.66","lastLapS1":"13.65","secondsFromPit":"813","isOnPit":false,"isRaketa":false,"number":"69","pitstops":"0","kart":"0","lastPitMainTime":"0","totalOnTrack":"00:13:33","midLap":"43.691","pilots":[{"onTrack":"00:00:00","name":""}],"bestLapOnSegment":"43.277"},{"pilotName":"Гетьманцев","lag":"35.01","timeFromLassPassing":"35365","endLap":false,"position":"7","lastPitTime":"00:00:00","transponderId":"5034562","teamName":"","lastLap":"43.83","lastLapSec":"44","bestLap":"43.47","segments":[{"pilotName":"","finishTime":"00:00:00","pilotId":"1","totalPilotTime":"00:13:33","neLength":"00:13:33","kart":"0","pitTime":""}],"lapCount":"12","lastLapS2":"30.03","lastLapS1":"13.79","secondsFromPit":"813","isOnPit":false,"isRaketa":false,"number":"44","pitstops":"0","kart":"0","lastPitMainTime":"0","totalOnTrack":"00:13:33","midLap":"46.527","pilots":[{"onTrack":"00:00:00","name":""}],"bestLapOnSegment":"43.473"},{"pilotName":"Гуцуляк","lag":"24.81","timeFromLassPassing":"16441","endLap":false,"position":"8","lastPitTime":"00:00:00","transponderId":"2744699","teamName":"","lastLap":"43.73","lastLapSec":"44","bestLap":"43.52","segments":[{"pilotName":"","finishTime":"00:00:00","pilotId":"1","totalPilotTime":"00:13:33","neLength":"00:13:33","kart":"0","pitTime":""}],"lapCount":"13","lastLapS2":"29.78","lastLapS1":"13.95","secondsFromPit":"813","isOnPit":false,"isRaketa":false,"number":"15","pitstops":"0","kart":"0","lastPitMainTime":"0","totalOnTrack":"00:13:33","midLap":"43.993","pilots":[{"onTrack":"00:00:00","name":""}],"bestLapOnSegment":"43.521"},{"pilotName":"Нужний","lag":"03.64","timeFromLassPassing":"20159","endLap":false,"position":"9","lastPitTime":"00:00:00","transponderId":"2261324","teamName":"","lastLap":"43.80","lastLapSec":"44","bestLap":"43.60","segments":[{"pilotName":"","finishTime":"00:00:00","pilotId":"1","totalPilotTime":"00:13:33","neLength":"00:13:33","kart":"0","pitTime":""}],"lapCount":"13","lastLapS2":"29.96","lastLapS1":"13.84","secondsFromPit":"813","isOnPit":false,"isRaketa":false,"number":"14","pitstops":"0","kart":"0","lastPitMainTime":"0","totalOnTrack":"00:13:33","midLap":"43.910","pilots":[{"onTrack":"00:00:00","name":""}],"bestLapOnSegment":"43.608"},{"pilotName":"Кригін","lag":"02.91","timeFromLassPassing":"17206","endLap":false,"position":"10","lastPitTime":"00:00:00","transponderId":"8584138","teamName":"","lastLap":"43.61","lastLapSec":"44","bestLap":"43.61","segments":[{"pilotName":"","finishTime":"00:00:00","pilotId":"1","totalPilotTime":"00:13:33","neLength":"00:13:33","kart":"0","pitTime":""}],"lapCount":"13","lastLapS2":"29.89","lastLapS1":"13.71","secondsFromPit":"813","isOnPit":false,"isRaketa":false,"number":"5","pitstops":"0","kart":"0","lastPitMainTime":"0","totalOnTrack":"00:13:33","midLap":"44.012","pilots":[{"onTrack":"00:00:00","name":""}],"bestLapOnSegment":"43.616"},{"pilotName":"Пашковський","lag":"05.79","timeFromLassPassing":"11300","endLap":false,"position":"11","lastPitTime":"00:00:00","transponderId":"4688335","teamName":"","lastLap":"44.61","lastLapSec":"45","bestLap":"43.71","segments":[{"pilotName":"","finishTime":"00:00:00","pilotId":"1","totalPilotTime":"00:13:33","neLength":"00:13:33","kart":"0","pitTime":""}],"lapCount":"13","lastLapS2":"30.74","lastLapS1":"13.87","secondsFromPit":"813","isOnPit":false,"isRaketa":false,"number":"33","pitstops":"0","kart":"0","lastPitMainTime":"0","totalOnTrack":"00:13:33","midLap":"44.917","pilots":[{"onTrack":"00:00:00","name":""}],"bestLapOnSegment":"43.710"},{"pilotName":"Стасюк","lag":"23.80","timeFromLassPassing":"32194","endLap":false,"position":"12","lastPitTime":"00:00:00","transponderId":"4078493","teamName":"","lastLap":"48.17","lastLapSec":"48","bestLap":"43.76","segments":[{"pilotName":"","finishTime":"00:00:00","pilotId":"1","totalPilotTime":"00:13:33","neLength":"00:13:33","kart":"0","pitTime":""}],"lapCount":"12","lastLapS2":"34.15","lastLapS1":"14.01","secondsFromPit":"813","isOnPit":false,"isRaketa":false,"number":"17","pitstops":"0","kart":"0","lastPitMainTime":"0","totalOnTrack":"00:13:33","midLap":"45.712","pilots":[{"onTrack":"00:00:00","name":""}],"bestLapOnSegment":"43.760"},{"pilotName":"Кулаков","lag":"21.11","timeFromLassPassing":"8888","endLap":false,"position":"13","lastPitTime":"00:00:00","transponderId":"9614994","teamName":"","lastLap":"44.41","lastLapSec":"44","bestLap":"43.82","segments":[{"pilotName":"","finishTime":"00:00:00","pilotId":"1","totalPilotTime":"00:13:33","neLength":"00:13:33","kart":"0","pitTime":""}],"lapCount":"13","lastLapS2":"30.63","lastLapS1":"13.77","secondsFromPit":"813","isOnPit":false,"isRaketa":false,"number":"7","pitstops":"0","kart":"0","lastPitMainTime":"0","totalOnTrack":"00:13:33","midLap":"44.215","pilots":[{"onTrack":"00:00:00","name":""}],"bestLapOnSegment":"43.825"},{"pilotName":"Соляніков","lag":"07.56","timeFromLassPassing":"1353","endLap":false,"position":"14","lastPitTime":"00:00:00","transponderId":"5885393","teamName":"","lastLap":"44.46","lastLapSec":"44","bestLap":"44.27","segments":[{"pilotName":"","finishTime":"00:00:00","pilotId":"1","totalPilotTime":"00:13:33","neLength":"00:13:33","kart":"0","pitTime":""}],"lapCount":"13","lastLapS2":"30.45","lastLapS1":"14.01","secondsFromPit":"813","isOnPit":false,"isRaketa":false,"number":"3","pitstops":"0","kart":"0","lastPitMainTime":"0","totalOnTrack":"00:13:33","midLap":"44.971","pilots":[{"onTrack":"00:00:00","name":""}],"bestLapOnSegment":"44.276"}],"thirdPlaceLag":"04.413","firstPlaceName":"Васильчук","bestLapRace":"42.747","teams2":{"3":{"pilotName":"Соляніков","lag":"07.56","timeFromLassPassing":"1353","endLap":false,"position":"14","lastPitTime":"00:00:00","transponderId":"5885393","teamName":"","lastLap":"44.46","lastLapSec":"44","bestLap":"44.27","segments":[{"pilotName":"","finishTime":"00:00:00","pilotId":"1","totalPilotTime":"00:13:33","neLength":"00:13:33","kart":"0","pitTime":""}],"lapCount":"13","lastLapS2":"30.45","lastLapS1":"14.01","secondsFromPit":"813","isOnPit":false,"isRaketa":false,"number":"3","pitstops":"0","kart":"0","lastPitMainTime":"0","totalOnTrack":"00:13:33","midLap":"44.971","pilots":[{"onTrack":"00:00:00","name":""}],"bestLapOnSegment":"44.276"},"4":{"pilotName":"Карт 4","lag":"8L+","timeFromLassPassing":"635784","endLap":false,"position":"4","lastPitTime":"00:03:06","transponderId":"8431733","teamName":"","lastLap":"43.01","lastLapSec":"43","bestLap":"43.01","segments":[{"pilotName":"","finishTime":"00:00:00","pilotId":"10","totalPilotTime":"00:10:26","neLength":"00:10:26","kart":"0","pitTime":""},{"pilotName":"","finishTime":"00:03:06","pilotId":"1","totalPilotTime":"00:03:06","neLength":"00:03:06","kart":"0","pitTime":"27.212"}],"lapCount":"4","lastLapS2":"29.32","lastLapS1":"13.68","secondsFromPit":"813","isOnPit":true,"isRaketa":false,"number":"4","pitstops":"1","kart":"0","lastPitMainTime":"27.212","totalOnTrack":"00:10:26","midLap":"44.319","pilots":[{"onTrack":"00:03:06","name":""}],"bestLapOnSegment":""},"5":{"pilotName":"Кригін","lag":"02.91","timeFromLassPassing":"17206","endLap":false,"position":"10","lastPitTime":"00:00:00","transponderId":"8584138","teamName":"","lastLap":"43.61","lastLapSec":"44","bestLap":"43.61","segments":[{"pilotName":"","finishTime":"00:00:00","pilotId":"1","totalPilotTime":"00:13:33","neLength":"00:13:33","kart":"0","pitTime":""}],"lapCount":"13","lastLapS2":"29.89","lastLapS1":"13.71","secondsFromPit":"813","isOnPit":false,"isRaketa":false,"number":"5","pitstops":"0","kart":"0","lastPitMainTime":"0","totalOnTrack":"00:13:33","midLap":"44.012","pilots":[{"onTrack":"00:00:00","name":""}],"bestLapOnSegment":"43.616"},"7":{"pilotName":"Кулаков","lag":"21.11","timeFromLassPassing":"8888","endLap":false,"position":"13","lastPitTime":"00:00:00","transponderId":"9614994","teamName":"","lastLap":"44.41","lastLapSec":"44","bestLap":"43.82","segments":[{"pilotName":"","finishTime":"00:00:00","pilotId":"1","totalPilotTime":"00:13:33","neLength":"00:13:33","kart":"0","pitTime":""}],"lapCount":"13","lastLapS2":"30.63","lastLapS1":"13.77","secondsFromPit":"813","isOnPit":false,"isRaketa":false,"number":"7","pitstops":"0","kart":"0","lastPitMainTime":"0","totalOnTrack":"00:13:33","midLap":"44.215","pilots":[{"onTrack":"00:00:00","name":""}],"bestLapOnSegment":"43.825"},"9":{"pilotName":"Маніло","lag":"8L+","timeFromLassPassing":"33615","endLap":false,"position":"5","lastPitTime":"00:00:00","transponderId":"2807865","teamName":"","lastLap":"43.21","lastLapSec":"43","bestLap":"43.06","segments":[{"pilotName":"","finishTime":"00:00:00","pilotId":"1","totalPilotTime":"00:13:33","neLength":"00:13:33","kart":"0","pitTime":""}],"lapCount":"13","lastLapS2":"29.59","lastLapS1":"13.62","secondsFromPit":"813","isOnPit":false,"isRaketa":false,"number":"9","pitstops":"0","kart":"0","lastPitMainTime":"0","totalOnTrack":"00:13:33","midLap":"43.339","pilots":[{"onTrack":"00:00:00","name":""}],"bestLapOnSegment":"43.064"},"12":{"pilotName":"Лисенський","lag":"04.41","timeFromLassPassing":"28473","endLap":false,"position":"3","lastPitTime":"00:00:00","transponderId":"5957013","teamName":"","lastLap":"43.00","lastLapSec":"43","bestLap":"42.85","segments":[{"pilotName":"","finishTime":"00:00:00","pilotId":"1","totalPilotTime":"00:13:33","neLength":"00:13:33","kart":"0","pitTime":""}],"lapCount":"13","lastLapS2":"29.49","lastLapS1":"13.50","secondsFromPit":"813","isOnPit":false,"isRaketa":true,"number":"12","pitstops":"0","kart":"0","lastPitMainTime":"0","totalOnTrack":"00:13:33","midLap":"43.217","pilots":[{"onTrack":"00:00:00","name":""}],"bestLapOnSegment":"42.858"},"14":{"pilotName":"Нужний","lag":"03.64","timeFromLassPassing":"20159","endLap":false,"position":"9","lastPitTime":"00:00:00","transponderId":"2261324","teamName":"","lastLap":"43.80","lastLapSec":"44","bestLap":"43.60","segments":[{"pilotName":"","finishTime":"00:00:00","pilotId":"1","totalPilotTime":"00:13:33","neLength":"00:13:33","kart":"0","pitTime":""}],"lapCount":"13","lastLapS2":"29.96","lastLapS1":"13.84","secondsFromPit":"813","isOnPit":false,"isRaketa":false,"number":"14","pitstops":"0","kart":"0","lastPitMainTime":"0","totalOnTrack":"00:13:33","midLap":"43.910","pilots":[{"onTrack":"00:00:00","name":""}],"bestLapOnSegment":"43.608"},"15":{"pilotName":"Гуцуляк","lag":"24.81","timeFromLassPassing":"16441","endLap":false,"position":"8","lastPitTime":"00:00:00","transponderId":"2744699","teamName":"","lastLap":"43.73","lastLapSec":"44","bestLap":"43.52","segments":[{"pilotName":"","finishTime":"00:00:00","pilotId":"1","totalPilotTime":"00:13:33","neLength":"00:13:33","kart":"0","pitTime":""}],"lapCount":"13","lastLapS2":"29.78","lastLapS1":"13.95","secondsFromPit":"813","isOnPit":false,"isRaketa":false,"number":"15","pitstops":"0","kart":"0","lastPitMainTime":"0","totalOnTrack":"00:13:33","midLap":"43.993","pilots":[{"onTrack":"00:00:00","name":""}],"bestLapOnSegment":"43.521"},"16":{"pilotName":"Васильчук","lag":"0","timeFromLassPassing":"34599","endLap":false,"position":"1","lastPitTime":"00:00:00","transponderId":"2740799","teamName":"","lastLap":"43.01","lastLapSec":"43","bestLap":"42.74","segments":[{"pilotName":"","finishTime":"00:00:00","pilotId":"1","totalPilotTime":"00:13:33","neLength":"00:13:33","kart":"0","pitTime":""}],"lapCount":"13","lastLapS2":"29.45","lastLapS1":"13.55","secondsFromPit":"813","isOnPit":false,"isRaketa":false,"number":"16","pitstops":"0","kart":"0","lastPitMainTime":"0","totalOnTrack":"00:13:33","midLap":"43.035","pilots":[{"onTrack":"00:00:00","name":""}],"bestLapOnSegment":"42.747"},"17":{"pilotName":"Стасюк","lag":"23.80","timeFromLassPassing":"32194","endLap":false,"position":"12","lastPitTime":"00:00:00","transponderId":"4078493","teamName":"","lastLap":"48.17","lastLapSec":"48","bestLap":"43.76","segments":[{"pilotName":"","finishTime":"00:00:00","pilotId":"1","totalPilotTime":"00:13:33","neLength":"00:13:33","kart":"0","pitTime":""}],"lapCount":"12","lastLapS2":"34.15","lastLapS1":"14.01","secondsFromPit":"813","isOnPit":false,"isRaketa":false,"number":"17","pitstops":"0","kart":"0","lastPitMainTime":"0","totalOnTrack":"00:13:33","midLap":"45.712","pilots":[{"onTrack":"00:00:00","name":""}],"bestLapOnSegment":"43.760"},"18":{"pilotName":"Діо","lag":"01.71","timeFromLassPassing":"32850","endLap":false,"position":"2","lastPitTime":"00:00:00","transponderId":"4642517","teamName":"","lastLap":"43.05","lastLapSec":"43","bestLap":"42.84","segments":[{"pilotName":"","finishTime":"00:00:00","pilotId":"1","totalPilotTime":"00:13:33","neLength":"00:13:33","kart":"0","pitTime":""}],"lapCount":"13","lastLapS2":"29.42","lastLapS1":"13.63","secondsFromPit":"813","isOnPit":false,"isRaketa":false,"number":"18","pitstops":"0","kart":"0","lastPitMainTime":"0","totalOnTrack":"00:13:33","midLap":"43.036","pilots":[{"onTrack":"00:00:00","name":""}],"bestLapOnSegment":"42.847"},"33":{"pilotName":"Пашковський","lag":"05.79","timeFromLassPassing":"11300","endLap":false,"position":"11","lastPitTime":"00:00:00","transponderId":"4688335","teamName":"","lastLap":"44.61","lastLapSec":"45","bestLap":"43.71","segments":[{"pilotName":"","finishTime":"00:00:00","pilotId":"1","totalPilotTime":"00:13:33","neLength":"00:13:33","kart":"0","pitTime":""}],"lapCount":"13","lastLapS2":"30.74","lastLapS1":"13.87","secondsFromPit":"813","isOnPit":false,"isRaketa":false,"number":"33","pitstops":"0","kart":"0","lastPitMainTime":"0","totalOnTrack":"00:13:33","midLap":"44.917","pilots":[{"onTrack":"00:00:00","name":""}],"bestLapOnSegment":"43.710"},"44":{"pilotName":"Гетьманцев","lag":"35.01","timeFromLassPassing":"35365","endLap":false,"position":"7","lastPitTime":"00:00:00","transponderId":"5034562","teamName":"","lastLap":"43.83","lastLapSec":"44","bestLap":"43.47","segments":[{"pilotName":"","finishTime":"00:00:00","pilotId":"1","totalPilotTime":"00:13:33","neLength":"00:13:33","kart":"0","pitTime":""}],"lapCount":"12","lastLapS2":"30.03","lastLapS1":"13.79","secondsFromPit":"813","isOnPit":false,"isRaketa":false,"number":"44","pitstops":"0","kart":"0","lastPitMainTime":"0","totalOnTrack":"00:13:33","midLap":"46.527","pilots":[{"onTrack":"00:00:00","name":""}],"bestLapOnSegment":"43.473"},"69":{"pilotName":"Танцюра","lag":"06.55","timeFromLassPassing":"27052","endLap":false,"position":"6","lastPitTime":"00:00:00","transponderId":"6191269","teamName":"","lastLap":"43.32","lastLapSec":"43","bestLap":"43.27","segments":[{"pilotName":"","finishTime":"00:00:00","pilotId":"1","totalPilotTime":"00:13:33","neLength":"00:13:33","kart":"0","pitTime":""}],"lapCount":"13","lastLapS2":"29.66","lastLapS1":"13.65","secondsFromPit":"813","isOnPit":false,"isRaketa":false,"number":"69","pitstops":"0","kart":"0","lastPitMainTime":"0","totalOnTrack":"00:13:33","midLap":"43.691","pilots":[{"onTrack":"00:00:00","name":""}],"bestLapOnSegment":"43.277"}},"compTeamNameFirst":"Команда1","compDiffS2":"-0.0","compDiffS1":"+0.0"},"onBoard":{"karts_on_track":[],"position":"15","timeDiff":"+","firstpos_lag":"0","lastLap":"","onTrack":"13:37.230","position_by_time":"1","sector_2_time":"","karts_on_pit":[],"second_pos_time":"42.847","second_pos_name":"Діо","sector_2_lag":"-","timeLag":"-","sector_1_lag":"-","lapCount":"0","third_pos_time":"42.858","third_pos_name":"Лисенський","sector_1_time":"","totalOnTrack":"00:13:37","prevpos_lag":"+01.717","nextpos_lag":"0","bestLapOnSegment":"","first_pos_time":"42.747","first_pos_name":"Васильчук"}}