{"onTablo":{"compTeamSecondS2":"0.0","compTeamSecondS1":"0.0","secondPlaceLag":"","teamsByTimestamp":[8,13,2,3,44,6,9,5,4,11,10],"bestLapRaceNameTeam":"","finish":false,"compTeamFirstLastLap":"0.0","raceStartedButtonTimestamp":1660939752,"bestLapRaceNumberTeam":"","raceFinishedTimestamp":1660937825,"compDiff":"-0.0","bestLapRaceNamePilot":"","compTeamSecondLastLap":"0.0","secondPlaceName":"","karts":[1,2,3,4,5,6,7,8,9,10,11,12,13,14,15,16,17,18,19,20,21,22,33,44,69],"compTeamFirstS2":"0.0","compTeamFirstS1":"0.0","compTeamNameSecond":"Команда2","totalRaceTime":"00:09:55","thirdPlaceName":"","secondPlaceNumber":"13","isRace":false,"firstPlaceNumber":"8","thirdPlaceNumber":"2","bestS2Race":"8:20:00.000","firstPlaceLag":"","bestS1Race":"8:20:00.000","compLag":"0.0","teams":[{"pilotName":"","lag":"0","timeFromLassPassing":"28449","endLap":false,"position":"1","lastPitTime":"00:00:00","transponderId":"5901907","teamName":"","lastLap":"","lastLapSec":"0","bestLap":"","segments":[{"pilotName":"","finishTime":"00:00:00","pilotId":"1","totalPilotTime":"00:09:55","neLength":"00:09:55","kart":"0","pitTime":""}],"lapCount":"0","lastLapS2":"","lastLapS1":"","secondsFromPit":"1926","isOnPit":false,"isRaketa":false,"number":"8","pitstops":"0","kart":"0","lastPitMainTime":"0","totalOnTrack":"00:09:55","midLap":"0","pilots":[{"onTrack":"00:00:00","name":""}],"bestLapOnSegment":""},{"pilotName":"","lag":"","timeFromLassPassing":"34491","endLap":false,"position":"2","lastPitTime":"00:00:00","transponderId":"8441658","teamName":"","lastLap":"","lastLapSec":"0","bestLap":"","segments":[{"pilotName":"","finishTime":"00:00:00","pilotId":"1","totalPilotTime":"00:09:55","neLength":"00:09:55","kart":"0","pitTime":""}],"lapCount":"0","lastLapS2":"","lastLapS1":"","secondsFromPit":"1926","isOnPit":false,"isRaketa":false,"number":"13","pitstops":"0","kart":"0","lastPitMainTime":"0","totalOnTrack":"00:09:55","midLap":"0","pilots":[{"onTrack":"00:00:00","name":""}],"bestLapOnSegment":""},{"pilotName":"","lag":"","timeFromLassPassing":"26262","endLap":false,"position":"3","lastPitTime":"00:00:00","transponderId":"8583082","teamName":"","lastLap":"","lastLapSec":"0","bestLap":"","segments":[{"pilotName":"","finishTime":"00:00:00","pilotId":"1","totalPilotTime":"00:09:55","neLength":"00:09:55","kart":"0","pitTime":""}],"lapCount":"0","lastLapS2":"","lastLapS1":"","secondsFromPit":"1926","isOnPit":false,"isRaketa":false,"number":"2","pitstops":"0","kart":"0","lastPitMainTime":"0","totalOnTrack":"00:09:55","midLap":"0","pilots":[{"onTrack":"00:00:00","name":""}],"bestLapOnSegment":""},{"pilotName":"","lag":"","timeFromLassPassing":"24523","endLap":false,"position":"4","lastPitTime":"00:00:00","transponderId":"5885393","teamName":"","lastLap":"","lastLapSec":"0","bestLap":"","segments":[{"pilotName":"","finishTime":"00:00:00","pilotId":"1","totalPilotTime":"00:09:55","neLength":"00:09:55","kart":"0","pitTime":""}],"lapCount":"0","lastLapS2":"","lastLapS1":"","secondsFromPit":"1926","isOnPit":false,"isRaketa":false,"number":"3","pitstops":"0","kart":"0","lastPitMainTime":"0","totalOnTrack":"00:09:55","midLap":"0","pilots":[{"onTrack":"00:00:00","name":""}],"bestLapOnSegment":""},{"pilotName":"","lag":"","timeFromLassPassing":"40068","endLap":false,"position":"5","lastPitTime":"00:00:00","transponderId":"5034562","teamName":"","lastLap":"","lastLapSec":"0","bestLap":"","segments":[{"pilotName":"","finishTime":"00:00:00","pilotId":"1","totalPilotTime":"00:09:55","neLength":"00:09:55","kart":"0","pitTime":""}],"lapCount":"0","lastLapS2":"","lastLapS1":"","secondsFromPit":"1926","isOnPit":false,"isRaketa":false,"number":"44","pitstops":"0","kart":"0","lastPitMainTime":"0","totalOnTrack":"00:09:55","midLap":"0","pilots":[{"onTrack":"00:00:00","name":""}],"bestLapOnSegment":""},{"pilotName":"","lag":"","timeFromLassPassing":"52428","endLap":false,"position":"6","lastPitTime":"00:00:00","transponderId":"9661676","teamName":"","lastLap":"","lastLapSec":"0","bestLap":"","segments":[{"pilotName":"","finishTime":"00:00:00","pilotId":"1","totalPilotTime":"00:09:55","neLength":"00:09:55","kart":"0","pitTime":"19.633"}],"lapCount":"0","lastLapS2":"","lastLapS1":"","secondsFromPit":"1926","isOnPit":false,"isRaketa":false,"number":"6","pitstops":"0","kart":"0","lastPitMainTime":"0","totalOnTrack":"00:09:55","midLap":"0","pilots":[{"onTrack":"00:00:00","name":""}],"bestLapOnSegment":""},{"pilotName":"","lag":"","timeFromLassPassing":"45207","endLap":false,"position":"7","lastPitTime":"00:00:00","transponderId":"2807865","teamName":"","lastLap":"","lastLapSec":"0","bestLap":"","segments":[{"pilotName":"","finishTime":"00:00:00","pilotId":"1","totalPilotTime":"00:09:55","neLength":"00:09:55","kart":"0","pitTime":""}],"lapCount":"0","lastLapS2":"","lastLapS1":"","secondsFromPit":"1926","isOnPit":false,"isRaketa":false,"number":"9","pitstops":"0","kart":"0","lastPitMainTime":"0","totalOnTrack":"00:09:55","midLap":"0","pilots":[{"onTrack":"00:00:00","name":""}],"bestLapOnSegment":""},{"pilotName":"","lag":"","timeFromLassPassing":"13544","endLap":false,"position":"8","lastPitTime":"00:00:00","transponderId":"8584138","teamName":"","lastLap":"","lastLapSec":"0","bestLap":"","segments":[{"pilotName":"","finishTime":"00:00:00","pilotId":"1","totalPilotTime":"00:09:55","neLength":"00:09:55","kart":"0","pitTime":""}],"lapCount":"0","lastLapS2":"","lastLapS1":"","secondsFromPit":"1926","isOnPit":false,"isRaketa":false,"number":"5","pitstops":"0","kart":"0","lastPitMainTime":"0","totalOnTrack":"00:09:55","midLap":"0","pilots":[{"onTrack":"00:00:00","name":""}],"bestLapOnSegment":""},{"pilotName":"","lag":"","timeFromLassPassing":"14214","endLap":false,"position":"9","lastPitTime":"00:00:00","transponderId":"8431733","teamName":"","lastLap":"","lastLapSec":"0","bestLap":"","segments":[{"pilotName":"","finishTime":"00:00:00","pilotId":"1","totalPilotTime":"00:09:55","neLength":"00:09:55","kart":"0","pitTime":"27.212"}],"lapCount":"0","lastLapS2":"","lastLapS1":"","secondsFromPit":"1926","isOnPit":false,"isRaketa":false,"number":"4","pitstops":"0","kart":"0","lastPitMainTime":"0","totalOnTrack":"00:09:55","midLap":"0","pilots":[{"onTrack":"00:00:00","name":""}],"bestLapOnSegment":""},{"pilotName":"","lag":"","timeFromLassPassing":"40615","endLap":false,"position":"10","lastPitTime":"00:00:00","transponderId":"2758575","teamName":"","lastLap":"","lastLapSec":"0","bestLap":"","segments":[{"pilotName":"","finishTime":"00:00:00","pilotId":"1","totalPilotTime":"00:09:55","neLength":"00:09:55","kart":"0","pitTime":"04:10.579"}],"lapCount":"0","lastLapS2":"","lastLapS1":"","secondsFromPit":"1926","isOnPit":false,"isRaketa":false,"number":"11","pitstops":"0","kart":"0","lastPitMainTime":"0","totalOnTrack":"00:09:55","midLap":"0","pilots":[{"onTrack":"00:00:00","name":""}],"bestLapOnSegment":""},{"pilotName":"","lag":"","timeFromLassPassing":"42802","endLap":false,"position":"11","lastPitTime":"00:00:00","transponderId":"8433860","teamName":"","lastLap":"","lastLapSec":"0","bestLap":"","segments":[{"pilotName":"","finishTime":"00:00:00","pilotId":"1","totalPilotTime":"00:09:55","neLength":"00:09:55","kart":"0","pitTime":"29.047"}],"lapCount":"0","lastLapS2":"","lastLapS1":"","secondsFromPit":"1926","isOnPit":false,"isRaketa":false,"number":"10","pitstops":"0","kart":"0","lastPitMainTime":"0","totalOnTrack":"00:09:55","midLap":"0","pilots":[{"onTrack":"00:00:00","name":""}],"bestLapOnSegment":""}],"thirdPlaceLag":"","firstPlaceName":"","bestLapRace":"0","teams2":{"2":{"pilotName":"","lag":"","timeFromLassPassing":"26262","endLap":false,"position":"3","lastPitTime":"00:00:00","transponderId":"8583082","teamName":"","lastLap":"","lastLapSec":"0","bestLap":"","segments":[{"pilotName":"","finishTime":"00:00:00","pilotId":"1","totalPilotTime":"00:09:55","neLength":"00:09:55","kart":"0","pitTime":""}],"lapCount":"0","lastLapS2":"","lastLapS1":"","secondsFromPit":"1926","isOnPit":false,"isRaketa":false,"number":"2","pitstops":"0","kart":"0","lastPitMainTime":"0","totalOnTrack":"00:09:55","midLap":"0","pilots":[{"onTrack":"00:00:00","name":""}],"bestLapOnSegment":""},"3":{"pilotName":"","lag":"","timeFromLassPassing":"24523","endLap":false,"position":"4","lastPitTime":"00:00:00","transponderId":"5885393","teamName":"","lastLap":"","lastLapSec":"0","bestLap":"","segments":[{"pilotName":"","finishTime":"00:00:00","pilotId":"1","totalPilotTime":"00:09:55","neLength":"00:09:55","kart":"0","pitTime":""}],"lapCount":"0","lastLapS2":"","lastLapS1":"","secondsFromPit":"1926","isOnPit":false,"isRaketa":false,"number":"3","pitstops":"0","kart":"0","lastPitMainTime":"0","totalOnTrack":"00:09:55","midLap":"0","pilots":[{"onTrack":"00:00:00","name":""}],"bestLapOnSegment":""},"4":{"pilotName":"","lag":"","timeFromLassPassing":"14214","endLap":false,"position":"9","lastPitTime":"00:00:00","transponderId":"8431733","teamName":"","lastLap":"","lastLapSec":"0","bestLap":"","segments":[{"pilotName":"","finishTime":"00:00:00","pilotId":"1","totalPilotTime":"00:09:55","neLength":"00:09:55","kart":"0","pitTime":"27.212"}],"lapCount":"0","lastLapS2":"","lastLapS1":"","secondsFromPit":"1926","isOnPit":false,"isRaketa":false,"number":"4","pitstops":"0","kart":"0","lastPitMainTime":"0","totalOnTrack":"00:09:55","midLap":"0","pilots":[{"onTrack":"00:00:00","name":""}],"bestLapOnSegment":""},"5":{"pilotName":"","lag":"","timeFromLassPassing":"13544","endLap":false,"position":"8","lastPitTime":"00:00:00","transponderId":"8584138","teamName":"","lastLap":"","lastLapSec":"0","bestLap":"","segments":[{"pilotName":"","finishTime":"00:00:00","pilotId":"1","totalPilotTime":"00:09:55","neLength":"00:09:55","kart":"0","pitTime":""}],"lapCount":"0","lastLapS2":"","lastLapS1":"","secondsFromPit":"1926","isOnPit":false,"isRaketa":false,"number":"5","pitstops":"0","kart":"0","lastPitMainTime":"0","totalOnTrack":"00:09:55","midLap":"0","pilots":[{"onTrack":"00:00:00","name":""}],"bestLapOnSegment":""},"6":{"pilotName":"","lag":"","timeFromLassPassing":"52428","endLap":false,"position":"6","lastPitTime":"00:00:00","transponderId":"9661676","teamName":"","lastLap":"","lastLapSec":"0","bestLap":"","segments":[{"pilotName":"","finishTime":"00:00:00","pilotId":"1","totalPilotTime":"00:09:55","neLength":"00:09:55","kart":"0","pitTime":"19.633"}],"lapCount":"0","lastLapS2":"","lastLapS1":"","secondsFromPit":"1926","isOnPit":false,"isRaketa":false,"number":"6","pitstops":"0","kart":"0","lastPitMainTime":"0","totalOnTrack":"00:09:55","midLap":"0","pilots":[{"onTrack":"00:00:00","name":""}],"bestLapOnSegment":""},"8":{"pilotName":"","lag":"0","timeFromLassPassing":"28449","endLap":false,"position":"1","lastPitTime":"00:00:00","transponderId":"5901907","teamName":"","lastLap":"","lastLapSec":"0","bestLap":"","segments":[{"pilotName":"","finishTime":"00:00:00","pilotId":"1","totalPilotTime":"00:09:55","neLength":"00:09:55","kart":"0","pitTime":""}],"lapCount":"0","lastLapS2":"","lastLapS1":"","secondsFromPit":"1926","isOnPit":false,"isRaketa":false,"number":"8","pitstops":"0","kart":"0","lastPitMainTime":"0","totalOnTrack":"00:09:55","midLap":"0","pilots":[{"onTrack":"00:00:00","name":""}],"bestLapOnSegment":""},"9":{"pilotName":"","lag":"","timeFromLassPassing":"45207","endLap":false,"position":"7","lastPitTime":"00:00:00","transponderId":"2807865","teamName":"","lastLap":"","lastLapSec":"0","bestLap":"","segments":[{"pilotName":"","finishTime":"00:00:00","pilotId":"1","totalPilotTime":"00:09:55","neLength":"00:09:55","kart":"0","pitTime":""}],"lapCount":"0","lastLapS2":"","lastLapS1":"","secondsFromPit":"1926","isOnPit":false,"isRaketa":false,"number":"9","pitstops":"0","kart":"0","lastPitMainTime":"0","totalOnTrack":"00:09:55","midLap":"0","pilots":[{"onTrack":"00:00:00","name":""}],"bestLapOnSegment":""},"10":{"pilotName":"","lag":"","timeFromLassPassing":"42802","endLap":false,"position":"11","lastPitTime":"00:00:00","transponderId":"8433860","teamName":"","lastLap":"","lastLapSec":"0","bestLap":"","segments":[{"pilotName":"","finishTime":"00:00:00","pilotId":"1","totalPilotTime":"00:09:55","neLength":"00:09:55","kart":"0","pitTime":"29.047"}],"lapCount":"0","lastLapS2":"","lastLapS1":"","secondsFromPit":"1926","isOnPit":false,"isRaketa":false,"number":"10","pitstops":"0","kart":"0","lastPitMainTime":"0","totalOnTrack":"00:09:55","midLap":"0","pilots":[{"onTrack":"00:00:00","name":""}],"bestLapOnSegment":""},"11":{"pilotName":"","lag":"","timeFromLassPassing":"40615","endLap":false,"position":"10","lastPitTime":"00:00:00","transponderId":"2758575","teamName":"","lastLap":"","lastLapSec":"0","bestLap":"","segments":[{"pilotName":"","finishTime":"00:00:00","pilotId":"1","totalPilotTime":"00:09:55","neLength":"00:09:55","kart":"0","pitTime":"04:10.579"}],"lapCount":"0","lastLapS2":"","lastLapS1":"","secondsFromPit":"1926","isOnPit":false,"isRaketa":false,"number":"11","pitstops":"0","kart":"0","lastPitMainTime":"0","totalOnTrack":"00:09:55","midLap":"0","pilots":[{"onTrack":"00:00:00","name":""}],"bestLapOnSegment":""},"13":{"pilotName":"","lag":"","timeFromLassPassing":"34491","endLap":false,"position":"2","lastPitTime":"00:00:00","transponderId":"8441658","teamName":"","lastLap":"","lastLapSec":"0","bestLap":"","segments":[{"pilotName":"","finishTime":"00:00:00","pilotId":"1","totalPilotTime":"00:09:55","neLength":"00:09:55","kart":"0","pitTime":""}],"lapCount":"0","lastLapS2":"","lastLapS1":"","secondsFromPit":"1926","isOnPit":false,"isRaketa":false,"number":"13","pitstops":"0","kart":"0","lastPitMainTime":"0","totalOnTrack":"00:09:55","midLap":"0","pilots":[{"onTrack":"00:00:00","name":""}],"bestLapOnSegment":""},"44":{"pilotName":"","lag":"","timeFromLassPassing":"40068","endLap":false,"position":"5","lastPitTime":"00:00:00","transponderId":"5034562","teamName":"","lastLap":"","lastLapSec":"0","bestLap":"","segments":[{"pilotName":"","finishTime":"00:00:00","pilotId":"1","totalPilotTime":"00:09:55","neLength":"00:09:55","kart":"0","pitTime":""}],"lapCount":"0","lastLapS2":"","lastLapS1":"","secondsFromPit":"1926","isOnPit":false,"isRaketa":false,"number":"44","pitstops":"0","kart":"0","lastPitMainTime":"0","totalOnTrack":"00:09:55","midLap":"0","pilots":[{"onTrack":"00:00:00","name":""}],"bestLapOnSegment":""}},"compTeamNameFirst":"Команда1","compDiffS2":"-0.0","compDiffS1":"+0.0"},"onBoard":{"karts_on_track":[],"position":"1","timeDiff":"+","firstpos_lag":"0","lastLap":"","onTrack":"42:05.013","position_by_time":"1","sector_2_time":"","karts_on_pit":[],"second_pos_time":"","second_pos_name":"","sector_2_lag":"+0.0","timeLag":"+0.0","sector_1_lag":"+0.0","lapCount":"0","third_pos_time":"","third_pos_name":"","sector_1_time":"","totalOnTrack":"00:42:05","prevpos_lag":"+","nextpos_lag":"0","bestLapOnSegment":"","first_pos_time":"","first_pos_name":""}}