{"onTablo":{"compTeamSecondS2":"0.0","compTeamSecondS1":"0.0","secondPlaceLag":"","teamsByTimestamp":[12,9,7,13,11,33,18,17,6,14,21,69,1,4,16,10,44,3],"bestLapRaceNameTeam":"","finish":true,"compTeamFirstLastLap":"0.0","raceStartedButtonTimestamp":1660941011,"bestLapRaceNumberTeam":"","raceFinishedTimestamp":1660940990,"compDiff":"-0.0","bestLapRaceNamePilot":"","compTeamSecondLastLap":"0.0","secondPlaceName":"Резанко","karts":[1,2,3,4,5,6,7,8,9,10,11,12,13,14,15,16,17,18,19,20,21,22,33,44,69],"compTeamFirstS2":"0.0","compTeamFirstS1":"0.0","compTeamNameSecond":"Команда2","totalRaceTime":"00:07:26","thirdPlaceName":"Маніло","secondPlaceNumber":"13","isRace":false,"firstPlaceNumber":"12","thirdPlaceNumber":"9","bestS2Race":"29.223","firstPlaceLag":"","bestS1Race":"13.287","compLag":"0.0","teams":[{"pilotName":"Ференс","lag":"0","timeFromLassPassing":"3296","endLap":false,"position":"1","lastPitTime":"00:00:00","transponderId":"5957013","teamName":"","lastLap":"42.57","lastLapSec":"43","bestLap":"42.55","segments":[{"pilotName":"","finishTime":"00:00:00","pilotId":"1","totalPilotTime":"00:07:26","neLength":"00:07:26","kart":"0","pitTime":""}],"lapCount":"10","lastLapS2":"29.22","lastLapS1":"13.35","secondsFromPit":"746","isOnPit":false,"isRaketa":true,"number":"12","pitstops":"0","kart":"0","lastPitMainTime":"0","totalOnTrack":"00:07:26","midLap":"43.012","pilots":[{"onTrack":"00:00:00","name":""}],"bestLapOnSegment":"42.554"},{"pilotName":"Резанко","lag":"05.84","timeFromLassPassing":"9201","endLap":false,"position":"2","lastPitTime":"00:00:00","transponderId":"8441658","teamName":"","lastLap":"43.17","lastLapSec":"43","bestLap":"42.93","segments":[{"pilotName":"","finishTime":"00:00:00","pilotId":"1","totalPilotTime":"00:07:26","neLength":"00:07:26","kart":"0","pitTime":""}],"lapCount":"10","lastLapS2":"29.39","lastLapS1":"13.78","secondsFromPit":"746","isOnPit":false,"isRaketa":false,"number":"13","pitstops":"0","kart":"0","lastPitMainTime":"0","totalOnTrack":"00:07:26","midLap":"43.218","pilots":[{"onTrack":"00:00:00","name":""}],"bestLapOnSegment":"42.934"},{"pilotName":"Маніло","lag":"03.40","timeFromLassPassing":"5811","endLap":false,"position":"3","lastPitTime":"00:00:00","transponderId":"2807865","teamName":"","lastLap":"43.02","lastLapSec":"43","bestLap":"43.02","segments":[{"pilotName":"","finishTime":"00:00:00","pilotId":"1","totalPilotTime":"00:07:26","neLength":"00:07:26","kart":"0","pitTime":""}],"lapCount":"10","lastLapS2":"29.40","lastLapS1":"13.62","secondsFromPit":"746","isOnPit":false,"isRaketa":false,"number":"9","pitstops":"0","kart":"0","lastPitMainTime":"0","totalOnTrack":"00:07:26","midLap":"43.389","pilots":[{"onTrack":"00:00:00","name":""}],"bestLapOnSegment":"43.026"},{"pilotName":"Діо","lag":"0.53","timeFromLassPassing":"6358","endLap":false,"position":"4","lastPitTime":"00:00:00","transponderId":"9614994","teamName":"","lastLap":"43.52","lastLapSec":"44","bestLap":"43.08","segments":[{"pilotName":"","finishTime":"00:00:00","pilotId":"1","totalPilotTime":"00:07:26","neLength":"00:07:26","kart":"0","pitTime":""}],"lapCount":"10","lastLapS2":"29.98","lastLapS1":"13.54","secondsFromPit":"746","isOnPit":false,"isRaketa":false,"number":"7","pitstops":"0","kart":"0","lastPitMainTime":"0","totalOnTrack":"00:07:26","midLap":"43.390","pilots":[{"onTrack":"00:00:00","name":""}],"bestLapOnSegment":"43.082"},{"pilotName":"Ждан-Пушкін","lag":"09.48","timeFromLassPassing":"40368","endLap":false,"position":"5","lastPitTime":"00:00:00","transponderId":"4684020","teamName":"","lastLap":"44.05","lastLapSec":"44","bestLap":"43.16","segments":[{"pilotName":"","finishTime":"00:00:00","pilotId":"1","totalPilotTime":"00:07:26","neLength":"00:07:26","kart":"0","pitTime":""}],"lapCount":"9","lastLapS2":"30.42","lastLapS1":"13.67","secondsFromPit":"746","isOnPit":false,"isRaketa":false,"number":"21","pitstops":"0","kart":"0","lastPitMainTime":"0","totalOnTrack":"00:07:26","midLap":"43.798","pilots":[{"onTrack":"00:00:00","name":""}],"bestLapOnSegment":"43.166"},{"pilotName":"Карт 11","lag":"3L+28.68","timeFromLassPassing":"11825","endLap":false,"position":"6","lastPitTime":"00:03:32","transponderId":"2758575","teamName":"","lastLap":"43.20","lastLapSec":"43","bestLap":"43.20","segments":[{"pilotName":"","finishTime":"00:00:00","pilotId":"10","totalPilotTime":"00:03:54","neLength":"00:03:54","kart":"0","pitTime":""},{"pilotName":"","finishTime":"00:03:32","pilotId":"1","totalPilotTime":"00:03:32","neLength":"00:03:32","kart":"0","pitTime":"02:29.601"}],"lapCount":"6","lastLapS2":"29.52","lastLapS1":"13.67","secondsFromPit":"85","isOnPit":false,"isRaketa":false,"number":"11","pitstops":"1","kart":"0","lastPitMainTime":"02:29.601","totalOnTrack":"00:03:54","midLap":"43.484","pilots":[{"onTrack":"00:03:32","name":""}],"bestLapOnSegment":"43.202"},{"pilotName":"Пивоварчук","lag":"3L+22.38","timeFromLassPassing":"34032","endLap":false,"position":"7","lastPitTime":"00:00:00","transponderId":"4688335","teamName":"","lastLap":"43.26","lastLapSec":"43","bestLap":"43.26","segments":[{"pilotName":"","finishTime":"00:00:00","pilotId":"1","totalPilotTime":"00:07:26","neLength":"00:07:26","kart":"0","pitTime":""}],"lapCount":"9","lastLapS2":"29.65","lastLapS1":"13.88","secondsFromPit":"746","isOnPit":false,"isRaketa":false,"number":"33","pitstops":"0","kart":"0","lastPitMainTime":"0","totalOnTrack":"00:07:26","midLap":"43.642","pilots":[{"onTrack":"00:00:00","name":""}],"bestLapOnSegment":"43.267"},{"pilotName":"Гуцуляк","lag":"04.38","timeFromLassPassing":"38400","endLap":false,"position":"8","lastPitTime":"00:00:00","transponderId":"4642517","teamName":"","lastLap":"43.45","lastLapSec":"43","bestLap":"43.33","segments":[{"pilotName":"","finishTime":"00:00:00","pilotId":"1","totalPilotTime":"00:07:26","neLength":"00:07:26","kart":"0","pitTime":""}],"lapCount":"9","lastLapS2":"29.53","lastLapS1":"13.74","secondsFromPit":"746","isOnPit":false,"isRaketa":false,"number":"18","pitstops":"0","kart":"0","lastPitMainTime":"0","totalOnTrack":"00:07:26","midLap":"43.758","pilots":[{"onTrack":"00:00:00","name":""}],"bestLapOnSegment":"43.338"},{"pilotName":"Ревчук Саша","lag":"14.37","timeFromLassPassing":"8217","endLap":false,"position":"9","lastPitTime":"00:00:00","transponderId":"4078493","teamName":"","lastLap":"44.66","lastLapSec":"45","bestLap":"43.34","segments":[{"pilotName":"","finishTime":"00:00:00","pilotId":"1","totalPilotTime":"00:07:26","neLength":"00:07:26","kart":"0","pitTime":""}],"lapCount":"10","lastLapS2":"30.91","lastLapS1":"13.74","secondsFromPit":"746","isOnPit":false,"isRaketa":false,"number":"17","pitstops":"0","kart":"0","lastPitMainTime":"0","totalOnTrack":"00:07:26","midLap":"43.747","pilots":[{"onTrack":"00:00:00","name":""}],"bestLapOnSegment":"43.343"},{"pilotName":"Ревчук Леша","lag":"25.38","timeFromLassPassing":"27362","endLap":false,"position":"10","lastPitTime":"00:00:00","transponderId":"9661676","teamName":"","lastLap":"43.35","lastLapSec":"43","bestLap":"43.35","segments":[{"pilotName":"","finishTime":"00:00:00","pilotId":"1","totalPilotTime":"00:07:26","neLength":"00:07:26","kart":"0","pitTime":"19.633"}],"lapCount":"9","lastLapS2":"29.76","lastLapS1":"13.68","secondsFromPit":"746","isOnPit":false,"isRaketa":false,"number":"6","pitstops":"0","kart":"0","lastPitMainTime":"0","totalOnTrack":"00:07:26","midLap":"45.882","pilots":[{"onTrack":"00:00:00","name":""}],"bestLapOnSegment":"43.354"},{"pilotName":"Лисенський Даня","lag":"20.34","timeFromLassPassing":"3952","endLap":false,"position":"11","lastPitTime":"00:00:00","transponderId":"2261324","teamName":"","lastLap":"43.79","lastLapSec":"44","bestLap":"43.47","segments":[{"pilotName":"","finishTime":"00:00:00","pilotId":"1","totalPilotTime":"00:07:26","neLength":"00:07:26","kart":"0","pitTime":""}],"lapCount":"10","lastLapS2":"30.05","lastLapS1":"13.74","secondsFromPit":"746","isOnPit":false,"isRaketa":false,"number":"14","pitstops":"0","kart":"0","lastPitMainTime":"0","totalOnTrack":"00:07:26","midLap":"44.262","pilots":[{"onTrack":"00:00:00","name":""}],"bestLapOnSegment":"43.473"},{"pilotName":"Панічук","lag":"06.24","timeFromLassPassing":"41461","endLap":false,"position":"12","lastPitTime":"00:00:00","transponderId":"2740799","teamName":"","lastLap":"43.59","lastLapSec":"44","bestLap":"43.50","segments":[{"pilotName":"","finishTime":"00:00:00","pilotId":"1","totalPilotTime":"00:07:26","neLength":"00:07:26","kart":"0","pitTime":""}],"lapCount":"9","lastLapS2":"29.74","lastLapS1":"13.85","secondsFromPit":"746","isOnPit":false,"isRaketa":false,"number":"16","pitstops":"0","kart":"0","lastPitMainTime":"0","totalOnTrack":"00:07:26","midLap":"44.495","pilots":[{"onTrack":"00:00:00","name":""}],"bestLapOnSegment":"43.506"},{"pilotName":"Пашковський","lag":"17.24","timeFromLassPassing":"24302","endLap":false,"position":"13","lastPitTime":"00:00:00","transponderId":"6191269","teamName":"","lastLap":"43.73","lastLapSec":"44","bestLap":"43.64","segments":[{"pilotName":"","finishTime":"00:00:00","pilotId":"1","totalPilotTime":"00:07:26","neLength":"00:07:26","kart":"0","pitTime":""}],"lapCount":"9","lastLapS2":"29.87","lastLapS1":"13.95","secondsFromPit":"746","isOnPit":false,"isRaketa":false,"number":"69","pitstops":"0","kart":"0","lastPitMainTime":"0","totalOnTrack":"00:07:26","midLap":"43.919","pilots":[{"onTrack":"00:00:00","name":""}],"bestLapOnSegment":"43.647"},{"pilotName":"Павлушко","lag":"14.92","timeFromLassPassing":"39165","endLap":false,"position":"14","lastPitTime":"00:00:00","transponderId":"9739691","teamName":"","lastLap":"43.67","lastLapSec":"44","bestLap":"43.65","segments":[{"pilotName":"","finishTime":"00:00:00","pilotId":"1","totalPilotTime":"00:07:26","neLength":"00:07:26","kart":"0","pitTime":""}],"lapCount":"9","lastLapS2":"29.87","lastLapS1":"13.76","secondsFromPit":"746","isOnPit":false,"isRaketa":false,"number":"1","pitstops":"0","kart":"0","lastPitMainTime":"0","totalOnTrack":"00:07:26","midLap":"44.150","pilots":[{"onTrack":"00:00:00","name":""}],"bestLapOnSegment":"43.658"},{"pilotName":"Соляніков","lag":"10.91","timeFromLassPassing":"28237","endLap":false,"position":"15","lastPitTime":"00:00:00","transponderId":"8431733","teamName":"","lastLap":"43.71","lastLapSec":"44","bestLap":"43.71","segments":[{"pilotName":"","finishTime":"00:00:00","pilotId":"1","totalPilotTime":"00:07:26","neLength":"00:07:26","kart":"0","pitTime":"27.212"}],"lapCount":"9","lastLapS2":"29.91","lastLapS1":"13.93","secondsFromPit":"746","isOnPit":false,"isRaketa":false,"number":"4","pitstops":"0","kart":"0","lastPitMainTime":"0","totalOnTrack":"00:07:26","midLap":"44.839","pilots":[{"onTrack":"00:00:00","name":""}],"bestLapOnSegment":"43.711"},{"pilotName":"Слащов","lag":"13.61","timeFromLassPassing":"41899","endLap":false,"position":"16","lastPitTime":"00:00:00","transponderId":"5885393","teamName":"","lastLap":"43.94","lastLapSec":"44","bestLap":"43.86","segments":[{"pilotName":"","finishTime":"00:00:00","pilotId":"1","totalPilotTime":"00:07:26","neLength":"00:07:26","kart":"0","pitTime":""}],"lapCount":"9","lastLapS2":"30.12","lastLapS1":"13.85","secondsFromPit":"746","isOnPit":false,"isRaketa":false,"number":"3","pitstops":"0","kart":"0","lastPitMainTime":"0","totalOnTrack":"00:07:26","midLap":"44.164","pilots":[{"onTrack":"00:00:00","name":""}],"bestLapOnSegment":"43.861"},{"pilotName":"Єлманов","lag":"10.24","timeFromLassPassing":"31627","endLap":false,"position":"17","lastPitTime":"00:00:00","transponderId":"8433860","teamName":"","lastLap":"43.92","lastLapSec":"44","bestLap":"43.92","segments":[{"pilotName":"","finishTime":"00:00:00","pilotId":"1","totalPilotTime":"00:07:26","neLength":"00:07:26","kart":"0","pitTime":"29.047"}],"lapCount":"9","lastLapS2":"29.97","lastLapS1":"13.90","secondsFromPit":"746","isOnPit":false,"isRaketa":false,"number":"10","pitstops":"0","kart":"0","lastPitMainTime":"0","totalOnTrack":"00:07:26","midLap":"45.022","pilots":[{"onTrack":"00:00:00","name":""}],"bestLapOnSegment":"43.920"},{"pilotName":"Дорош","lag":"02.36","timeFromLassPassing":"29330","endLap":false,"position":"18","lastPitTime":"00:00:00","transponderId":"5034562","teamName":"","lastLap":"45.00","lastLapSec":"45","bestLap":"44.39","segments":[{"pilotName":"","finishTime":"00:00:00","pilotId":"1","totalPilotTime":"00:07:26","neLength":"00:07:26","kart":"0","pitTime":""}],"lapCount":"9","lastLapS2":"31.17","lastLapS1":"13.93","secondsFromPit":"746","isOnPit":false,"isRaketa":false,"number":"44","pitstops":"0","kart":"0","lastPitMainTime":"0","totalOnTrack":"00:07:26","midLap":"45.509","pilots":[{"onTrack":"00:00:00","name":""}],"bestLapOnSegment":"44.393"}],"thirdPlaceLag":"03.400","firstPlaceName":"Ференс","bestLapRace":"42.554","teams2":{"1":{"pilotName":"Павлушко","lag":"14.92","timeFromLassPassing":"39165","endLap":false,"position":"14","lastPitTime":"00:00:00","transponderId":"9739691","teamName":"","lastLap":"43.67","lastLapSec":"44","bestLap":"43.65","segments":[{"pilotName":"","finishTime":"00:00:00","pilotId":"1","totalPilotTime":"00:07:26","neLength":"00:07:26","kart":"0","pitTime":""}],"lapCount":"9","lastLapS2":"29.87","lastLapS1":"13.76","secondsFromPit":"746","isOnPit":false,"isRaketa":false,"number":"1","pitstops":"0","kart":"0","lastPitMainTime":"0","totalOnTrack":"00:07:26","midLap":"44.150","pilots":[{"onTrack":"00:00:00","name":""}],"bestLapOnSegment":"43.658"},"3":{"pilotName":"Слащов","lag":"13.61","timeFromLassPassing":"41899","endLap":false,"position":"16","lastPitTime":"00:00:00","transponderId":"5885393","teamName":"","lastLap":"43.94","lastLapSec":"44","bestLap":"43.86","segments":[{"pilotName":"","finishTime":"00:00:00","pilotId":"1","totalPilotTime":"00:07:26","neLength":"00:07:26","kart":"0","pitTime":""}],"lapCount":"9","lastLapS2":"30.12","lastLapS1":"13.85","secondsFromPit":"746","isOnPit":false,"isRaketa":false,"number":"3","pitstops":"0","kart":"0","lastPitMainTime":"0","totalOnTrack":"00:07:26","midLap":"44.164","pilots":[{"onTrack":"00:00:00","name":""}],"bestLapOnSegment":"43.861"},"4":{"pilotName":"Соляніков","lag":"10.91","timeFromLassPassing":"28237","endLap":false,"position":"15","lastPitTime":"00:00:00","transponderId":"8431733","teamName":"","lastLap":"43.71","lastLapSec":"44","bestLap":"43.71","segments":[{"pilotName":"","finishTime":"00:00:00","pilotId":"1","totalPilotTime":"00:07:26","neLength":"00:07:26","kart":"0","pitTime":"27.212"}],"lapCount":"9","lastLapS2":"29.91","lastLapS1":"13.93","secondsFromPit":"746","isOnPit":false,"isRaketa":false,"number":"4","pitstops":"0","kart":"0","lastPitMainTime":"0","totalOnTrack":"00:07:26","midLap":"44.839","pilots":[{"onTrack":"00:00:00","name":""}],"bestLapOnSegment":"43.711"},"6":{"pilotName":"Ревчук Леша","lag":"25.38","timeFromLassPassing":"27362","endLap":false,"position":"10","lastPitTime":"00:00:00","transponderId":"9661676","teamName":"","lastLap":"43.35","lastLapSec":"43","bestLap":"43.35","segments":[{"pilotName":"","finishTime":"00:00:00","pilotId":"1","totalPilotTime":"00:07:26","neLength":"00:07:26","kart":"0","pitTime":"19.633"}],"lapCount":"9","lastLapS2":"29.76","lastLapS1":"13.68","secondsFromPit":"746","isOnPit":false,"isRaketa":false,"number":"6","pitstops":"0","kart":"0","lastPitMainTime":"0","totalOnTrack":"00:07:26","midLap":"45.882","pilots":[{"onTrack":"00:00:00","name":""}],"bestLapOnSegment":"43.354"},"7":{"pilotName":"Діо","lag":"0.53","timeFromLassPassing":"6358","endLap":false,"position":"4","lastPitTime":"00:00:00","transponderId":"9614994","teamName":"","lastLap":"43.52","lastLapSec":"44","bestLap":"43.08","segments":[{"pilotName":"","finishTime":"00:00:00","pilotId":"1","totalPilotTime":"00:07:26","neLength":"00:07:26","kart":"0","pitTime":""}],"lapCount":"10","lastLapS2":"29.98","lastLapS1":"13.54","secondsFromPit":"746","isOnPit":false,"isRaketa":false,"number":"7","pitstops":"0","kart":"0","lastPitMainTime":"0","totalOnTrack":"00:07:26","midLap":"43.390","pilots":[{"onTrack":"00:00:00","name":""}],"bestLapOnSegment":"43.082"},"9":{"pilotName":"Маніло","lag":"03.40","timeFromLassPassing":"5811","endLap":false,"position":"3","lastPitTime":"00:00:00","transponderId":"2807865","teamName":"","lastLap":"43.02","lastLapSec":"43","bestLap":"43.02","segments":[{"pilotName":"","finishTime":"00:00:00","pilotId":"1","totalPilotTime":"00:07:26","neLength":"00:07:26","kart":"0","pitTime":""}],"lapCount":"10","lastLapS2":"29.40","lastLapS1":"13.62","secondsFromPit":"746","isOnPit":false,"isRaketa":false,"number":"9","pitstops":"0","kart":"0","lastPitMainTime":"0","totalOnTrack":"00:07:26","midLap":"43.389","pilots":[{"onTrack":"00:00:00","name":""}],"bestLapOnSegment":"43.026"},"10":{"pilotName":"Єлманов","lag":"10.24","timeFromLassPassing":"31627","endLap":false,"position":"17","lastPitTime":"00:00:00","transponderId":"8433860","teamName":"","lastLap":"43.92","lastLapSec":"44","bestLap":"43.92","segments":[{"pilotName":"","finishTime":"00:00:00","pilotId":"1","totalPilotTime":"00:07:26","neLength":"00:07:26","kart":"0","pitTime":"29.047"}],"lapCount":"9","lastLapS2":"29.97","lastLapS1":"13.90","secondsFromPit":"746","isOnPit":false,"isRaketa":false,"number":"10","pitstops":"0","kart":"0","lastPitMainTime":"0","totalOnTrack":"00:07:26","midLap":"45.022","pilots":[{"onTrack":"00:00:00","name":""}],"bestLapOnSegment":"43.920"},"11":{"pilotName":"Карт 11","lag":"3L+28.68","timeFromLassPassing":"11825","endLap":false,"position":"6","lastPitTime":"00:03:32","transponderId":"2758575","teamName":"","lastLap":"43.20","lastLapSec":"43","bestLap":"43.20","segments":[{"pilotName":"","finishTime":"00:00:00","pilotId":"10","totalPilotTime":"00:03:54","neLength":"00:03:54","kart":"0","pitTime":""},{"pilotName":"","finishTime":"00:03:32","pilotId":"1","totalPilotTime":"00:03:32","neLength":"00:03:32","kart":"0","pitTime":"02:29.601"}],"lapCount":"6","lastLapS2":"29.52","lastLapS1":"13.67","secondsFromPit":"85","isOnPit":false,"isRaketa":false,"number":"11","pitstops":"1","kart":"0","lastPitMainTime":"02:29.601","totalOnTrack":"00:03:54","midLap":"43.484","pilots":[{"onTrack":"00:03:32","name":""}],"bestLapOnSegment":"43.202"},"12":{"pilotName":"Ференс","lag":"0","timeFromLassPassing":"3296","endLap":false,"position":"1","lastPitTime":"00:00:00","transponderId":"5957013","teamName":"","lastLap":"42.57","lastLapSec":"43","bestLap":"42.55","segments":[{"pilotName":"","finishTime":"00:00:00","pilotId":"1","totalPilotTime":"00:07:26","neLength":"00:07:26","kart":"0","pitTime":""}],"lapCount":"10","lastLapS2":"29.22","lastLapS1":"13.35","secondsFromPit":"746","isOnPit":false,"isRaketa":true,"number":"12","pitstops":"0","kart":"0","lastPitMainTime":"0","totalOnTrack":"00:07:26","midLap":"43.012","pilots":[{"onTrack":"00:00:00","name":""}],"bestLapOnSegment":"42.554"},"13":{"pilotName":"Резанко","lag":"05.84","timeFromLassPassing":"9201","endLap":false,"position":"2","lastPitTime":"00:00:00","transponderId":"8441658","teamName":"","lastLap":"43.17","lastLapSec":"43","bestLap":"42.93","segments":[{"pilotName":"","finishTime":"00:00:00","pilotId":"1","totalPilotTime":"00:07:26","neLength":"00:07:26","kart":"0","pitTime":""}],"lapCount":"10","lastLapS2":"29.39","lastLapS1":"13.78","secondsFromPit":"746","isOnPit":false,"isRaketa":false,"number":"13","pitstops":"0","kart":"0","lastPitMainTime":"0","totalOnTrack":"00:07:26","midLap":"43.218","pilots":[{"onTrack":"00:00:00","name":""}],"bestLapOnSegment":"42.934"},"14":{"pilotName":"Лисенський Даня","lag":"20.34","timeFromLassPassing":"3952","endLap":false,"position":"11","lastPitTime":"00:00:00","transponderId":"2261324","teamName":"","lastLap":"43.79","lastLapSec":"44","bestLap":"43.47","segments":[{"pilotName":"","finishTime":"00:00:00","pilotId":"1","totalPilotTime":"00:07:26","neLength":"00:07:26","kart":"0","pitTime":""}],"lapCount":"10","lastLapS2":"30.05","lastLapS1":"13.74","secondsFromPit":"746","isOnPit":false,"isRaketa":false,"number":"14","pitstops":"0","kart":"0","lastPitMainTime":"0","totalOnTrack":"00:07:26","midLap":"44.262","pilots":[{"onTrack":"00:00:00","name":""}],"bestLapOnSegment":"43.473"},"16":{"pilotName":"Панічук","lag":"06.24","timeFromLassPassing":"41461","endLap":false,"position":"12","lastPitTime":"00:00:00","transponderId":"2740799","teamName":"","lastLap":"43.59","lastLapSec":"44","bestLap":"43.50","segments":[{"pilotName":"","finishTime":"00:00:00","pilotId":"1","totalPilotTime":"00:07:26","neLength":"00:07:26","kart":"0","pitTime":""}],"lapCount":"9","lastLapS2":"29.74","lastLapS1":"13.85","secondsFromPit":"746","isOnPit":false,"isRaketa":false,"number":"16","pitstops":"0","kart":"0","lastPitMainTime":"0","totalOnTrack":"00:07:26","midLap":"44.495","pilots":[{"onTrack":"00:00:00","name":""}],"bestLapOnSegment":"43.506"},"17":{"pilotName":"Ревчук Саша","lag":"14.37","timeFromLassPassing":"8217","endLap":false,"position":"9","lastPitTime":"00:00:00","transponderId":"4078493","teamName":"","lastLap":"44.66","lastLapSec":"45","bestLap":"43.34","segments":[{"pilotName":"","finishTime":"00:00:00","pilotId":"1","totalPilotTime":"00:07:26","neLength":"00:07:26","kart":"0","pitTime":""}],"lapCount":"10","lastLapS2":"30.91","lastLapS1":"13.74","secondsFromPit":"746","isOnPit":false,"isRaketa":false,"number":"17","pitstops":"0","kart":"0","lastPitMainTime":"0","totalOnTrack":"00:07:26","midLap":"43.747","pilots":[{"onTrack":"00:00:00","name":""}],"bestLapOnSegment":"43.343"},"18":{"pilotName":"Гуцуляк","lag":"04.38","timeFromLassPassing":"38400","endLap":false,"position":"8","lastPitTime":"00:00:00","transponderId":"4642517","teamName":"","lastLap":"43.45","lastLapSec":"43","bestLap":"43.33","segments":[{"pilotName":"","finishTime":"00:00:00","pilotId":"1","totalPilotTime":"00:07:26","neLength":"00:07:26","kart":"0","pitTime":""}],"lapCount":"9","lastLapS2":"29.53","lastLapS1":"13.74","secondsFromPit":"746","isOnPit":false,"isRaketa":false,"number":"18","pitstops":"0","kart":"0","lastPitMainTime":"0","totalOnTrack":"00:07:26","midLap":"43.758","pilots":[{"onTrack":"00:00:00","name":""}],"bestLapOnSegment":"43.338"},"21":{"pilotName":"Ждан-Пушкін","lag":"09.48","timeFromLassPassing":"40368","endLap":false,"position":"5","lastPitTime":"00:00:00","transponderId":"4684020","teamName":"","lastLap":"44.05","lastLapSec":"44","bestLap":"43.16","segments":[{"pilotName":"","finishTime":"00:00:00","pilotId":"1","totalPilotTime":"00:07:26","neLength":"00:07:26","kart":"0","pitTime":""}],"lapCount":"9","lastLapS2":"30.42","lastLapS1":"13.67","secondsFromPit":"746","isOnPit":false,"isRaketa":false,"number":"21","pitstops":"0","kart":"0","lastPitMainTime":"0","totalOnTrack":"00:07:26","midLap":"43.798","pilots":[{"onTrack":"00:00:00","name":""}],"bestLapOnSegment":"43.166"},"33":{"pilotName":"Пивоварчук","lag":"3L+22.38","timeFromLassPassing":"34032","endLap":false,"position":"7","lastPitTime":"00:00:00","transponderId":"4688335","teamName":"","lastLap":"43.26","lastLapSec":"43","bestLap":"43.26","segments":[{"pilotName":"","finishTime":"00:00:00","pilotId":"1","totalPilotTime":"00:07:26","neLength":"00:07:26","kart":"0","pitTime":""}],"lapCount":"9","lastLapS2":"29.65","lastLapS1":"13.88","secondsFromPit":"746","isOnPit":false,"isRaketa":false,"number":"33","pitstops":"0","kart":"0","lastPitMainTime":"0","totalOnTrack":"00:07:26","midLap":"43.642","pilots":[{"onTrack":"00:00:00","name":""}],"bestLapOnSegment":"43.267"},"44":{"pilotName":"Дорош","lag":"02.36","timeFromLassPassing":"29330","endLap":false,"position":"18","lastPitTime":"00:00:00","transponderId":"5034562","teamName":"","lastLap":"45.00","lastLapSec":"45","bestLap":"44.39","segments":[{"pilotName":"","finishTime":"00:00:00","pilotId":"1","totalPilotTime":"00:07:26","neLength":"00:07:26","kart":"0","pitTime":""}],"lapCount":"9","lastLapS2":"31.17","lastLapS1":"13.93","secondsFromPit":"746","isOnPit":false,"isRaketa":false,"number":"44","pitstops":"0","kart":"0","lastPitMainTime":"0","totalOnTrack":"00:07:26","midLap":"45.509","pilots":[{"onTrack":"00:00:00","name":""}],"bestLapOnSegment":"44.393"},"69":{"pilotName":"Пашковський","lag":"17.24","timeFromLassPassing":"24302","endLap":false,"position":"13","lastPitTime":"00:00:00","transponderId":"6191269","teamName":"","lastLap":"43.73","lastLapSec":"44","bestLap":"43.64","segments":[{"pilotName":"","finishTime":"00:00:00","pilotId":"1","totalPilotTime":"00:07:26","neLength":"00:07:26","kart":"0","pitTime":""}],"lapCount":"9","lastLapS2":"29.87","lastLapS1":"13.95","secondsFromPit":"746","isOnPit":false,"isRaketa":false,"number":"69","pitstops":"0","kart":"0","lastPitMainTime":"0","totalOnTrack":"00:07:26","midLap":"43.919","pilots":[{"onTrack":"00:00:00","name":""}],"bestLapOnSegment":"43.647"}},"compTeamNameFirst":"Команда1","compDiffS2":"-0.0","compDiffS1":"+0.0"},"onBoard":{"karts_on_track":[],"position":"10","timeDiff":"-0.017","firstpos_lag":"-1 laps","lastLap":"43.675","onTrack":"07:26.590","position_by_time":"14","sector_2_time":"29.87","karts_on_pit":[],"second_pos_time":"42.934","second_pos_name":"Резанко","sector_2_lag":"-0.655","timeLag":"-01.096","sector_1_lag":"-0.474","lapCount":"9","third_pos_time":"43.026","third_pos_name":"Маніло","sector_1_time":"13.76","totalOnTrack":"00:07:26","prevpos_lag":"+10.917","nextpos_lag":"-","bestLapOnSegment":"43.658","first_pos_time":"42.554","first_pos_name":"Ференс"}}