{"onTablo":{"compTeamSecondS2":"0.0","compTeamSecondS1":"0.0","secondPlaceLag":"","teamsByTimestamp":[9,5,44,7,12,13,18,16,17,1,14,3,21,6,15,10,69,8],"bestLapRaceNameTeam":"","finish":true,"compTeamFirstLastLap":"0.0","raceStartedButtonTimestamp":1660943033,"bestLapRaceNumberTeam":"","raceFinishedTimestamp":1660942802,"compDiff":"-0.0","bestLapRaceNamePilot":"","compTeamSecondLastLap":"0.0","secondPlaceName":"Ференс","karts":[1,2,3,4,5,6,7,8,9,10,11,12,13,14,15,16,17,18,19,20,21,22,33,44,69],"compTeamFirstS2":"0.0","compTeamFirstS1":"0.0","compTeamNameSecond":"Команда2","totalRaceTime":"00:05:08","thirdPlaceName":"Карт 8","secondPlaceNumber":"5","isRace":false,"firstPlaceNumber":"9","thirdPlaceNumber":"8","bestS2Race":"29.329","firstPlaceLag":"","bestS1Race":"13.435","compLag":"0.0","teams":[{"pilotName":"Маніло","lag":"0","timeFromLassPassing":"6745","endLap":false,"position":"1","lastPitTime":"00:00:00","transponderId":"2807865","teamName":"","lastLap":"43.22","lastLapSec":"43","bestLap":"42.94","segments":[{"pilotName":"","finishTime":"00:00:00","pilotId":"1","totalPilotTime":"00:05:08","neLength":"00:05:08","kart":"0","pitTime":""}],"lapCount":"7","lastLapS2":"29.50","lastLapS1":"13.71","secondsFromPit":"346","isOnPit":false,"isRaketa":false,"number":"9","pitstops":"0","kart":"0","lastPitMainTime":"0","totalOnTrack":"00:05:08","midLap":"43.127","pilots":[{"onTrack":"00:00:00","name":""}],"bestLapOnSegment":"42.947"},{"pilotName":"Ференс","lag":"21.10","timeFromLassPassing":"28876","endLap":false,"position":"2","lastPitTime":"00:00:00","transponderId":"8584138","teamName":"","lastLap":"43.57","lastLapSec":"44","bestLap":"43.02","segments":[{"pilotName":"","finishTime":"00:00:00","pilotId":"1","totalPilotTime":"00:05:08","neLength":"00:05:08","kart":"0","pitTime":""}],"lapCount":"6","lastLapS2":"30.07","lastLapS1":"13.47","secondsFromPit":"346","isOnPit":false,"isRaketa":false,"number":"5","pitstops":"0","kart":"0","lastPitMainTime":"0","totalOnTrack":"00:05:08","midLap":"43.289","pilots":[{"onTrack":"00:00:00","name":""}],"bestLapOnSegment":"43.022"},{"pilotName":"Карт 8","lag":"1L+","timeFromLassPassing":"104913","endLap":false,"position":"3","lastPitTime":"00:03:29","transponderId":"5901907","teamName":"","lastLap":"43.04","lastLapSec":"43","bestLap":"43.04","segments":[{"pilotName":"","finishTime":"00:00:00","pilotId":"10","totalPilotTime":"00:01:39","neLength":"00:01:39","kart":"0","pitTime":""},{"pilotName":"","finishTime":"00:03:29","pilotId":"1","totalPilotTime":"00:03:29","neLength":"00:03:29","kart":"0","pitTime":""}],"lapCount":"4","lastLapS2":"29.51","lastLapS1":"13.52","secondsFromPit":"346","isOnPit":true,"isRaketa":true,"number":"8","pitstops":"1","kart":"0","lastPitMainTime":"","totalOnTrack":"00:01:39","midLap":"43.241","pilots":[{"onTrack":"00:03:29","name":""}],"bestLapOnSegment":""},{"pilotName":"Ревчук Саша","lag":"2L+","timeFromLassPassing":"4116","endLap":false,"position":"4","lastPitTime":"00:00:00","transponderId":"5034562","teamName":"","lastLap":"43.28","lastLapSec":"43","bestLap":"43.07","segments":[{"pilotName":"","finishTime":"00:00:00","pilotId":"1","totalPilotTime":"00:05:08","neLength":"00:05:08","kart":"0","pitTime":""}],"lapCount":"7","lastLapS2":"29.73","lastLapS1":"13.55","secondsFromPit":"346","isOnPit":false,"isRaketa":false,"number":"44","pitstops":"0","kart":"0","lastPitMainTime":"0","totalOnTrack":"00:05:08","midLap":"43.348","pilots":[{"onTrack":"00:00:00","name":""}],"bestLapOnSegment":"43.076"},{"pilotName":"Ждан-Пушкін","lag":"02.47","timeFromLassPassing":"1614","endLap":false,"position":"5","lastPitTime":"00:00:00","transponderId":"9614994","teamName":"","lastLap":"43.29","lastLapSec":"43","bestLap":"43.08","segments":[{"pilotName":"","finishTime":"00:00:00","pilotId":"1","totalPilotTime":"00:05:08","neLength":"00:05:08","kart":"0","pitTime":""}],"lapCount":"7","lastLapS2":"29.65","lastLapS1":"13.64","secondsFromPit":"346","isOnPit":false,"isRaketa":false,"number":"7","pitstops":"0","kart":"0","lastPitMainTime":"0","totalOnTrack":"00:05:08","midLap":"43.569","pilots":[{"onTrack":"00:00:00","name":""}],"bestLapOnSegment":"43.082"},{"pilotName":"Соляніков","lag":"03.05","timeFromLassPassing":"41820","endLap":false,"position":"6","lastPitTime":"00:00:00","transponderId":"5957013","teamName":"","lastLap":"43.10","lastLapSec":"43","bestLap":"43.10","segments":[{"pilotName":"","finishTime":"00:00:00","pilotId":"1","totalPilotTime":"00:05:08","neLength":"00:05:08","kart":"0","pitTime":""}],"lapCount":"6","lastLapS2":"29.66","lastLapS1":"13.47","secondsFromPit":"346","isOnPit":false,"isRaketa":false,"number":"12","pitstops":"0","kart":"0","lastPitMainTime":"0","totalOnTrack":"00:05:08","midLap":"43.688","pilots":[{"onTrack":"00:00:00","name":""}],"bestLapOnSegment":"43.102"},{"pilotName":"Діо","lag":"16.78","timeFromLassPassing":"25051","endLap":false,"position":"7","lastPitTime":"00:00:00","transponderId":"8441658","teamName":"","lastLap":"43.20","lastLapSec":"43","bestLap":"43.17","segments":[{"pilotName":"","finishTime":"00:00:00","pilotId":"1","totalPilotTime":"00:05:08","neLength":"00:05:08","kart":"0","pitTime":""}],"lapCount":"6","lastLapS2":"29.49","lastLapS1":"13.76","secondsFromPit":"346","isOnPit":false,"isRaketa":false,"number":"13","pitstops":"0","kart":"0","lastPitMainTime":"0","totalOnTrack":"00:05:08","midLap":"43.635","pilots":[{"onTrack":"00:00:00","name":""}],"bestLapOnSegment":"43.175"},{"pilotName":"Лисенський Даня","lag":"0.52","timeFromLassPassing":"24491","endLap":false,"position":"8","lastPitTime":"00:00:00","transponderId":"4642517","teamName":"","lastLap":"43.30","lastLapSec":"43","bestLap":"43.30","segments":[{"pilotName":"","finishTime":"00:00:00","pilotId":"1","totalPilotTime":"00:05:08","neLength":"00:05:08","kart":"0","pitTime":""}],"lapCount":"6","lastLapS2":"29.69","lastLapS1":"13.58","secondsFromPit":"346","isOnPit":false,"isRaketa":false,"number":"18","pitstops":"0","kart":"0","lastPitMainTime":"0","totalOnTrack":"00:05:08","midLap":"43.482","pilots":[{"onTrack":"00:00:00","name":""}],"bestLapOnSegment":"43.304"},{"pilotName":"Ревчук Леша","lag":"14.85","timeFromLassPassing":"39405","endLap":false,"position":"9","lastPitTime":"00:00:00","transponderId":"2740799","teamName":"","lastLap":"44.41","lastLapSec":"44","bestLap":"43.39","segments":[{"pilotName":"","finishTime":"00:00:00","pilotId":"1","totalPilotTime":"00:05:08","neLength":"00:05:08","kart":"0","pitTime":""}],"lapCount":"6","lastLapS2":"30.79","lastLapS1":"13.73","secondsFromPit":"346","isOnPit":false,"isRaketa":false,"number":"16","pitstops":"0","kart":"0","lastPitMainTime":"0","totalOnTrack":"00:05:08","midLap":"44.346","pilots":[{"onTrack":"00:00:00","name":""}],"bestLapOnSegment":"43.395"},{"pilotName":"Стасюк","lag":"02.62","timeFromLassPassing":"36787","endLap":false,"position":"10","lastPitTime":"00:00:00","transponderId":"4078493","teamName":"","lastLap":"44.25","lastLapSec":"44","bestLap":"43.57","segments":[{"pilotName":"","finishTime":"00:00:00","pilotId":"1","totalPilotTime":"00:05:08","neLength":"00:05:08","kart":"0","pitTime":""}],"lapCount":"6","lastLapS2":"30.47","lastLapS1":"13.81","secondsFromPit":"346","isOnPit":false,"isRaketa":false,"number":"17","pitstops":"0","kart":"0","lastPitMainTime":"0","totalOnTrack":"00:05:08","midLap":"44.158","pilots":[{"onTrack":"00:00:00","name":""}],"bestLapOnSegment":"43.572"},{"pilotName":"Сєдінін","lag":"15.12","timeFromLassPassing":"21624","endLap":false,"position":"11","lastPitTime":"00:00:00","transponderId":"9739691","teamName":"","lastLap":"44.59","lastLapSec":"45","bestLap":"43.83","segments":[{"pilotName":"","finishTime":"00:00:00","pilotId":"1","totalPilotTime":"00:05:08","neLength":"00:05:08","kart":"0","pitTime":""}],"lapCount":"6","lastLapS2":"30.46","lastLapS1":"14.01","secondsFromPit":"346","isOnPit":false,"isRaketa":false,"number":"1","pitstops":"0","kart":"0","lastPitMainTime":"0","totalOnTrack":"00:05:08","midLap":"45.404","pilots":[{"onTrack":"00:00:00","name":""}],"bestLapOnSegment":"43.830"},{"pilotName":"Єлманов","lag":"01.45","timeFromLassPassing":"20208","endLap":false,"position":"12","lastPitTime":"00:00:00","transponderId":"2261324","teamName":"","lastLap":"44.00","lastLapSec":"44","bestLap":"43.84","segments":[{"pilotName":"","finishTime":"00:00:00","pilotId":"1","totalPilotTime":"00:05:08","neLength":"00:05:08","kart":"0","pitTime":""}],"lapCount":"6","lastLapS2":"30.13","lastLapS1":"13.77","secondsFromPit":"346","isOnPit":false,"isRaketa":false,"number":"14","pitstops":"0","kart":"0","lastPitMainTime":"0","totalOnTrack":"00:05:08","midLap":"44.056","pilots":[{"onTrack":"00:00:00","name":""}],"bestLapOnSegment":"43.842"},{"pilotName":"Гуцуляк","lag":"14.76","timeFromLassPassing":"34920","endLap":false,"position":"13","lastPitTime":"00:00:00","transponderId":"5885393","teamName":"","lastLap":"44.10","lastLapSec":"44","bestLap":"43.95","segments":[{"pilotName":"","finishTime":"00:00:00","pilotId":"1","totalPilotTime":"00:05:08","neLength":"00:05:08","kart":"0","pitTime":""}],"lapCount":"6","lastLapS2":"30.19","lastLapS1":"13.84","secondsFromPit":"346","isOnPit":false,"isRaketa":false,"number":"3","pitstops":"0","kart":"0","lastPitMainTime":"0","totalOnTrack":"00:05:08","midLap":"44.148","pilots":[{"onTrack":"00:00:00","name":""}],"bestLapOnSegment":"43.952"},{"pilotName":"Голоцван","lag":"21.17","timeFromLassPassing":"13761","endLap":false,"position":"14","lastPitTime":"00:00:00","transponderId":"4684020","teamName":"","lastLap":"43.98","lastLapSec":"44","bestLap":"43.98","segments":[{"pilotName":"","finishTime":"00:00:00","pilotId":"1","totalPilotTime":"00:05:08","neLength":"00:05:08","kart":"0","pitTime":""}],"lapCount":"6","lastLapS2":"30.34","lastLapS1":"13.79","secondsFromPit":"346","isOnPit":false,"isRaketa":false,"number":"21","pitstops":"0","kart":"0","lastPitMainTime":"0","totalOnTrack":"00:05:08","midLap":"47.168","pilots":[{"onTrack":"00:00:00","name":""}],"bestLapOnSegment":"43.981"},{"pilotName":"Павлушко","lag":"25.84","timeFromLassPassing":"39625","endLap":false,"position":"15","lastPitTime":"00:00:00","transponderId":"9661676","teamName":"","lastLap":"44.76","lastLapSec":"45","bestLap":"44.10","segments":[{"pilotName":"","finishTime":"00:00:00","pilotId":"1","totalPilotTime":"00:05:08","neLength":"00:05:08","kart":"0","pitTime":"19.633"}],"lapCount":"6","lastLapS2":"30.95","lastLapS1":"14.27","secondsFromPit":"346","isOnPit":false,"isRaketa":false,"number":"6","pitstops":"0","kart":"0","lastPitMainTime":"0","totalOnTrack":"00:05:08","midLap":"44.462","pilots":[{"onTrack":"00:00:00","name":""}],"bestLapOnSegment":"44.106"},{"pilotName":"Слащов","lag":"11.33","timeFromLassPassing":"28330","endLap":false,"position":"16","lastPitTime":"00:00:00","transponderId":"2744699","teamName":"","lastLap":"45.29","lastLapSec":"45","bestLap":"44.56","segments":[{"pilotName":"","finishTime":"00:00:00","pilotId":"1","totalPilotTime":"00:05:08","neLength":"00:05:08","kart":"0","pitTime":""}],"lapCount":"6","lastLapS2":"31.21","lastLapS1":"14.19","secondsFromPit":"346","isOnPit":false,"isRaketa":false,"number":"15","pitstops":"0","kart":"0","lastPitMainTime":"0","totalOnTrack":"00:05:08","midLap":"45.050","pilots":[{"onTrack":"00:00:00","name":""}],"bestLapOnSegment":"44.566"},{"pilotName":"Дорош","lag":"13.72","timeFromLassPassing":"14514","endLap":false,"position":"17","lastPitTime":"00:00:00","transponderId":"8433860","teamName":"","lastLap":"45.56","lastLapSec":"46","bestLap":"45.56","segments":[{"pilotName":"","finishTime":"00:00:00","pilotId":"1","totalPilotTime":"00:05:08","neLength":"00:05:08","kart":"0","pitTime":"29.047"}],"lapCount":"6","lastLapS2":"31.47","lastLapS1":"13.93","secondsFromPit":"346","isOnPit":false,"isRaketa":false,"number":"10","pitstops":"0","kart":"0","lastPitMainTime":"0","totalOnTrack":"00:05:08","midLap":"48.340","pilots":[{"onTrack":"00:00:00","name":""}],"bestLapOnSegment":"45.569"},{"pilotName":"Карт 69","lag":"6L+06.14","timeFromLassPassing":"8390","endLap":false,"position":"18","lastPitTime":"00:00:00","transponderId":"6191269","teamName":"","lastLap":"","lastLapSec":"0","bestLap":"","segments":[{"pilotName":"","finishTime":"00:00:00","pilotId":"1","totalPilotTime":"00:05:08","neLength":"00:05:08","kart":"0","pitTime":""}],"lapCount":"0","lastLapS2":"","lastLapS1":"","secondsFromPit":"346","isOnPit":false,"isRaketa":false,"number":"69","pitstops":"0","kart":"0","lastPitMainTime":"0","totalOnTrack":"00:05:08","midLap":"0","pilots":[{"onTrack":"00:00:00","name":""}],"bestLapOnSegment":""}],"thirdPlaceLag":"","firstPlaceName":"Маніло","bestLapRace":"42.947","teams2":{"1":{"pilotName":"Сєдінін","lag":"15.12","timeFromLassPassing":"21624","endLap":false,"position":"11","lastPitTime":"00:00:00","transponderId":"9739691","teamName":"","lastLap":"44.59","lastLapSec":"45","bestLap":"43.83","segments":[{"pilotName":"","finishTime":"00:00:00","pilotId":"1","totalPilotTime":"00:05:08","neLength":"00:05:08","kart":"0","pitTime":""}],"lapCount":"6","lastLapS2":"30.46","lastLapS1":"14.01","secondsFromPit":"346","isOnPit":false,"isRaketa":false,"number":"1","pitstops":"0","kart":"0","lastPitMainTime":"0","totalOnTrack":"00:05:08","midLap":"45.404","pilots":[{"onTrack":"00:00:00","name":""}],"bestLapOnSegment":"43.830"},"3":{"pilotName":"Гуцуляк","lag":"14.76","timeFromLassPassing":"34920","endLap":false,"position":"13","lastPitTime":"00:00:00","transponderId":"5885393","teamName":"","lastLap":"44.10","lastLapSec":"44","bestLap":"43.95","segments":[{"pilotName":"","finishTime":"00:00:00","pilotId":"1","totalPilotTime":"00:05:08","neLength":"00:05:08","kart":"0","pitTime":""}],"lapCount":"6","lastLapS2":"30.19","lastLapS1":"13.84","secondsFromPit":"346","isOnPit":false,"isRaketa":false,"number":"3","pitstops":"0","kart":"0","lastPitMainTime":"0","totalOnTrack":"00:05:08","midLap":"44.148","pilots":[{"onTrack":"00:00:00","name":""}],"bestLapOnSegment":"43.952"},"5":{"pilotName":"Ференс","lag":"21.10","timeFromLassPassing":"28876","endLap":false,"position":"2","lastPitTime":"00:00:00","transponderId":"8584138","teamName":"","lastLap":"43.57","lastLapSec":"44","bestLap":"43.02","segments":[{"pilotName":"","finishTime":"00:00:00","pilotId":"1","totalPilotTime":"00:05:08","neLength":"00:05:08","kart":"0","pitTime":""}],"lapCount":"6","lastLapS2":"30.07","lastLapS1":"13.47","secondsFromPit":"346","isOnPit":false,"isRaketa":false,"number":"5","pitstops":"0","kart":"0","lastPitMainTime":"0","totalOnTrack":"00:05:08","midLap":"43.289","pilots":[{"onTrack":"00:00:00","name":""}],"bestLapOnSegment":"43.022"},"6":{"pilotName":"Павлушко","lag":"25.84","timeFromLassPassing":"39625","endLap":false,"position":"15","lastPitTime":"00:00:00","transponderId":"9661676","teamName":"","lastLap":"44.76","lastLapSec":"45","bestLap":"44.10","segments":[{"pilotName":"","finishTime":"00:00:00","pilotId":"1","totalPilotTime":"00:05:08","neLength":"00:05:08","kart":"0","pitTime":"19.633"}],"lapCount":"6","lastLapS2":"30.95","lastLapS1":"14.27","secondsFromPit":"346","isOnPit":false,"isRaketa":false,"number":"6","pitstops":"0","kart":"0","lastPitMainTime":"0","totalOnTrack":"00:05:08","midLap":"44.462","pilots":[{"onTrack":"00:00:00","name":""}],"bestLapOnSegment":"44.106"},"7":{"pilotName":"Ждан-Пушкін","lag":"02.47","timeFromLassPassing":"1614","endLap":false,"position":"5","lastPitTime":"00:00:00","transponderId":"9614994","teamName":"","lastLap":"43.29","lastLapSec":"43","bestLap":"43.08","segments":[{"pilotName":"","finishTime":"00:00:00","pilotId":"1","totalPilotTime":"00:05:08","neLength":"00:05:08","kart":"0","pitTime":""}],"lapCount":"7","lastLapS2":"29.65","lastLapS1":"13.64","secondsFromPit":"346","isOnPit":false,"isRaketa":false,"number":"7","pitstops":"0","kart":"0","lastPitMainTime":"0","totalOnTrack":"00:05:08","midLap":"43.569","pilots":[{"onTrack":"00:00:00","name":""}],"bestLapOnSegment":"43.082"},"8":{"pilotName":"Карт 8","lag":"1L+","timeFromLassPassing":"104913","endLap":false,"position":"3","lastPitTime":"00:03:29","transponderId":"5901907","teamName":"","lastLap":"43.04","lastLapSec":"43","bestLap":"43.04","segments":[{"pilotName":"","finishTime":"00:00:00","pilotId":"10","totalPilotTime":"00:01:39","neLength":"00:01:39","kart":"0","pitTime":""},{"pilotName":"","finishTime":"00:03:29","pilotId":"1","totalPilotTime":"00:03:29","neLength":"00:03:29","kart":"0","pitTime":""}],"lapCount":"4","lastLapS2":"29.51","lastLapS1":"13.52","secondsFromPit":"346","isOnPit":true,"isRaketa":true,"number":"8","pitstops":"1","kart":"0","lastPitMainTime":"","totalOnTrack":"00:01:39","midLap":"43.241","pilots":[{"onTrack":"00:03:29","name":""}],"bestLapOnSegment":""},"9":{"pilotName":"Маніло","lag":"0","timeFromLassPassing":"6745","endLap":false,"position":"1","lastPitTime":"00:00:00","transponderId":"2807865","teamName":"","lastLap":"43.22","lastLapSec":"43","bestLap":"42.94","segments":[{"pilotName":"","finishTime":"00:00:00","pilotId":"1","totalPilotTime":"00:05:08","neLength":"00:05:08","kart":"0","pitTime":""}],"lapCount":"7","lastLapS2":"29.50","lastLapS1":"13.71","secondsFromPit":"346","isOnPit":false,"isRaketa":false,"number":"9","pitstops":"0","kart":"0","lastPitMainTime":"0","totalOnTrack":"00:05:08","midLap":"43.127","pilots":[{"onTrack":"00:00:00","name":""}],"bestLapOnSegment":"42.947"},"10":{"pilotName":"Дорош","lag":"13.72","timeFromLassPassing":"14514","endLap":false,"position":"17","lastPitTime":"00:00:00","transponderId":"8433860","teamName":"","lastLap":"45.56","lastLapSec":"46","bestLap":"45.56","segments":[{"pilotName":"","finishTime":"00:00:00","pilotId":"1","totalPilotTime":"00:05:08","neLength":"00:05:08","kart":"0","pitTime":"29.047"}],"lapCount":"6","lastLapS2":"31.47","lastLapS1":"13.93","secondsFromPit":"346","isOnPit":false,"isRaketa":false,"number":"10","pitstops":"0","kart":"0","lastPitMainTime":"0","totalOnTrack":"00:05:08","midLap":"48.340","pilots":[{"onTrack":"00:00:00","name":""}],"bestLapOnSegment":"45.569"},"12":{"pilotName":"Соляніков","lag":"03.05","timeFromLassPassing":"41820","endLap":false,"position":"6","lastPitTime":"00:00:00","transponderId":"5957013","teamName":"","lastLap":"43.10","lastLapSec":"43","bestLap":"43.10","segments":[{"pilotName":"","finishTime":"00:00:00","pilotId":"1","totalPilotTime":"00:05:08","neLength":"00:05:08","kart":"0","pitTime":""}],"lapCount":"6","lastLapS2":"29.66","lastLapS1":"13.47","secondsFromPit":"346","isOnPit":false,"isRaketa":false,"number":"12","pitstops":"0","kart":"0","lastPitMainTime":"0","totalOnTrack":"00:05:08","midLap":"43.688","pilots":[{"onTrack":"00:00:00","name":""}],"bestLapOnSegment":"43.102"},"13":{"pilotName":"Діо","lag":"16.78","timeFromLassPassing":"25051","endLap":false,"position":"7","lastPitTime":"00:00:00","transponderId":"8441658","teamName":"","lastLap":"43.20","lastLapSec":"43","bestLap":"43.17","segments":[{"pilotName":"","finishTime":"00:00:00","pilotId":"1","totalPilotTime":"00:05:08","neLength":"00:05:08","kart":"0","pitTime":""}],"lapCount":"6","lastLapS2":"29.49","lastLapS1":"13.76","secondsFromPit":"346","isOnPit":false,"isRaketa":false,"number":"13","pitstops":"0","kart":"0","lastPitMainTime":"0","totalOnTrack":"00:05:08","midLap":"43.635","pilots":[{"onTrack":"00:00:00","name":""}],"bestLapOnSegment":"43.175"},"14":{"pilotName":"Єлманов","lag":"01.45","timeFromLassPassing":"20208","endLap":false,"position":"12","lastPitTime":"00:00:00","transponderId":"2261324","teamName":"","lastLap":"44.00","lastLapSec":"44","bestLap":"43.84","segments":[{"pilotName":"","finishTime":"00:00:00","pilotId":"1","totalPilotTime":"00:05:08","neLength":"00:05:08","kart":"0","pitTime":""}],"lapCount":"6","lastLapS2":"30.13","lastLapS1":"13.77","secondsFromPit":"346","isOnPit":false,"isRaketa":false,"number":"14","pitstops":"0","kart":"0","lastPitMainTime":"0","totalOnTrack":"00:05:08","midLap":"44.056","pilots":[{"onTrack":"00:00:00","name":""}],"bestLapOnSegment":"43.842"},"15":{"pilotName":"Слащов","lag":"11.33","timeFromLassPassing":"28330","endLap":false,"position":"16","lastPitTime":"00:00:00","transponderId":"2744699","teamName":"","lastLap":"45.29","lastLapSec":"45","bestLap":"44.56","segments":[{"pilotName":"","finishTime":"00:00:00","pilotId":"1","totalPilotTime":"00:05:08","neLength":"00:05:08","kart":"0","pitTime":""}],"lapCount":"6","lastLapS2":"31.21","lastLapS1":"14.19","secondsFromPit":"346","isOnPit":false,"isRaketa":false,"number":"15","pitstops":"0","kart":"0","lastPitMainTime":"0","totalOnTrack":"00:05:08","midLap":"45.050","pilots":[{"onTrack":"00:00:00","name":""}],"bestLapOnSegment":"44.566"},"16":{"pilotName":"Ревчук Леша","lag":"14.85","timeFromLassPassing":"39405","endLap":false,"position":"9","lastPitTime":"00:00:00","transponderId":"2740799","teamName":"","lastLap":"44.41","lastLapSec":"44","bestLap":"43.39","segments":[{"pilotName":"","finishTime":"00:00:00","pilotId":"1","totalPilotTime":"00:05:08","neLength":"00:05:08","kart":"0","pitTime":""}],"lapCount":"6","lastLapS2":"30.79","lastLapS1":"13.73","secondsFromPit":"346","isOnPit":false,"isRaketa":false,"number":"16","pitstops":"0","kart":"0","lastPitMainTime":"0","totalOnTrack":"00:05:08","midLap":"44.346","pilots":[{"onTrack":"00:00:00","name":""}],"bestLapOnSegment":"43.395"},"17":{"pilotName":"Стасюк","lag":"02.62","timeFromLassPassing":"36787","endLap":false,"position":"10","lastPitTime":"00:00:00","transponderId":"4078493","teamName":"","lastLap":"44.25","lastLapSec":"44","bestLap":"43.57","segments":[{"pilotName":"","finishTime":"00:00:00","pilotId":"1","totalPilotTime":"00:05:08","neLength":"00:05:08","kart":"0","pitTime":""}],"lapCount":"6","lastLapS2":"30.47","lastLapS1":"13.81","secondsFromPit":"346","isOnPit":false,"isRaketa":false,"number":"17","pitstops":"0","kart":"0","lastPitMainTime":"0","totalOnTrack":"00:05:08","midLap":"44.158","pilots":[{"onTrack":"00:00:00","name":""}],"bestLapOnSegment":"43.572"},"18":{"pilotName":"Лисенський Даня","lag":"0.52","timeFromLassPassing":"24491","endLap":false,"position":"8","lastPitTime":"00:00:00","transponderId":"4642517","teamName":"","lastLap":"43.30","lastLapSec":"43","bestLap":"43.30","segments":[{"pilotName":"","finishTime":"00:00:00","pilotId":"1","totalPilotTime":"00:05:08","neLength":"00:05:08","kart":"0","pitTime":""}],"lapCount":"6","lastLapS2":"29.69","lastLapS1":"13.58","secondsFromPit":"346","isOnPit":false,"isRaketa":false,"number":"18","pitstops":"0","kart":"0","lastPitMainTime":"0","totalOnTrack":"00:05:08","midLap":"43.482","pilots":[{"onTrack":"00:00:00","name":""}],"bestLapOnSegment":"43.304"},"21":{"pilotName":"Голоцван","lag":"21.17","timeFromLassPassing":"13761","endLap":false,"position":"14","lastPitTime":"00:00:00","transponderId":"4684020","teamName":"","lastLap":"43.98","lastLapSec":"44","bestLap":"43.98","segments":[{"pilotName":"","finishTime":"00:00:00","pilotId":"1","totalPilotTime":"00:05:08","neLength":"00:05:08","kart":"0","pitTime":""}],"lapCount":"6","lastLapS2":"30.34","lastLapS1":"13.79","secondsFromPit":"346","isOnPit":false,"isRaketa":false,"number":"21","pitstops":"0","kart":"0","lastPitMainTime":"0","totalOnTrack":"00:05:08","midLap":"47.168","pilots":[{"onTrack":"00:00:00","name":""}],"bestLapOnSegment":"43.981"},"44":{"pilotName":"Ревчук Саша","lag":"2L+","timeFromLassPassing":"4116","endLap":false,"position":"4","lastPitTime":"00:00:00","transponderId":"5034562","teamName":"","lastLap":"43.28","lastLapSec":"43","bestLap":"43.07","segments":[{"pilotName":"","finishTime":"00:00:00","pilotId":"1","totalPilotTime":"00:05:08","neLength":"00:05:08","kart":"0","pitTime":""}],"lapCount":"7","lastLapS2":"29.73","lastLapS1":"13.55","secondsFromPit":"346","isOnPit":false,"isRaketa":false,"number":"44","pitstops":"0","kart":"0","lastPitMainTime":"0","totalOnTrack":"00:05:08","midLap":"43.348","pilots":[{"onTrack":"00:00:00","name":""}],"bestLapOnSegment":"43.076"},"69":{"pilotName":"Карт 69","lag":"6L+06.14","timeFromLassPassing":"8390","endLap":false,"position":"18","lastPitTime":"00:00:00","transponderId":"6191269","teamName":"","lastLap":"","lastLapSec":"0","bestLap":"","segments":[{"pilotName":"","finishTime":"00:00:00","pilotId":"1","totalPilotTime":"00:05:08","neLength":"00:05:08","kart":"0","pitTime":""}],"lapCount":"0","lastLapS2":"","lastLapS1":"","secondsFromPit":"346","isOnPit":false,"isRaketa":false,"number":"69","pitstops":"0","kart":"0","lastPitMainTime":"0","totalOnTrack":"00:05:08","midLap":"0","pilots":[{"onTrack":"00:00:00","name":""}],"bestLapOnSegment":""}},"compTeamNameFirst":"Команда1","compDiffS2":"-0.0","compDiffS1":"+0.0"},"onBoard":{"karts_on_track":[],"position":"13","timeDiff":"-0.764","firstpos_lag":"-1 laps","lastLap":"44.594","onTrack":"05:08.622","position_by_time":"11","sector_2_time":"30.46","karts_on_pit":[],"second_pos_time":"43.022","second_pos_name":"Ференс","sector_2_lag":"-01.131","timeLag":"-01.492","sector_1_lag":"-0.582","lapCount":"6","third_pos_time":"43.046","third_pos_name":"Карт 8","sector_1_time":"14.01","totalOnTrack":"00:05:08","prevpos_lag":"+01.450","nextpos_lag":"-15.122","bestLapOnSegment":"43.830","first_pos_time":"42.947","first_pos_name":"Маніло"}}