{"onTablo":{"compTeamSecondS2":"0.0","compTeamSecondS1":"0.0","secondPlaceLag":"","teamsByTimestamp":[7,9,4,10,21,14,15,5,12,8,1,3,13,18,17,69,33],"bestLapRaceNameTeam":"","finish":true,"compTeamFirstLastLap":"0.0","raceStartedButtonTimestamp":1660941946,"bestLapRaceNumberTeam":"","raceFinishedTimestamp":1660941914,"compDiff":"-0.0","bestLapRaceNamePilot":"","compTeamSecondLastLap":"0.0","secondPlaceName":"Маніло","karts":[1,2,3,4,5,6,7,8,9,10,11,12,13,14,15,16,17,18,19,20,21,22,33,44,69],"compTeamFirstS2":"0.0","compTeamFirstS1":"0.0","compTeamNameSecond":"Команда2","totalRaceTime":"00:00:57","thirdPlaceName":"Кригін","secondPlaceNumber":"9","isRace":false,"firstPlaceNumber":"7","thirdPlaceNumber":"13","bestS2Race":"29.697","firstPlaceLag":"","bestS1Race":"13.314","compLag":"0.0","teams":[{"pilotName":"Бахмацький","lag":"0","timeFromLassPassing":"13545","endLap":false,"position":"1","lastPitTime":"00:00:00","transponderId":"9614994","teamName":"","lastLap":"43.32","lastLapSec":"43","bestLap":"43.32","segments":[{"pilotName":"","finishTime":"00:00:00","pilotId":"1","totalPilotTime":"00:00:57","neLength":"00:00:57","kart":"0","pitTime":""}],"lapCount":"1","lastLapS2":"29.69","lastLapS1":"13.51","secondsFromPit":"312","isOnPit":false,"isRaketa":true,"number":"7","pitstops":"0","kart":"0","lastPitMainTime":"0","totalOnTrack":"00:00:57","midLap":"43.326","pilots":[{"onTrack":"00:00:00","name":""}],"bestLapOnSegment":"43.326"},{"pilotName":"Маніло","lag":"0.39","timeFromLassPassing":"13983","endLap":false,"position":"2","lastPitTime":"00:00:00","transponderId":"2807865","teamName":"","lastLap":"43.47","lastLapSec":"43","bestLap":"43.47","segments":[{"pilotName":"","finishTime":"00:00:00","pilotId":"1","totalPilotTime":"00:00:57","neLength":"00:00:57","kart":"0","pitTime":""}],"lapCount":"1","lastLapS2":"29.69","lastLapS1":"13.72","secondsFromPit":"312","isOnPit":false,"isRaketa":false,"number":"9","pitstops":"0","kart":"0","lastPitMainTime":"0","totalOnTrack":"00:00:57","midLap":"43.479","pilots":[{"onTrack":"00:00:00","name":""}],"bestLapOnSegment":"43.479"},{"pilotName":"Кригін","lag":"01.49","timeFromLassPassing":"12473","endLap":false,"position":"3","lastPitTime":"00:00:00","transponderId":"8441658","teamName":"","lastLap":"44.05","lastLapSec":"44","bestLap":"44.05","segments":[{"pilotName":"","finishTime":"00:00:00","pilotId":"1","totalPilotTime":"00:00:57","neLength":"00:00:57","kart":"0","pitTime":""}],"lapCount":"1","lastLapS2":"30.09","lastLapS1":"13.95","secondsFromPit":"312","isOnPit":false,"isRaketa":false,"number":"13","pitstops":"0","kart":"0","lastPitMainTime":"0","totalOnTrack":"00:00:57","midLap":"44.054","pilots":[{"onTrack":"00:00:00","name":""}],"bestLapOnSegment":"44.054"},{"pilotName":"Голоцван","lag":"10.88","timeFromLassPassing":"1531","endLap":false,"position":"4","lastPitTime":"00:00:00","transponderId":"8431733","teamName":"","lastLap":"44.24","lastLapSec":"44","bestLap":"44.24","segments":[{"pilotName":"","finishTime":"00:00:00","pilotId":"1","totalPilotTime":"00:00:57","neLength":"00:00:57","kart":"0","pitTime":"27.212"}],"lapCount":"1","lastLapS2":"30.30","lastLapS1":"13.94","secondsFromPit":"312","isOnPit":false,"isRaketa":false,"number":"4","pitstops":"0","kart":"0","lastPitMainTime":"0","totalOnTrack":"00:00:57","midLap":"44.245","pilots":[{"onTrack":"00:00:00","name":""}],"bestLapOnSegment":"44.245"},{"pilotName":"Резанко","lag":"07.88","timeFromLassPassing":"9411","endLap":false,"position":"5","lastPitTime":"00:00:00","transponderId":"8433860","teamName":"","lastLap":"44.32","lastLapSec":"44","bestLap":"44.32","segments":[{"pilotName":"","finishTime":"00:00:00","pilotId":"1","totalPilotTime":"00:00:57","neLength":"00:00:57","kart":"0","pitTime":"29.047"}],"lapCount":"1","lastLapS2":"30.50","lastLapS1":"13.81","secondsFromPit":"312","isOnPit":false,"isRaketa":false,"number":"10","pitstops":"0","kart":"0","lastPitMainTime":"0","totalOnTrack":"00:00:57","midLap":"44.324","pilots":[{"onTrack":"00:00:00","name":""}],"bestLapOnSegment":"44.324"},{"pilotName":"Сєдінін","lag":"03.67","timeFromLassPassing":"5802","endLap":false,"position":"6","lastPitTime":"00:00:00","transponderId":"4684020","teamName":"","lastLap":"44.34","lastLapSec":"44","bestLap":"44.34","segments":[{"pilotName":"","finishTime":"00:00:00","pilotId":"1","totalPilotTime":"00:00:57","neLength":"00:00:57","kart":"0","pitTime":""}],"lapCount":"1","lastLapS2":"30.42","lastLapS1":"13.91","secondsFromPit":"312","isOnPit":false,"isRaketa":false,"number":"21","pitstops":"0","kart":"0","lastPitMainTime":"0","totalOnTrack":"00:00:57","midLap":"44.345","pilots":[{"onTrack":"00:00:00","name":""}],"bestLapOnSegment":"44.345"},{"pilotName":"Єлманов","lag":"01.12","timeFromLassPassing":"6896","endLap":false,"position":"7","lastPitTime":"00:00:00","transponderId":"2261324","teamName":"","lastLap":"44.34","lastLapSec":"44","bestLap":"44.34","segments":[{"pilotName":"","finishTime":"00:00:00","pilotId":"1","totalPilotTime":"00:00:57","neLength":"00:00:57","kart":"0","pitTime":""}],"lapCount":"1","lastLapS2":"30.60","lastLapS1":"13.74","secondsFromPit":"312","isOnPit":false,"isRaketa":false,"number":"14","pitstops":"0","kart":"0","lastPitMainTime":"0","totalOnTrack":"00:00:57","midLap":"44.349","pilots":[{"onTrack":"00:00:00","name":""}],"bestLapOnSegment":"44.349"},{"pilotName":"Танцюра","lag":"03.67","timeFromLassPassing":"10614","endLap":false,"position":"8","lastPitTime":"00:00:00","transponderId":"2744699","teamName":"","lastLap":"44.37","lastLapSec":"44","bestLap":"44.37","segments":[{"pilotName":"","finishTime":"00:00:00","pilotId":"1","totalPilotTime":"00:00:57","neLength":"00:00:57","kart":"0","pitTime":""}],"lapCount":"1","lastLapS2":"30.23","lastLapS1":"14.13","secondsFromPit":"312","isOnPit":false,"isRaketa":false,"number":"15","pitstops":"0","kart":"0","lastPitMainTime":"0","totalOnTrack":"00:00:57","midLap":"44.377","pilots":[{"onTrack":"00:00:00","name":""}],"bestLapOnSegment":"44.377"},{"pilotName":"Слащов","lag":"06.52","timeFromLassPassing":"4046","endLap":false,"position":"9","lastPitTime":"00:00:00","transponderId":"8584138","teamName":"","lastLap":"44.54","lastLapSec":"45","bestLap":"44.54","segments":[{"pilotName":"","finishTime":"00:00:00","pilotId":"1","totalPilotTime":"00:00:57","neLength":"00:00:57","kart":"0","pitTime":""}],"lapCount":"1","lastLapS2":"30.49","lastLapS1":"14.05","secondsFromPit":"312","isOnPit":false,"isRaketa":false,"number":"5","pitstops":"0","kart":"0","lastPitMainTime":"0","totalOnTrack":"00:00:57","midLap":"44.549","pilots":[{"onTrack":"00:00:00","name":""}],"bestLapOnSegment":"44.549"},{"pilotName":"Гетьманцев","lag":"04.52","timeFromLassPassing":"8473","endLap":false,"position":"10","lastPitTime":"00:00:00","transponderId":"5957013","teamName":"","lastLap":"45.00","lastLapSec":"45","bestLap":"45.00","segments":[{"pilotName":"","finishTime":"00:00:00","pilotId":"1","totalPilotTime":"00:00:57","neLength":"00:00:57","kart":"0","pitTime":""}],"lapCount":"1","lastLapS2":"31.17","lastLapS1":"13.83","secondsFromPit":"312","isOnPit":false,"isRaketa":false,"number":"12","pitstops":"0","kart":"0","lastPitMainTime":"0","totalOnTrack":"00:00:57","midLap":"45.004","pilots":[{"onTrack":"00:00:00","name":""}],"bestLapOnSegment":"45.004"},{"pilotName":"Кулаков","lag":"0.06","timeFromLassPassing":"8645","endLap":false,"position":"11","lastPitTime":"00:00:00","transponderId":"5901907","teamName":"","lastLap":"46.40","lastLapSec":"46","bestLap":"46.40","segments":[{"pilotName":"","finishTime":"00:00:00","pilotId":"1","totalPilotTime":"00:00:57","neLength":"00:00:57","kart":"0","pitTime":""}],"lapCount":"1","lastLapS2":"32.40","lastLapS1":"13.99","secondsFromPit":"312","isOnPit":false,"isRaketa":false,"number":"8","pitstops":"0","kart":"0","lastPitMainTime":"0","totalOnTrack":"00:00:57","midLap":"46.402","pilots":[{"onTrack":"00:00:00","name":""}],"bestLapOnSegment":"46.402"},{"pilotName":"Паничук","lag":"02.52","timeFromLassPassing":"6130","endLap":false,"position":"12","lastPitTime":"00:00:00","transponderId":"9739691","teamName":"","lastLap":"46.59","lastLapSec":"47","bestLap":"46.59","segments":[{"pilotName":"","finishTime":"00:00:00","pilotId":"1","totalPilotTime":"00:00:57","neLength":"00:00:57","kart":"0","pitTime":""}],"lapCount":"1","lastLapS2":"31.73","lastLapS1":"14.86","secondsFromPit":"312","isOnPit":false,"isRaketa":false,"number":"1","pitstops":"0","kart":"0","lastPitMainTime":"0","totalOnTrack":"00:00:57","midLap":"46.593","pilots":[{"onTrack":"00:00:00","name":""}],"bestLapOnSegment":"46.593"},{"pilotName":"Пивоварчук","lag":"01.03","timeFromLassPassing":"5037","endLap":false,"position":"13","lastPitTime":"00:00:00","transponderId":"5885393","teamName":"","lastLap":"47.22","lastLapSec":"47","bestLap":"47.22","segments":[{"pilotName":"","finishTime":"00:00:00","pilotId":"1","totalPilotTime":"00:00:57","neLength":"00:00:57","kart":"0","pitTime":""}],"lapCount":"1","lastLapS2":"33.06","lastLapS1":"14.16","secondsFromPit":"312","isOnPit":false,"isRaketa":false,"number":"3","pitstops":"0","kart":"0","lastPitMainTime":"0","totalOnTrack":"00:00:57","midLap":"47.221","pilots":[{"onTrack":"00:00:00","name":""}],"bestLapOnSegment":"47.221"},{"pilotName":"Васильчук","lag":"12.36","timeFromLassPassing":"39954","endLap":false,"position":"14","lastPitTime":"00:00:00","transponderId":"4688335","teamName":"","lastLap":"","lastLapSec":"0","bestLap":"","segments":[{"pilotName":"","finishTime":"00:00:00","pilotId":"1","totalPilotTime":"00:00:57","neLength":"00:00:57","kart":"0","pitTime":""}],"lapCount":"0","lastLapS2":"","lastLapS1":"13.31","secondsFromPit":"312","isOnPit":false,"isRaketa":false,"number":"33","pitstops":"0","kart":"0","lastPitMainTime":"0","totalOnTrack":"00:00:57","midLap":"0","pilots":[{"onTrack":"00:00:00","name":""}],"bestLapOnSegment":""},{"pilotName":"Нужний","lag":"0.41","timeFromLassPassing":"39516","endLap":false,"position":"15","lastPitTime":"00:00:00","transponderId":"4642517","teamName":"","lastLap":"","lastLapSec":"0","bestLap":"","segments":[{"pilotName":"","finishTime":"00:00:00","pilotId":"1","totalPilotTime":"00:00:57","neLength":"00:00:57","kart":"0","pitTime":""}],"lapCount":"0","lastLapS2":"","lastLapS1":"13.59","secondsFromPit":"312","isOnPit":false,"isRaketa":false,"number":"18","pitstops":"0","kart":"0","lastPitMainTime":"0","totalOnTrack":"00:00:57","midLap":"0","pilots":[{"onTrack":"00:00:00","name":""}],"bestLapOnSegment":""},{"pilotName":"Ференс","lag":"05.07","timeFromLassPassing":"34486","endLap":false,"position":"16","lastPitTime":"00:00:00","transponderId":"4078493","teamName":"","lastLap":"","lastLapSec":"0","bestLap":"","segments":[{"pilotName":"","finishTime":"00:00:00","pilotId":"1","totalPilotTime":"00:00:57","neLength":"00:00:57","kart":"0","pitTime":""}],"lapCount":"0","lastLapS2":"","lastLapS1":"13.72","secondsFromPit":"312","isOnPit":false,"isRaketa":false,"number":"17","pitstops":"0","kart":"0","lastPitMainTime":"0","totalOnTrack":"00:00:57","midLap":"0","pilots":[{"onTrack":"00:00:00","name":""}],"bestLapOnSegment":""},{"pilotName":"Закалюк","lag":"05.64","timeFromLassPassing":"28789","endLap":false,"position":"17","lastPitTime":"00:00:00","transponderId":"6191269","teamName":"","lastLap":"","lastLapSec":"0","bestLap":"","segments":[{"pilotName":"","finishTime":"00:00:00","pilotId":"1","totalPilotTime":"00:00:57","neLength":"00:00:57","kart":"0","pitTime":""}],"lapCount":"0","lastLapS2":"","lastLapS1":"13.74","secondsFromPit":"312","isOnPit":false,"isRaketa":false,"number":"69","pitstops":"0","kart":"0","lastPitMainTime":"0","totalOnTrack":"00:00:57","midLap":"0","pilots":[{"onTrack":"00:00:00","name":""}],"bestLapOnSegment":""}],"thirdPlaceLag":"","firstPlaceName":"Бахмацький","bestLapRace":"43.326","teams2":{"1":{"pilotName":"Паничук","lag":"02.52","timeFromLassPassing":"6130","endLap":false,"position":"12","lastPitTime":"00:00:00","transponderId":"9739691","teamName":"","lastLap":"46.59","lastLapSec":"47","bestLap":"46.59","segments":[{"pilotName":"","finishTime":"00:00:00","pilotId":"1","totalPilotTime":"00:00:57","neLength":"00:00:57","kart":"0","pitTime":""}],"lapCount":"1","lastLapS2":"31.73","lastLapS1":"14.86","secondsFromPit":"312","isOnPit":false,"isRaketa":false,"number":"1","pitstops":"0","kart":"0","lastPitMainTime":"0","totalOnTrack":"00:00:57","midLap":"46.593","pilots":[{"onTrack":"00:00:00","name":""}],"bestLapOnSegment":"46.593"},"3":{"pilotName":"Пивоварчук","lag":"01.03","timeFromLassPassing":"5037","endLap":false,"position":"13","lastPitTime":"00:00:00","transponderId":"5885393","teamName":"","lastLap":"47.22","lastLapSec":"47","bestLap":"47.22","segments":[{"pilotName":"","finishTime":"00:00:00","pilotId":"1","totalPilotTime":"00:00:57","neLength":"00:00:57","kart":"0","pitTime":""}],"lapCount":"1","lastLapS2":"33.06","lastLapS1":"14.16","secondsFromPit":"312","isOnPit":false,"isRaketa":false,"number":"3","pitstops":"0","kart":"0","lastPitMainTime":"0","totalOnTrack":"00:00:57","midLap":"47.221","pilots":[{"onTrack":"00:00:00","name":""}],"bestLapOnSegment":"47.221"},"4":{"pilotName":"Голоцван","lag":"10.88","timeFromLassPassing":"1531","endLap":false,"position":"4","lastPitTime":"00:00:00","transponderId":"8431733","teamName":"","lastLap":"44.24","lastLapSec":"44","bestLap":"44.24","segments":[{"pilotName":"","finishTime":"00:00:00","pilotId":"1","totalPilotTime":"00:00:57","neLength":"00:00:57","kart":"0","pitTime":"27.212"}],"lapCount":"1","lastLapS2":"30.30","lastLapS1":"13.94","secondsFromPit":"312","isOnPit":false,"isRaketa":false,"number":"4","pitstops":"0","kart":"0","lastPitMainTime":"0","totalOnTrack":"00:00:57","midLap":"44.245","pilots":[{"onTrack":"00:00:00","name":""}],"bestLapOnSegment":"44.245"},"5":{"pilotName":"Слащов","lag":"06.52","timeFromLassPassing":"4046","endLap":false,"position":"9","lastPitTime":"00:00:00","transponderId":"8584138","teamName":"","lastLap":"44.54","lastLapSec":"45","bestLap":"44.54","segments":[{"pilotName":"","finishTime":"00:00:00","pilotId":"1","totalPilotTime":"00:00:57","neLength":"00:00:57","kart":"0","pitTime":""}],"lapCount":"1","lastLapS2":"30.49","lastLapS1":"14.05","secondsFromPit":"312","isOnPit":false,"isRaketa":false,"number":"5","pitstops":"0","kart":"0","lastPitMainTime":"0","totalOnTrack":"00:00:57","midLap":"44.549","pilots":[{"onTrack":"00:00:00","name":""}],"bestLapOnSegment":"44.549"},"7":{"pilotName":"Бахмацький","lag":"0","timeFromLassPassing":"13545","endLap":false,"position":"1","lastPitTime":"00:00:00","transponderId":"9614994","teamName":"","lastLap":"43.32","lastLapSec":"43","bestLap":"43.32","segments":[{"pilotName":"","finishTime":"00:00:00","pilotId":"1","totalPilotTime":"00:00:57","neLength":"00:00:57","kart":"0","pitTime":""}],"lapCount":"1","lastLapS2":"29.69","lastLapS1":"13.51","secondsFromPit":"312","isOnPit":false,"isRaketa":true,"number":"7","pitstops":"0","kart":"0","lastPitMainTime":"0","totalOnTrack":"00:00:57","midLap":"43.326","pilots":[{"onTrack":"00:00:00","name":""}],"bestLapOnSegment":"43.326"},"8":{"pilotName":"Кулаков","lag":"0.06","timeFromLassPassing":"8645","endLap":false,"position":"11","lastPitTime":"00:00:00","transponderId":"5901907","teamName":"","lastLap":"46.40","lastLapSec":"46","bestLap":"46.40","segments":[{"pilotName":"","finishTime":"00:00:00","pilotId":"1","totalPilotTime":"00:00:57","neLength":"00:00:57","kart":"0","pitTime":""}],"lapCount":"1","lastLapS2":"32.40","lastLapS1":"13.99","secondsFromPit":"312","isOnPit":false,"isRaketa":false,"number":"8","pitstops":"0","kart":"0","lastPitMainTime":"0","totalOnTrack":"00:00:57","midLap":"46.402","pilots":[{"onTrack":"00:00:00","name":""}],"bestLapOnSegment":"46.402"},"9":{"pilotName":"Маніло","lag":"0.39","timeFromLassPassing":"13983","endLap":false,"position":"2","lastPitTime":"00:00:00","transponderId":"2807865","teamName":"","lastLap":"43.47","lastLapSec":"43","bestLap":"43.47","segments":[{"pilotName":"","finishTime":"00:00:00","pilotId":"1","totalPilotTime":"00:00:57","neLength":"00:00:57","kart":"0","pitTime":""}],"lapCount":"1","lastLapS2":"29.69","lastLapS1":"13.72","secondsFromPit":"312","isOnPit":false,"isRaketa":false,"number":"9","pitstops":"0","kart":"0","lastPitMainTime":"0","totalOnTrack":"00:00:57","midLap":"43.479","pilots":[{"onTrack":"00:00:00","name":""}],"bestLapOnSegment":"43.479"},"10":{"pilotName":"Резанко","lag":"07.88","timeFromLassPassing":"9411","endLap":false,"position":"5","lastPitTime":"00:00:00","transponderId":"8433860","teamName":"","lastLap":"44.32","lastLapSec":"44","bestLap":"44.32","segments":[{"pilotName":"","finishTime":"00:00:00","pilotId":"1","totalPilotTime":"00:00:57","neLength":"00:00:57","kart":"0","pitTime":"29.047"}],"lapCount":"1","lastLapS2":"30.50","lastLapS1":"13.81","secondsFromPit":"312","isOnPit":false,"isRaketa":false,"number":"10","pitstops":"0","kart":"0","lastPitMainTime":"0","totalOnTrack":"00:00:57","midLap":"44.324","pilots":[{"onTrack":"00:00:00","name":""}],"bestLapOnSegment":"44.324"},"12":{"pilotName":"Гетьманцев","lag":"04.52","timeFromLassPassing":"8473","endLap":false,"position":"10","lastPitTime":"00:00:00","transponderId":"5957013","teamName":"","lastLap":"45.00","lastLapSec":"45","bestLap":"45.00","segments":[{"pilotName":"","finishTime":"00:00:00","pilotId":"1","totalPilotTime":"00:00:57","neLength":"00:00:57","kart":"0","pitTime":""}],"lapCount":"1","lastLapS2":"31.17","lastLapS1":"13.83","secondsFromPit":"312","isOnPit":false,"isRaketa":false,"number":"12","pitstops":"0","kart":"0","lastPitMainTime":"0","totalOnTrack":"00:00:57","midLap":"45.004","pilots":[{"onTrack":"00:00:00","name":""}],"bestLapOnSegment":"45.004"},"13":{"pilotName":"Кригін","lag":"01.49","timeFromLassPassing":"12473","endLap":false,"position":"3","lastPitTime":"00:00:00","transponderId":"8441658","teamName":"","lastLap":"44.05","lastLapSec":"44","bestLap":"44.05","segments":[{"pilotName":"","finishTime":"00:00:00","pilotId":"1","totalPilotTime":"00:00:57","neLength":"00:00:57","kart":"0","pitTime":""}],"lapCount":"1","lastLapS2":"30.09","lastLapS1":"13.95","secondsFromPit":"312","isOnPit":false,"isRaketa":false,"number":"13","pitstops":"0","kart":"0","lastPitMainTime":"0","totalOnTrack":"00:00:57","midLap":"44.054","pilots":[{"onTrack":"00:00:00","name":""}],"bestLapOnSegment":"44.054"},"14":{"pilotName":"Єлманов","lag":"01.12","timeFromLassPassing":"6896","endLap":false,"position":"7","lastPitTime":"00:00:00","transponderId":"2261324","teamName":"","lastLap":"44.34","lastLapSec":"44","bestLap":"44.34","segments":[{"pilotName":"","finishTime":"00:00:00","pilotId":"1","totalPilotTime":"00:00:57","neLength":"00:00:57","kart":"0","pitTime":""}],"lapCount":"1","lastLapS2":"30.60","lastLapS1":"13.74","secondsFromPit":"312","isOnPit":false,"isRaketa":false,"number":"14","pitstops":"0","kart":"0","lastPitMainTime":"0","totalOnTrack":"00:00:57","midLap":"44.349","pilots":[{"onTrack":"00:00:00","name":""}],"bestLapOnSegment":"44.349"},"15":{"pilotName":"Танцюра","lag":"03.67","timeFromLassPassing":"10614","endLap":false,"position":"8","lastPitTime":"00:00:00","transponderId":"2744699","teamName":"","lastLap":"44.37","lastLapSec":"44","bestLap":"44.37","segments":[{"pilotName":"","finishTime":"00:00:00","pilotId":"1","totalPilotTime":"00:00:57","neLength":"00:00:57","kart":"0","pitTime":""}],"lapCount":"1","lastLapS2":"30.23","lastLapS1":"14.13","secondsFromPit":"312","isOnPit":false,"isRaketa":false,"number":"15","pitstops":"0","kart":"0","lastPitMainTime":"0","totalOnTrack":"00:00:57","midLap":"44.377","pilots":[{"onTrack":"00:00:00","name":""}],"bestLapOnSegment":"44.377"},"17":{"pilotName":"Ференс","lag":"05.07","timeFromLassPassing":"34486","endLap":false,"position":"16","lastPitTime":"00:00:00","transponderId":"4078493","teamName":"","lastLap":"","lastLapSec":"0","bestLap":"","segments":[{"pilotName":"","finishTime":"00:00:00","pilotId":"1","totalPilotTime":"00:00:57","neLength":"00:00:57","kart":"0","pitTime":""}],"lapCount":"0","lastLapS2":"","lastLapS1":"13.72","secondsFromPit":"312","isOnPit":false,"isRaketa":false,"number":"17","pitstops":"0","kart":"0","lastPitMainTime":"0","totalOnTrack":"00:00:57","midLap":"0","pilots":[{"onTrack":"00:00:00","name":""}],"bestLapOnSegment":""},"18":{"pilotName":"Нужний","lag":"0.41","timeFromLassPassing":"39516","endLap":false,"position":"15","lastPitTime":"00:00:00","transponderId":"4642517","teamName":"","lastLap":"","lastLapSec":"0","bestLap":"","segments":[{"pilotName":"","finishTime":"00:00:00","pilotId":"1","totalPilotTime":"00:00:57","neLength":"00:00:57","kart":"0","pitTime":""}],"lapCount":"0","lastLapS2":"","lastLapS1":"13.59","secondsFromPit":"312","isOnPit":false,"isRaketa":false,"number":"18","pitstops":"0","kart":"0","lastPitMainTime":"0","totalOnTrack":"00:00:57","midLap":"0","pilots":[{"onTrack":"00:00:00","name":""}],"bestLapOnSegment":""},"21":{"pilotName":"Сєдінін","lag":"03.67","timeFromLassPassing":"5802","endLap":false,"position":"6","lastPitTime":"00:00:00","transponderId":"4684020","teamName":"","lastLap":"44.34","lastLapSec":"44","bestLap":"44.34","segments":[{"pilotName":"","finishTime":"00:00:00","pilotId":"1","totalPilotTime":"00:00:57","neLength":"00:00:57","kart":"0","pitTime":""}],"lapCount":"1","lastLapS2":"30.42","lastLapS1":"13.91","secondsFromPit":"312","isOnPit":false,"isRaketa":false,"number":"21","pitstops":"0","kart":"0","lastPitMainTime":"0","totalOnTrack":"00:00:57","midLap":"44.345","pilots":[{"onTrack":"00:00:00","name":""}],"bestLapOnSegment":"44.345"},"33":{"pilotName":"Васильчук","lag":"12.36","timeFromLassPassing":"39954","endLap":false,"position":"14","lastPitTime":"00:00:00","transponderId":"4688335","teamName":"","lastLap":"","lastLapSec":"0","bestLap":"","segments":[{"pilotName":"","finishTime":"00:00:00","pilotId":"1","totalPilotTime":"00:00:57","neLength":"00:00:57","kart":"0","pitTime":""}],"lapCount":"0","lastLapS2":"","lastLapS1":"13.31","secondsFromPit":"312","isOnPit":false,"isRaketa":false,"number":"33","pitstops":"0","kart":"0","lastPitMainTime":"0","totalOnTrack":"00:00:57","midLap":"0","pilots":[{"onTrack":"00:00:00","name":""}],"bestLapOnSegment":""},"69":{"pilotName":"Закалюк","lag":"05.64","timeFromLassPassing":"28789","endLap":false,"position":"17","lastPitTime":"00:00:00","transponderId":"6191269","teamName":"","lastLap":"","lastLapSec":"0","bestLap":"","segments":[{"pilotName":"","finishTime":"00:00:00","pilotId":"1","totalPilotTime":"00:00:57","neLength":"00:00:57","kart":"0","pitTime":""}],"lapCount":"0","lastLapS2":"","lastLapS1":"13.74","secondsFromPit":"312","isOnPit":false,"isRaketa":false,"number":"69","pitstops":"0","kart":"0","lastPitMainTime":"0","totalOnTrack":"00:00:57","midLap":"0","pilots":[{"onTrack":"00:00:00","name":""}],"bestLapOnSegment":""}},"compTeamNameFirst":"Команда1","compDiffS2":"-0.0","compDiffS1":"+0.0"},"onBoard":{"karts_on_track":[],"position":"9","timeDiff":"+","firstpos_lag":"-07.441","lastLap":"46.593","onTrack":"57.475","position_by_time":"12","sector_2_time":"31.73","karts_on_pit":[],"second_pos_time":"43.479","second_pos_name":"Маніло","sector_2_lag":"-02.036","timeLag":"-03.267","sector_1_lag":"-01.546","lapCount":"1","third_pos_time":"44.054","third_pos_name":"Кригін","sector_1_time":"14.86","totalOnTrack":"00:00:57","prevpos_lag":"+01.036","nextpos_lag":"-02.521","bestLapOnSegment":"46.593","first_pos_time":"43.326","first_pos_name":"Бахмацький"}}