{"onTablo":{"compTeamSecondS2":"0.0","compTeamSecondS1":"0.0","secondPlaceLag":"01:17.148","teamsByTimestamp":[18,12,9,16,44,15,69,5,14,33,3,7,17,4],"bestLapRaceNameTeam":"","finish":true,"compTeamFirstLastLap":"0.0","raceStartedButtonTimestamp":1660943724,"bestLapRaceNumberTeam":"","raceFinishedTimestamp":1660943677,"compDiff":"-0.0","bestLapRaceNamePilot":"","compTeamSecondLastLap":"0.0","secondPlaceName":"Діо","karts":[1,2,3,4,5,6,7,8,9,10,11,12,13,14,15,16,17,18,19,20,21,22,33,44,69],"compTeamFirstS2":"0.0","compTeamFirstS1":"0.0","compTeamNameSecond":"Команда2","totalRaceTime":"00:04:33","thirdPlaceName":"Лисенський","secondPlaceNumber":"18","isRace":false,"firstPlaceNumber":"4","thirdPlaceNumber":"12","bestS2Race":"29.294","firstPlaceLag":"","bestS1Race":"13.536","compLag":"0.0","teams":[{"pilotName":"Карт 4","lag":"0","timeFromLassPassing":"96202","endLap":false,"position":"1","lastPitTime":"00:03:06","transponderId":"8431733","teamName":"","lastLap":"43.01","lastLapSec":"43","bestLap":"43.01","segments":[{"pilotName":"","finishTime":"00:00:00","pilotId":"10","totalPilotTime":"00:01:26","neLength":"00:01:26","kart":"0","pitTime":""},{"pilotName":"","finishTime":"00:03:06","pilotId":"1","totalPilotTime":"00:03:06","neLength":"00:03:06","kart":"0","pitTime":"27.212"}],"lapCount":"4","lastLapS2":"29.32","lastLapS1":"13.68","secondsFromPit":"273","isOnPit":true,"isRaketa":true,"number":"4","pitstops":"1","kart":"0","lastPitMainTime":"27.212","totalOnTrack":"00:01:26","midLap":"44.319","pilots":[{"onTrack":"00:03:06","name":""}],"bestLapOnSegment":""},{"pilotName":"Діо","lag":"3L+01:26.68","timeFromLassPassing":"9483","endLap":false,"position":"2","lastPitTime":"00:00:00","transponderId":"4642517","teamName":"","lastLap":"43.27","lastLapSec":"43","bestLap":"43.27","segments":[{"pilotName":"","finishTime":"00:00:00","pilotId":"1","totalPilotTime":"00:04:33","neLength":"00:04:33","kart":"0","pitTime":""}],"lapCount":"1","lastLapS2":"29.58","lastLapS1":"13.69","secondsFromPit":"273","isOnPit":false,"isRaketa":false,"number":"18","pitstops":"0","kart":"0","lastPitMainTime":"0","totalOnTrack":"00:04:33","midLap":"43.272","pilots":[{"onTrack":"00:00:00","name":""}],"bestLapOnSegment":"43.272"},{"pilotName":"Лисенський","lag":"02.15","timeFromLassPassing":"7405","endLap":false,"position":"3","lastPitTime":"00:00:00","transponderId":"5957013","teamName":"","lastLap":"43.37","lastLapSec":"43","bestLap":"43.37","segments":[{"pilotName":"","finishTime":"00:00:00","pilotId":"1","totalPilotTime":"00:04:33","neLength":"00:04:33","kart":"0","pitTime":""}],"lapCount":"1","lastLapS2":"29.83","lastLapS1":"13.53","secondsFromPit":"273","isOnPit":false,"isRaketa":false,"number":"12","pitstops":"0","kart":"0","lastPitMainTime":"0","totalOnTrack":"00:04:33","midLap":"43.373","pilots":[{"onTrack":"00:00:00","name":""}],"bestLapOnSegment":"43.373"},{"pilotName":"Маніло","lag":"06.66","timeFromLassPassing":"13986","endLap":false,"position":"4","lastPitTime":"00:00:00","transponderId":"2807865","teamName":"","lastLap":"43.47","lastLapSec":"43","bestLap":"43.47","segments":[{"pilotName":"","finishTime":"00:00:00","pilotId":"1","totalPilotTime":"00:04:33","neLength":"00:04:33","kart":"0","pitTime":""}],"lapCount":"1","lastLapS2":"29.69","lastLapS1":"13.67","secondsFromPit":"273","isOnPit":false,"isRaketa":false,"number":"9","pitstops":"0","kart":"0","lastPitMainTime":"0","totalOnTrack":"00:04:33","midLap":"43.472","pilots":[{"onTrack":"00:00:00","name":""}],"bestLapOnSegment":"43.472"},{"pilotName":"Васильчук","lag":"03.18","timeFromLassPassing":"10795","endLap":false,"position":"5","lastPitTime":"00:00:00","transponderId":"2740799","teamName":"","lastLap":"43.65","lastLapSec":"44","bestLap":"43.65","segments":[{"pilotName":"","finishTime":"00:00:00","pilotId":"1","totalPilotTime":"00:04:33","neLength":"00:04:33","kart":"0","pitTime":""}],"lapCount":"1","lastLapS2":"30.09","lastLapS1":"13.56","secondsFromPit":"273","isOnPit":false,"isRaketa":false,"number":"16","pitstops":"0","kart":"0","lastPitMainTime":"0","totalOnTrack":"00:04:33","midLap":"43.658","pilots":[{"onTrack":"00:00:00","name":""}],"bestLapOnSegment":"43.658"},{"pilotName":"Гетьманцев","lag":"0.54","timeFromLassPassing":"10249","endLap":false,"position":"6","lastPitTime":"00:00:00","transponderId":"5034562","teamName":"","lastLap":"43.85","lastLapSec":"44","bestLap":"43.85","segments":[{"pilotName":"","finishTime":"00:00:00","pilotId":"1","totalPilotTime":"00:04:33","neLength":"00:04:33","kart":"0","pitTime":""}],"lapCount":"1","lastLapS2":"30.09","lastLapS1":"13.75","secondsFromPit":"273","isOnPit":false,"isRaketa":false,"number":"44","pitstops":"0","kart":"0","lastPitMainTime":"0","totalOnTrack":"00:04:33","midLap":"43.856","pilots":[{"onTrack":"00:00:00","name":""}],"bestLapOnSegment":"43.856"},{"pilotName":"Гуцуляк","lag":"05.42","timeFromLassPassing":"4885","endLap":false,"position":"7","lastPitTime":"00:00:00","transponderId":"2744699","teamName":"","lastLap":"43.94","lastLapSec":"44","bestLap":"43.94","segments":[{"pilotName":"","finishTime":"00:00:00","pilotId":"1","totalPilotTime":"00:04:33","neLength":"00:04:33","kart":"0","pitTime":""}],"lapCount":"1","lastLapS2":"29.88","lastLapS1":"14.06","secondsFromPit":"273","isOnPit":false,"isRaketa":false,"number":"15","pitstops":"0","kart":"0","lastPitMainTime":"0","totalOnTrack":"00:04:33","midLap":"43.942","pilots":[{"onTrack":"00:00:00","name":""}],"bestLapOnSegment":"43.942"},{"pilotName":"Танцюра","lag":"06.44","timeFromLassPassing":"11358","endLap":false,"position":"8","lastPitTime":"00:00:00","transponderId":"6191269","teamName":"","lastLap":"44.20","lastLapSec":"44","bestLap":"44.20","segments":[{"pilotName":"","finishTime":"00:00:00","pilotId":"1","totalPilotTime":"00:04:33","neLength":"00:04:33","kart":"0","pitTime":""}],"lapCount":"1","lastLapS2":"30.37","lastLapS1":"13.82","secondsFromPit":"273","isOnPit":false,"isRaketa":false,"number":"69","pitstops":"0","kart":"0","lastPitMainTime":"0","totalOnTrack":"00:04:33","midLap":"44.202","pilots":[{"onTrack":"00:00:00","name":""}],"bestLapOnSegment":"44.202"},{"pilotName":"Кригін","lag":"06.16","timeFromLassPassing":"5120","endLap":false,"position":"9","lastPitTime":"00:00:00","transponderId":"8584138","teamName":"","lastLap":"44.63","lastLapSec":"45","bestLap":"44.63","segments":[{"pilotName":"","finishTime":"00:00:00","pilotId":"1","totalPilotTime":"00:04:33","neLength":"00:04:33","kart":"0","pitTime":""}],"lapCount":"1","lastLapS2":"30.81","lastLapS1":"13.82","secondsFromPit":"273","isOnPit":false,"isRaketa":false,"number":"5","pitstops":"0","kart":"0","lastPitMainTime":"0","totalOnTrack":"00:04:33","midLap":"44.639","pilots":[{"onTrack":"00:00:00","name":""}],"bestLapOnSegment":"44.639"},{"pilotName":"Нужний","lag":"01.39","timeFromLassPassing":"6541","endLap":false,"position":"10","lastPitTime":"00:00:00","transponderId":"2261324","teamName":"","lastLap":"44.82","lastLapSec":"45","bestLap":"44.82","segments":[{"pilotName":"","finishTime":"00:00:00","pilotId":"1","totalPilotTime":"00:04:33","neLength":"00:04:33","kart":"0","pitTime":""}],"lapCount":"1","lastLapS2":"31.01","lastLapS1":"13.80","secondsFromPit":"273","isOnPit":false,"isRaketa":false,"number":"14","pitstops":"0","kart":"0","lastPitMainTime":"0","totalOnTrack":"00:04:33","midLap":"44.824","pilots":[{"onTrack":"00:00:00","name":""}],"bestLapOnSegment":"44.824"},{"pilotName":"Пашковський","lag":"03.31","timeFromLassPassing":"9858","endLap":false,"position":"11","lastPitTime":"00:00:00","transponderId":"4688335","teamName":"","lastLap":"45.89","lastLapSec":"46","bestLap":"45.89","segments":[{"pilotName":"","finishTime":"00:00:00","pilotId":"1","totalPilotTime":"00:04:33","neLength":"00:04:33","kart":"0","pitTime":""}],"lapCount":"1","lastLapS2":"32.03","lastLapS1":"13.85","secondsFromPit":"273","isOnPit":false,"isRaketa":false,"number":"33","pitstops":"0","kart":"0","lastPitMainTime":"0","totalOnTrack":"00:04:33","midLap":"45.890","pilots":[{"onTrack":"00:00:00","name":""}],"bestLapOnSegment":"45.890"},{"pilotName":"Соляніков","lag":"09.33","timeFromLassPassing":"46376","endLap":false,"position":"12","lastPitTime":"00:00:00","transponderId":"5885393","teamName":"","lastLap":"","lastLapSec":"0","bestLap":"","segments":[{"pilotName":"","finishTime":"00:00:00","pilotId":"1","totalPilotTime":"00:04:33","neLength":"00:04:33","kart":"0","pitTime":""}],"lapCount":"0","lastLapS2":"","lastLapS1":"14.12","secondsFromPit":"273","isOnPit":false,"isRaketa":false,"number":"3","pitstops":"0","kart":"0","lastPitMainTime":"0","totalOnTrack":"00:04:33","midLap":"0","pilots":[{"onTrack":"00:00:00","name":""}],"bestLapOnSegment":""},{"pilotName":"Кулаков","lag":"02.26","timeFromLassPassing":"44076","endLap":false,"position":"13","lastPitTime":"00:00:00","transponderId":"9614994","teamName":"","lastLap":"","lastLapSec":"0","bestLap":"","segments":[{"pilotName":"","finishTime":"00:00:00","pilotId":"1","totalPilotTime":"00:04:33","neLength":"00:04:33","kart":"0","pitTime":""}],"lapCount":"0","lastLapS2":"","lastLapS1":"13.79","secondsFromPit":"273","isOnPit":false,"isRaketa":false,"number":"7","pitstops":"0","kart":"0","lastPitMainTime":"0","totalOnTrack":"00:04:33","midLap":"0","pilots":[{"onTrack":"00:00:00","name":""}],"bestLapOnSegment":""},{"pilotName":"Стасюк","lag":"02.95","timeFromLassPassing":"41234","endLap":false,"position":"14","lastPitTime":"00:00:00","transponderId":"4078493","teamName":"","lastLap":"","lastLapSec":"0","bestLap":"","segments":[{"pilotName":"","finishTime":"00:00:00","pilotId":"1","totalPilotTime":"00:04:33","neLength":"00:04:33","kart":"0","pitTime":""}],"lapCount":"0","lastLapS2":"","lastLapS1":"14.05","secondsFromPit":"273","isOnPit":false,"isRaketa":false,"number":"17","pitstops":"0","kart":"0","lastPitMainTime":"0","totalOnTrack":"00:04:33","midLap":"0","pilots":[{"onTrack":"00:00:00","name":""}],"bestLapOnSegment":""}],"thirdPlaceLag":"02.153","firstPlaceName":"Карт 4","bestLapRace":"43.011","teams2":{"3":{"pilotName":"Соляніков","lag":"09.33","timeFromLassPassing":"46376","endLap":false,"position":"12","lastPitTime":"00:00:00","transponderId":"5885393","teamName":"","lastLap":"","lastLapSec":"0","bestLap":"","segments":[{"pilotName":"","finishTime":"00:00:00","pilotId":"1","totalPilotTime":"00:04:33","neLength":"00:04:33","kart":"0","pitTime":""}],"lapCount":"0","lastLapS2":"","lastLapS1":"14.12","secondsFromPit":"273","isOnPit":false,"isRaketa":false,"number":"3","pitstops":"0","kart":"0","lastPitMainTime":"0","totalOnTrack":"00:04:33","midLap":"0","pilots":[{"onTrack":"00:00:00","name":""}],"bestLapOnSegment":""},"4":{"pilotName":"Карт 4","lag":"0","timeFromLassPassing":"96202","endLap":false,"position":"1","lastPitTime":"00:03:06","transponderId":"8431733","teamName":"","lastLap":"43.01","lastLapSec":"43","bestLap":"43.01","segments":[{"pilotName":"","finishTime":"00:00:00","pilotId":"10","totalPilotTime":"00:01:26","neLength":"00:01:26","kart":"0","pitTime":""},{"pilotName":"","finishTime":"00:03:06","pilotId":"1","totalPilotTime":"00:03:06","neLength":"00:03:06","kart":"0","pitTime":"27.212"}],"lapCount":"4","lastLapS2":"29.32","lastLapS1":"13.68","secondsFromPit":"273","isOnPit":true,"isRaketa":true,"number":"4","pitstops":"1","kart":"0","lastPitMainTime":"27.212","totalOnTrack":"00:01:26","midLap":"44.319","pilots":[{"onTrack":"00:03:06","name":""}],"bestLapOnSegment":""},"5":{"pilotName":"Кригін","lag":"06.16","timeFromLassPassing":"5120","endLap":false,"position":"9","lastPitTime":"00:00:00","transponderId":"8584138","teamName":"","lastLap":"44.63","lastLapSec":"45","bestLap":"44.63","segments":[{"pilotName":"","finishTime":"00:00:00","pilotId":"1","totalPilotTime":"00:04:33","neLength":"00:04:33","kart":"0","pitTime":""}],"lapCount":"1","lastLapS2":"30.81","lastLapS1":"13.82","secondsFromPit":"273","isOnPit":false,"isRaketa":false,"number":"5","pitstops":"0","kart":"0","lastPitMainTime":"0","totalOnTrack":"00:04:33","midLap":"44.639","pilots":[{"onTrack":"00:00:00","name":""}],"bestLapOnSegment":"44.639"},"7":{"pilotName":"Кулаков","lag":"02.26","timeFromLassPassing":"44076","endLap":false,"position":"13","lastPitTime":"00:00:00","transponderId":"9614994","teamName":"","lastLap":"","lastLapSec":"0","bestLap":"","segments":[{"pilotName":"","finishTime":"00:00:00","pilotId":"1","totalPilotTime":"00:04:33","neLength":"00:04:33","kart":"0","pitTime":""}],"lapCount":"0","lastLapS2":"","lastLapS1":"13.79","secondsFromPit":"273","isOnPit":false,"isRaketa":false,"number":"7","pitstops":"0","kart":"0","lastPitMainTime":"0","totalOnTrack":"00:04:33","midLap":"0","pilots":[{"onTrack":"00:00:00","name":""}],"bestLapOnSegment":""},"9":{"pilotName":"Маніло","lag":"06.66","timeFromLassPassing":"13986","endLap":false,"position":"4","lastPitTime":"00:00:00","transponderId":"2807865","teamName":"","lastLap":"43.47","lastLapSec":"43","bestLap":"43.47","segments":[{"pilotName":"","finishTime":"00:00:00","pilotId":"1","totalPilotTime":"00:04:33","neLength":"00:04:33","kart":"0","pitTime":""}],"lapCount":"1","lastLapS2":"29.69","lastLapS1":"13.67","secondsFromPit":"273","isOnPit":false,"isRaketa":false,"number":"9","pitstops":"0","kart":"0","lastPitMainTime":"0","totalOnTrack":"00:04:33","midLap":"43.472","pilots":[{"onTrack":"00:00:00","name":""}],"bestLapOnSegment":"43.472"},"12":{"pilotName":"Лисенський","lag":"02.15","timeFromLassPassing":"7405","endLap":false,"position":"3","lastPitTime":"00:00:00","transponderId":"5957013","teamName":"","lastLap":"43.37","lastLapSec":"43","bestLap":"43.37","segments":[{"pilotName":"","finishTime":"00:00:00","pilotId":"1","totalPilotTime":"00:04:33","neLength":"00:04:33","kart":"0","pitTime":""}],"lapCount":"1","lastLapS2":"29.83","lastLapS1":"13.53","secondsFromPit":"273","isOnPit":false,"isRaketa":false,"number":"12","pitstops":"0","kart":"0","lastPitMainTime":"0","totalOnTrack":"00:04:33","midLap":"43.373","pilots":[{"onTrack":"00:00:00","name":""}],"bestLapOnSegment":"43.373"},"14":{"pilotName":"Нужний","lag":"01.39","timeFromLassPassing":"6541","endLap":false,"position":"10","lastPitTime":"00:00:00","transponderId":"2261324","teamName":"","lastLap":"44.82","lastLapSec":"45","bestLap":"44.82","segments":[{"pilotName":"","finishTime":"00:00:00","pilotId":"1","totalPilotTime":"00:04:33","neLength":"00:04:33","kart":"0","pitTime":""}],"lapCount":"1","lastLapS2":"31.01","lastLapS1":"13.80","secondsFromPit":"273","isOnPit":false,"isRaketa":false,"number":"14","pitstops":"0","kart":"0","lastPitMainTime":"0","totalOnTrack":"00:04:33","midLap":"44.824","pilots":[{"onTrack":"00:00:00","name":""}],"bestLapOnSegment":"44.824"},"15":{"pilotName":"Гуцуляк","lag":"05.42","timeFromLassPassing":"4885","endLap":false,"position":"7","lastPitTime":"00:00:00","transponderId":"2744699","teamName":"","lastLap":"43.94","lastLapSec":"44","bestLap":"43.94","segments":[{"pilotName":"","finishTime":"00:00:00","pilotId":"1","totalPilotTime":"00:04:33","neLength":"00:04:33","kart":"0","pitTime":""}],"lapCount":"1","lastLapS2":"29.88","lastLapS1":"14.06","secondsFromPit":"273","isOnPit":false,"isRaketa":false,"number":"15","pitstops":"0","kart":"0","lastPitMainTime":"0","totalOnTrack":"00:04:33","midLap":"43.942","pilots":[{"onTrack":"00:00:00","name":""}],"bestLapOnSegment":"43.942"},"16":{"pilotName":"Васильчук","lag":"03.18","timeFromLassPassing":"10795","endLap":false,"position":"5","lastPitTime":"00:00:00","transponderId":"2740799","teamName":"","lastLap":"43.65","lastLapSec":"44","bestLap":"43.65","segments":[{"pilotName":"","finishTime":"00:00:00","pilotId":"1","totalPilotTime":"00:04:33","neLength":"00:04:33","kart":"0","pitTime":""}],"lapCount":"1","lastLapS2":"30.09","lastLapS1":"13.56","secondsFromPit":"273","isOnPit":false,"isRaketa":false,"number":"16","pitstops":"0","kart":"0","lastPitMainTime":"0","totalOnTrack":"00:04:33","midLap":"43.658","pilots":[{"onTrack":"00:00:00","name":""}],"bestLapOnSegment":"43.658"},"17":{"pilotName":"Стасюк","lag":"02.95","timeFromLassPassing":"41234","endLap":false,"position":"14","lastPitTime":"00:00:00","transponderId":"4078493","teamName":"","lastLap":"","lastLapSec":"0","bestLap":"","segments":[{"pilotName":"","finishTime":"00:00:00","pilotId":"1","totalPilotTime":"00:04:33","neLength":"00:04:33","kart":"0","pitTime":""}],"lapCount":"0","lastLapS2":"","lastLapS1":"14.05","secondsFromPit":"273","isOnPit":false,"isRaketa":false,"number":"17","pitstops":"0","kart":"0","lastPitMainTime":"0","totalOnTrack":"00:04:33","midLap":"0","pilots":[{"onTrack":"00:00:00","name":""}],"bestLapOnSegment":""},"18":{"pilotName":"Діо","lag":"3L+01:26.68","timeFromLassPassing":"9483","endLap":false,"position":"2","lastPitTime":"00:00:00","transponderId":"4642517","teamName":"","lastLap":"43.27","lastLapSec":"43","bestLap":"43.27","segments":[{"pilotName":"","finishTime":"00:00:00","pilotId":"1","totalPilotTime":"00:04:33","neLength":"00:04:33","kart":"0","pitTime":""}],"lapCount":"1","lastLapS2":"29.58","lastLapS1":"13.69","secondsFromPit":"273","isOnPit":false,"isRaketa":false,"number":"18","pitstops":"0","kart":"0","lastPitMainTime":"0","totalOnTrack":"00:04:33","midLap":"43.272","pilots":[{"onTrack":"00:00:00","name":""}],"bestLapOnSegment":"43.272"},"33":{"pilotName":"Пашковський","lag":"03.31","timeFromLassPassing":"9858","endLap":false,"position":"11","lastPitTime":"00:00:00","transponderId":"4688335","teamName":"","lastLap":"45.89","lastLapSec":"46","bestLap":"45.89","segments":[{"pilotName":"","finishTime":"00:00:00","pilotId":"1","totalPilotTime":"00:04:33","neLength":"00:04:33","kart":"0","pitTime":""}],"lapCount":"1","lastLapS2":"32.03","lastLapS1":"13.85","secondsFromPit":"273","isOnPit":false,"isRaketa":false,"number":"33","pitstops":"0","kart":"0","lastPitMainTime":"0","totalOnTrack":"00:04:33","midLap":"45.890","pilots":[{"onTrack":"00:00:00","name":""}],"bestLapOnSegment":"45.890"},"44":{"pilotName":"Гетьманцев","lag":"0.54","timeFromLassPassing":"10249","endLap":false,"position":"6","lastPitTime":"00:00:00","transponderId":"5034562","teamName":"","lastLap":"43.85","lastLapSec":"44","bestLap":"43.85","segments":[{"pilotName":"","finishTime":"00:00:00","pilotId":"1","totalPilotTime":"00:04:33","neLength":"00:04:33","kart":"0","pitTime":""}],"lapCount":"1","lastLapS2":"30.09","lastLapS1":"13.75","secondsFromPit":"273","isOnPit":false,"isRaketa":false,"number":"44","pitstops":"0","kart":"0","lastPitMainTime":"0","totalOnTrack":"00:04:33","midLap":"43.856","pilots":[{"onTrack":"00:00:00","name":""}],"bestLapOnSegment":"43.856"},"69":{"pilotName":"Танцюра","lag":"06.44","timeFromLassPassing":"11358","endLap":false,"position":"8","lastPitTime":"00:00:00","transponderId":"6191269","teamName":"","lastLap":"44.20","lastLapSec":"44","bestLap":"44.20","segments":[{"pilotName":"","finishTime":"00:00:00","pilotId":"1","totalPilotTime":"00:04:33","neLength":"00:04:33","kart":"0","pitTime":""}],"lapCount":"1","lastLapS2":"30.37","lastLapS1":"13.82","secondsFromPit":"273","isOnPit":false,"isRaketa":false,"number":"69","pitstops":"0","kart":"0","lastPitMainTime":"0","totalOnTrack":"00:04:33","midLap":"44.202","pilots":[{"onTrack":"00:00:00","name":""}],"bestLapOnSegment":"44.202"}},"compTeamNameFirst":"Команда1","compDiffS2":"-0.0","compDiffS1":"+0.0"},"onBoard":{"karts_on_track":[],"position":"12","timeDiff":"+","firstpos_lag":"0","lastLap":"","onTrack":"04:33.545","position_by_time":"1","sector_2_time":"","karts_on_pit":[],"second_pos_time":"43.272","second_pos_name":"Діо","sector_2_lag":"-","timeLag":"-","sector_1_lag":"-","lapCount":"0","third_pos_time":"43.373","third_pos_name":"Лисенський","sector_1_time":"","totalOnTrack":"00:04:33","prevpos_lag":"+3 laps","nextpos_lag":"0","bestLapOnSegment":"","first_pos_time":"43.011","first_pos_name":"Карт 4"}}