{"onTablo":{"compTeamSecondS2":"0.0","compTeamSecondS1":"0.0","secondPlaceLag":"07.348","teamsByTimestamp":[13,9,7,21,11,18,17,12,14,16,6,69,1,3,10,4,44,33],"bestLapRaceNameTeam":"","finish":true,"compTeamFirstLastLap":"0.0","raceStartedButtonTimestamp":1660941011,"bestLapRaceNumberTeam":"","raceFinishedTimestamp":1660940990,"compDiff":"-0.0","bestLapRaceNamePilot":"","compTeamSecondLastLap":"0.0","secondPlaceName":"Резанко","karts":[1,2,3,4,5,6,7,8,9,10,11,12,13,14,15,16,17,18,19,20,21,22,33,44,69],"compTeamFirstS2":"0.0","compTeamFirstS1":"0.0","compTeamNameSecond":"Команда2","totalRaceTime":"00:06:52","thirdPlaceName":"Маніло","secondPlaceNumber":"13","isRace":false,"firstPlaceNumber":"12","thirdPlaceNumber":"9","bestS2Race":"29.267","firstPlaceLag":"","bestS1Race":"13.287","compLag":"0.0","teams":[{"pilotName":"Ференс","lag":"0","timeFromLassPassing":"11885","endLap":false,"position":"1","lastPitTime":"00:00:00","transponderId":"5957013","teamName":"","lastLap":"42.55","lastLapSec":"43","bestLap":"42.55","segments":[{"pilotName":"","finishTime":"00:00:00","pilotId":"1","totalPilotTime":"00:06:52","neLength":"00:06:52","kart":"0","pitTime":""}],"lapCount":"9","lastLapS2":"29.26","lastLapS1":"13.28","secondsFromPit":"712","isOnPit":false,"isRaketa":true,"number":"12","pitstops":"0","kart":"0","lastPitMainTime":"0","totalOnTrack":"00:06:52","midLap":"43.061","pilots":[{"onTrack":"00:00:00","name":""}],"bestLapOnSegment":"42.554"},{"pilotName":"Резанко","lag":"06.43","timeFromLassPassing":"18254","endLap":false,"position":"2","lastPitTime":"00:00:00","transponderId":"8441658","teamName":"","lastLap":"42.97","lastLapSec":"43","bestLap":"42.93","segments":[{"pilotName":"","finishTime":"00:00:00","pilotId":"1","totalPilotTime":"00:06:52","neLength":"00:06:52","kart":"0","pitTime":""}],"lapCount":"9","lastLapS2":"29.29","lastLapS1":"13.78","secondsFromPit":"712","isOnPit":false,"isRaketa":false,"number":"13","pitstops":"0","kart":"0","lastPitMainTime":"0","totalOnTrack":"00:06:52","midLap":"43.223","pilots":[{"onTrack":"00:00:00","name":""}],"bestLapOnSegment":"42.934"},{"pilotName":"Маніло","lag":"03.54","timeFromLassPassing":"14746","endLap":false,"position":"3","lastPitTime":"00:00:00","transponderId":"2807865","teamName":"","lastLap":"43.43","lastLapSec":"43","bestLap":"43.07","segments":[{"pilotName":"","finishTime":"00:00:00","pilotId":"1","totalPilotTime":"00:06:52","neLength":"00:06:52","kart":"0","pitTime":""}],"lapCount":"9","lastLapS2":"29.66","lastLapS1":"13.62","secondsFromPit":"712","isOnPit":false,"isRaketa":false,"number":"9","pitstops":"0","kart":"0","lastPitMainTime":"0","totalOnTrack":"00:06:52","midLap":"43.429","pilots":[{"onTrack":"00:00:00","name":""}],"bestLapOnSegment":"43.074"},{"pilotName":"Діо","lag":"01.02","timeFromLassPassing":"15723","endLap":false,"position":"4","lastPitTime":"00:00:00","transponderId":"9614994","teamName":"","lastLap":"43.33","lastLapSec":"43","bestLap":"43.08","segments":[{"pilotName":"","finishTime":"00:00:00","pilotId":"1","totalPilotTime":"00:06:52","neLength":"00:06:52","kart":"0","pitTime":""}],"lapCount":"9","lastLapS2":"29.79","lastLapS1":"13.54","secondsFromPit":"712","isOnPit":false,"isRaketa":false,"number":"7","pitstops":"0","kart":"0","lastPitMainTime":"0","totalOnTrack":"00:06:52","midLap":"43.375","pilots":[{"onTrack":"00:00:00","name":""}],"bestLapOnSegment":"43.082"},{"pilotName":"Ждан-Пушкін","lag":"09.48","timeFromLassPassing":"6304","endLap":false,"position":"5","lastPitTime":"00:00:00","transponderId":"4684020","teamName":"","lastLap":"44.05","lastLapSec":"44","bestLap":"43.16","segments":[{"pilotName":"","finishTime":"00:00:00","pilotId":"1","totalPilotTime":"00:06:52","neLength":"00:06:52","kart":"0","pitTime":""}],"lapCount":"9","lastLapS2":"30.42","lastLapS1":"13.63","secondsFromPit":"712","isOnPit":false,"isRaketa":false,"number":"21","pitstops":"0","kart":"0","lastPitMainTime":"0","totalOnTrack":"00:06:52","midLap":"43.798","pilots":[{"onTrack":"00:00:00","name":""}],"bestLapOnSegment":"43.166"},{"pilotName":"Карт 11","lag":"3L+29.53","timeFromLassPassing":"20769","endLap":false,"position":"6","lastPitTime":"00:03:32","transponderId":"2758575","teamName":"","lastLap":"03:05.08","lastLapSec":"185","bestLap":"43.30","segments":[{"pilotName":"","finishTime":"00:00:00","pilotId":"10","totalPilotTime":"00:03:20","neLength":"00:03:20","kart":"0","pitTime":""},{"pilotName":"","finishTime":"00:03:32","pilotId":"1","totalPilotTime":"00:03:32","neLength":"00:03:32","kart":"0","pitTime":"02:29.601"}],"lapCount":"5","lastLapS2":"35.48","lastLapS1":"13.67","secondsFromPit":"51","isOnPit":false,"isRaketa":false,"number":"11","pitstops":"1","kart":"0","lastPitMainTime":"02:29.601","totalOnTrack":"00:03:20","midLap":"43.555","pilots":[{"onTrack":"00:03:32","name":""}],"bestLapOnSegment":"03:05.085"},{"pilotName":"Гуцуляк","lag":"3L+27.02","timeFromLassPassing":"4336","endLap":false,"position":"7","lastPitTime":"00:00:00","transponderId":"4642517","teamName":"","lastLap":"43.45","lastLapSec":"43","bestLap":"43.33","segments":[{"pilotName":"","finishTime":"00:00:00","pilotId":"1","totalPilotTime":"00:06:52","neLength":"00:06:52","kart":"0","pitTime":""}],"lapCount":"9","lastLapS2":"29.53","lastLapS1":"13.92","secondsFromPit":"712","isOnPit":false,"isRaketa":false,"number":"18","pitstops":"0","kart":"0","lastPitMainTime":"0","totalOnTrack":"00:06:52","midLap":"43.758","pilots":[{"onTrack":"00:00:00","name":""}],"bestLapOnSegment":"43.338"},{"pilotName":"Ревчук Саша","lag":"14.37","timeFromLassPassing":"18801","endLap":false,"position":"8","lastPitTime":"00:00:00","transponderId":"4078493","teamName":"","lastLap":"43.39","lastLapSec":"43","bestLap":"43.34","segments":[{"pilotName":"","finishTime":"00:00:00","pilotId":"1","totalPilotTime":"00:06:52","neLength":"00:06:52","kart":"0","pitTime":""}],"lapCount":"9","lastLapS2":"29.65","lastLapS1":"13.74","secondsFromPit":"712","isOnPit":false,"isRaketa":false,"number":"17","pitstops":"0","kart":"0","lastPitMainTime":"0","totalOnTrack":"00:06:52","midLap":"43.645","pilots":[{"onTrack":"00:00:00","name":""}],"bestLapOnSegment":"43.343"},{"pilotName":"Пивоварчук","lag":"18.89","timeFromLassPassing":"43227","endLap":false,"position":"9","lastPitTime":"00:00:00","transponderId":"4688335","teamName":"","lastLap":"43.66","lastLapSec":"44","bestLap":"43.41","segments":[{"pilotName":"","finishTime":"00:00:00","pilotId":"1","totalPilotTime":"00:06:52","neLength":"00:06:52","kart":"0","pitTime":""}],"lapCount":"8","lastLapS2":"29.85","lastLapS1":"13.61","secondsFromPit":"712","isOnPit":false,"isRaketa":false,"number":"33","pitstops":"0","kart":"0","lastPitMainTime":"0","totalOnTrack":"00:06:52","midLap":"43.688","pilots":[{"onTrack":"00:00:00","name":""}],"bestLapOnSegment":"43.419"},{"pilotName":"Лисенський Даня","lag":"15.27","timeFromLassPassing":"13645","endLap":false,"position":"10","lastPitTime":"00:00:00","transponderId":"2261324","teamName":"","lastLap":"44.81","lastLapSec":"45","bestLap":"43.47","segments":[{"pilotName":"","finishTime":"00:00:00","pilotId":"1","totalPilotTime":"00:06:52","neLength":"00:06:52","kart":"0","pitTime":""}],"lapCount":"9","lastLapS2":"30.90","lastLapS1":"13.74","secondsFromPit":"712","isOnPit":false,"isRaketa":false,"number":"14","pitstops":"0","kart":"0","lastPitMainTime":"0","totalOnTrack":"00:06:52","midLap":"44.314","pilots":[{"onTrack":"00:00:00","name":""}],"bestLapOnSegment":"43.473"},{"pilotName":"Панічук","lag":"06.24","timeFromLassPassing":"7397","endLap":false,"position":"11","lastPitTime":"00:00:00","transponderId":"2740799","teamName":"","lastLap":"43.59","lastLapSec":"44","bestLap":"43.50","segments":[{"pilotName":"","finishTime":"00:00:00","pilotId":"1","totalPilotTime":"00:06:52","neLength":"00:06:52","kart":"0","pitTime":""}],"lapCount":"9","lastLapS2":"29.74","lastLapS1":"13.85","secondsFromPit":"712","isOnPit":false,"isRaketa":false,"number":"16","pitstops":"0","kart":"0","lastPitMainTime":"0","totalOnTrack":"00:06:52","midLap":"44.495","pilots":[{"onTrack":"00:00:00","name":""}],"bestLapOnSegment":"43.506"},{"pilotName":"Ревчук Леша","lag":"14.34","timeFromLassPassing":"36668","endLap":false,"position":"12","lastPitTime":"00:00:00","transponderId":"9661676","teamName":"","lastLap":"43.52","lastLapSec":"44","bestLap":"43.52","segments":[{"pilotName":"","finishTime":"00:00:00","pilotId":"1","totalPilotTime":"00:06:52","neLength":"00:06:52","kart":"0","pitTime":"19.633"}],"lapCount":"8","lastLapS2":"29.76","lastLapS1":"13.58","secondsFromPit":"712","isOnPit":false,"isRaketa":false,"number":"6","pitstops":"0","kart":"0","lastPitMainTime":"0","totalOnTrack":"00:06:52","midLap":"46.198","pilots":[{"onTrack":"00:00:00","name":""}],"bestLapOnSegment":"43.520"},{"pilotName":"Пашковський","lag":"02.75","timeFromLassPassing":"33935","endLap":false,"position":"13","lastPitTime":"00:00:00","transponderId":"6191269","teamName":"","lastLap":"44.01","lastLapSec":"44","bestLap":"43.64","segments":[{"pilotName":"","finishTime":"00:00:00","pilotId":"1","totalPilotTime":"00:06:52","neLength":"00:06:52","kart":"0","pitTime":""}],"lapCount":"8","lastLapS2":"30.01","lastLapS1":"13.86","secondsFromPit":"712","isOnPit":false,"isRaketa":false,"number":"69","pitstops":"0","kart":"0","lastPitMainTime":"0","totalOnTrack":"00:06:52","midLap":"43.942","pilots":[{"onTrack":"00:00:00","name":""}],"bestLapOnSegment":"43.647"},{"pilotName":"Павлушко","lag":"14.85","timeFromLassPassing":"5101","endLap":false,"position":"14","lastPitTime":"00:00:00","transponderId":"9739691","teamName":"","lastLap":"43.67","lastLapSec":"44","bestLap":"43.65","segments":[{"pilotName":"","finishTime":"00:00:00","pilotId":"1","totalPilotTime":"00:06:52","neLength":"00:06:52","kart":"0","pitTime":""}],"lapCount":"9","lastLapS2":"29.87","lastLapS1":"13.79","secondsFromPit":"712","isOnPit":false,"isRaketa":false,"number":"1","pitstops":"0","kart":"0","lastPitMainTime":"0","totalOnTrack":"00:06:52","midLap":"44.150","pilots":[{"onTrack":"00:00:00","name":""}],"bestLapOnSegment":"43.658"},{"pilotName":"Слащов","lag":"02.69","timeFromLassPassing":"7835","endLap":false,"position":"15","lastPitTime":"00:00:00","transponderId":"5885393","teamName":"","lastLap":"43.94","lastLapSec":"44","bestLap":"43.86","segments":[{"pilotName":"","finishTime":"00:00:00","pilotId":"1","totalPilotTime":"00:06:52","neLength":"00:06:52","kart":"0","pitTime":""}],"lapCount":"9","lastLapS2":"30.12","lastLapS1":"13.82","secondsFromPit":"712","isOnPit":false,"isRaketa":false,"number":"3","pitstops":"0","kart":"0","lastPitMainTime":"0","totalOnTrack":"00:06:52","midLap":"44.164","pilots":[{"onTrack":"00:00:00","name":""}],"bestLapOnSegment":"43.861"},{"pilotName":"Єлманов","lag":"10.27","timeFromLassPassing":"41480","endLap":false,"position":"16","lastPitTime":"00:00:00","transponderId":"8433860","teamName":"","lastLap":"43.92","lastLapSec":"44","bestLap":"43.92","segments":[{"pilotName":"","finishTime":"00:00:00","pilotId":"1","totalPilotTime":"00:06:52","neLength":"00:06:52","kart":"0","pitTime":"29.047"}],"lapCount":"8","lastLapS2":"29.99","lastLapS1":"13.94","secondsFromPit":"712","isOnPit":false,"isRaketa":false,"number":"10","pitstops":"0","kart":"0","lastPitMainTime":"0","totalOnTrack":"00:06:52","midLap":"45.160","pilots":[{"onTrack":"00:00:00","name":""}],"bestLapOnSegment":"43.920"},{"pilotName":"Соляніков","lag":"03.57","timeFromLassPassing":"37871","endLap":false,"position":"17","lastPitTime":"00:00:00","transponderId":"8431733","teamName":"","lastLap":"44.12","lastLapSec":"44","bestLap":"44.05","segments":[{"pilotName":"","finishTime":"00:00:00","pilotId":"1","totalPilotTime":"00:06:52","neLength":"00:06:52","kart":"0","pitTime":"27.212"}],"lapCount":"8","lastLapS2":"30.32","lastLapS1":"13.80","secondsFromPit":"712","isOnPit":false,"isRaketa":false,"number":"4","pitstops":"0","kart":"0","lastPitMainTime":"0","totalOnTrack":"00:06:52","midLap":"44.980","pilots":[{"onTrack":"00:00:00","name":""}],"bestLapOnSegment":"44.059"},{"pilotName":"Дорош","lag":"02.29","timeFromLassPassing":"40277","endLap":false,"position":"18","lastPitTime":"00:00:00","transponderId":"5034562","teamName":"","lastLap":"45.51","lastLapSec":"46","bestLap":"44.39","segments":[{"pilotName":"","finishTime":"00:00:00","pilotId":"1","totalPilotTime":"00:06:52","neLength":"00:06:52","kart":"0","pitTime":""}],"lapCount":"8","lastLapS2":"31.64","lastLapS1":"13.83","secondsFromPit":"712","isOnPit":false,"isRaketa":false,"number":"44","pitstops":"0","kart":"0","lastPitMainTime":"0","totalOnTrack":"00:06:52","midLap":"45.573","pilots":[{"onTrack":"00:00:00","name":""}],"bestLapOnSegment":"44.393"}],"thirdPlaceLag":"03.385","firstPlaceName":"Ференс","bestLapRace":"42.554","teams2":{"1":{"pilotName":"Павлушко","lag":"14.85","timeFromLassPassing":"5101","endLap":false,"position":"14","lastPitTime":"00:00:00","transponderId":"9739691","teamName":"","lastLap":"43.67","lastLapSec":"44","bestLap":"43.65","segments":[{"pilotName":"","finishTime":"00:00:00","pilotId":"1","totalPilotTime":"00:06:52","neLength":"00:06:52","kart":"0","pitTime":""}],"lapCount":"9","lastLapS2":"29.87","lastLapS1":"13.79","secondsFromPit":"712","isOnPit":false,"isRaketa":false,"number":"1","pitstops":"0","kart":"0","lastPitMainTime":"0","totalOnTrack":"00:06:52","midLap":"44.150","pilots":[{"onTrack":"00:00:00","name":""}],"bestLapOnSegment":"43.658"},"3":{"pilotName":"Слащов","lag":"02.69","timeFromLassPassing":"7835","endLap":false,"position":"15","lastPitTime":"00:00:00","transponderId":"5885393","teamName":"","lastLap":"43.94","lastLapSec":"44","bestLap":"43.86","segments":[{"pilotName":"","finishTime":"00:00:00","pilotId":"1","totalPilotTime":"00:06:52","neLength":"00:06:52","kart":"0","pitTime":""}],"lapCount":"9","lastLapS2":"30.12","lastLapS1":"13.82","secondsFromPit":"712","isOnPit":false,"isRaketa":false,"number":"3","pitstops":"0","kart":"0","lastPitMainTime":"0","totalOnTrack":"00:06:52","midLap":"44.164","pilots":[{"onTrack":"00:00:00","name":""}],"bestLapOnSegment":"43.861"},"4":{"pilotName":"Соляніков","lag":"03.57","timeFromLassPassing":"37871","endLap":false,"position":"17","lastPitTime":"00:00:00","transponderId":"8431733","teamName":"","lastLap":"44.12","lastLapSec":"44","bestLap":"44.05","segments":[{"pilotName":"","finishTime":"00:00:00","pilotId":"1","totalPilotTime":"00:06:52","neLength":"00:06:52","kart":"0","pitTime":"27.212"}],"lapCount":"8","lastLapS2":"30.32","lastLapS1":"13.80","secondsFromPit":"712","isOnPit":false,"isRaketa":false,"number":"4","pitstops":"0","kart":"0","lastPitMainTime":"0","totalOnTrack":"00:06:52","midLap":"44.980","pilots":[{"onTrack":"00:00:00","name":""}],"bestLapOnSegment":"44.059"},"6":{"pilotName":"Ревчук Леша","lag":"14.34","timeFromLassPassing":"36668","endLap":false,"position":"12","lastPitTime":"00:00:00","transponderId":"9661676","teamName":"","lastLap":"43.52","lastLapSec":"44","bestLap":"43.52","segments":[{"pilotName":"","finishTime":"00:00:00","pilotId":"1","totalPilotTime":"00:06:52","neLength":"00:06:52","kart":"0","pitTime":"19.633"}],"lapCount":"8","lastLapS2":"29.76","lastLapS1":"13.58","secondsFromPit":"712","isOnPit":false,"isRaketa":false,"number":"6","pitstops":"0","kart":"0","lastPitMainTime":"0","totalOnTrack":"00:06:52","midLap":"46.198","pilots":[{"onTrack":"00:00:00","name":""}],"bestLapOnSegment":"43.520"},"7":{"pilotName":"Діо","lag":"01.02","timeFromLassPassing":"15723","endLap":false,"position":"4","lastPitTime":"00:00:00","transponderId":"9614994","teamName":"","lastLap":"43.33","lastLapSec":"43","bestLap":"43.08","segments":[{"pilotName":"","finishTime":"00:00:00","pilotId":"1","totalPilotTime":"00:06:52","neLength":"00:06:52","kart":"0","pitTime":""}],"lapCount":"9","lastLapS2":"29.79","lastLapS1":"13.54","secondsFromPit":"712","isOnPit":false,"isRaketa":false,"number":"7","pitstops":"0","kart":"0","lastPitMainTime":"0","totalOnTrack":"00:06:52","midLap":"43.375","pilots":[{"onTrack":"00:00:00","name":""}],"bestLapOnSegment":"43.082"},"9":{"pilotName":"Маніло","lag":"03.54","timeFromLassPassing":"14746","endLap":false,"position":"3","lastPitTime":"00:00:00","transponderId":"2807865","teamName":"","lastLap":"43.43","lastLapSec":"43","bestLap":"43.07","segments":[{"pilotName":"","finishTime":"00:00:00","pilotId":"1","totalPilotTime":"00:06:52","neLength":"00:06:52","kart":"0","pitTime":""}],"lapCount":"9","lastLapS2":"29.66","lastLapS1":"13.62","secondsFromPit":"712","isOnPit":false,"isRaketa":false,"number":"9","pitstops":"0","kart":"0","lastPitMainTime":"0","totalOnTrack":"00:06:52","midLap":"43.429","pilots":[{"onTrack":"00:00:00","name":""}],"bestLapOnSegment":"43.074"},"10":{"pilotName":"Єлманов","lag":"10.27","timeFromLassPassing":"41480","endLap":false,"position":"16","lastPitTime":"00:00:00","transponderId":"8433860","teamName":"","lastLap":"43.92","lastLapSec":"44","bestLap":"43.92","segments":[{"pilotName":"","finishTime":"00:00:00","pilotId":"1","totalPilotTime":"00:06:52","neLength":"00:06:52","kart":"0","pitTime":"29.047"}],"lapCount":"8","lastLapS2":"29.99","lastLapS1":"13.94","secondsFromPit":"712","isOnPit":false,"isRaketa":false,"number":"10","pitstops":"0","kart":"0","lastPitMainTime":"0","totalOnTrack":"00:06:52","midLap":"45.160","pilots":[{"onTrack":"00:00:00","name":""}],"bestLapOnSegment":"43.920"},"11":{"pilotName":"Карт 11","lag":"3L+29.53","timeFromLassPassing":"20769","endLap":false,"position":"6","lastPitTime":"00:03:32","transponderId":"2758575","teamName":"","lastLap":"03:05.08","lastLapSec":"185","bestLap":"43.30","segments":[{"pilotName":"","finishTime":"00:00:00","pilotId":"10","totalPilotTime":"00:03:20","neLength":"00:03:20","kart":"0","pitTime":""},{"pilotName":"","finishTime":"00:03:32","pilotId":"1","totalPilotTime":"00:03:32","neLength":"00:03:32","kart":"0","pitTime":"02:29.601"}],"lapCount":"5","lastLapS2":"35.48","lastLapS1":"13.67","secondsFromPit":"51","isOnPit":false,"isRaketa":false,"number":"11","pitstops":"1","kart":"0","lastPitMainTime":"02:29.601","totalOnTrack":"00:03:20","midLap":"43.555","pilots":[{"onTrack":"00:03:32","name":""}],"bestLapOnSegment":"03:05.085"},"12":{"pilotName":"Ференс","lag":"0","timeFromLassPassing":"11885","endLap":false,"position":"1","lastPitTime":"00:00:00","transponderId":"5957013","teamName":"","lastLap":"42.55","lastLapSec":"43","bestLap":"42.55","segments":[{"pilotName":"","finishTime":"00:00:00","pilotId":"1","totalPilotTime":"00:06:52","neLength":"00:06:52","kart":"0","pitTime":""}],"lapCount":"9","lastLapS2":"29.26","lastLapS1":"13.28","secondsFromPit":"712","isOnPit":false,"isRaketa":true,"number":"12","pitstops":"0","kart":"0","lastPitMainTime":"0","totalOnTrack":"00:06:52","midLap":"43.061","pilots":[{"onTrack":"00:00:00","name":""}],"bestLapOnSegment":"42.554"},"13":{"pilotName":"Резанко","lag":"06.43","timeFromLassPassing":"18254","endLap":false,"position":"2","lastPitTime":"00:00:00","transponderId":"8441658","teamName":"","lastLap":"42.97","lastLapSec":"43","bestLap":"42.93","segments":[{"pilotName":"","finishTime":"00:00:00","pilotId":"1","totalPilotTime":"00:06:52","neLength":"00:06:52","kart":"0","pitTime":""}],"lapCount":"9","lastLapS2":"29.29","lastLapS1":"13.78","secondsFromPit":"712","isOnPit":false,"isRaketa":false,"number":"13","pitstops":"0","kart":"0","lastPitMainTime":"0","totalOnTrack":"00:06:52","midLap":"43.223","pilots":[{"onTrack":"00:00:00","name":""}],"bestLapOnSegment":"42.934"},"14":{"pilotName":"Лисенський Даня","lag":"15.27","timeFromLassPassing":"13645","endLap":false,"position":"10","lastPitTime":"00:00:00","transponderId":"2261324","teamName":"","lastLap":"44.81","lastLapSec":"45","bestLap":"43.47","segments":[{"pilotName":"","finishTime":"00:00:00","pilotId":"1","totalPilotTime":"00:06:52","neLength":"00:06:52","kart":"0","pitTime":""}],"lapCount":"9","lastLapS2":"30.90","lastLapS1":"13.74","secondsFromPit":"712","isOnPit":false,"isRaketa":false,"number":"14","pitstops":"0","kart":"0","lastPitMainTime":"0","totalOnTrack":"00:06:52","midLap":"44.314","pilots":[{"onTrack":"00:00:00","name":""}],"bestLapOnSegment":"43.473"},"16":{"pilotName":"Панічук","lag":"06.24","timeFromLassPassing":"7397","endLap":false,"position":"11","lastPitTime":"00:00:00","transponderId":"2740799","teamName":"","lastLap":"43.59","lastLapSec":"44","bestLap":"43.50","segments":[{"pilotName":"","finishTime":"00:00:00","pilotId":"1","totalPilotTime":"00:06:52","neLength":"00:06:52","kart":"0","pitTime":""}],"lapCount":"9","lastLapS2":"29.74","lastLapS1":"13.85","secondsFromPit":"712","isOnPit":false,"isRaketa":false,"number":"16","pitstops":"0","kart":"0","lastPitMainTime":"0","totalOnTrack":"00:06:52","midLap":"44.495","pilots":[{"onTrack":"00:00:00","name":""}],"bestLapOnSegment":"43.506"},"17":{"pilotName":"Ревчук Саша","lag":"14.37","timeFromLassPassing":"18801","endLap":false,"position":"8","lastPitTime":"00:00:00","transponderId":"4078493","teamName":"","lastLap":"43.39","lastLapSec":"43","bestLap":"43.34","segments":[{"pilotName":"","finishTime":"00:00:00","pilotId":"1","totalPilotTime":"00:06:52","neLength":"00:06:52","kart":"0","pitTime":""}],"lapCount":"9","lastLapS2":"29.65","lastLapS1":"13.74","secondsFromPit":"712","isOnPit":false,"isRaketa":false,"number":"17","pitstops":"0","kart":"0","lastPitMainTime":"0","totalOnTrack":"00:06:52","midLap":"43.645","pilots":[{"onTrack":"00:00:00","name":""}],"bestLapOnSegment":"43.343"},"18":{"pilotName":"Гуцуляк","lag":"3L+27.02","timeFromLassPassing":"4336","endLap":false,"position":"7","lastPitTime":"00:00:00","transponderId":"4642517","teamName":"","lastLap":"43.45","lastLapSec":"43","bestLap":"43.33","segments":[{"pilotName":"","finishTime":"00:00:00","pilotId":"1","totalPilotTime":"00:06:52","neLength":"00:06:52","kart":"0","pitTime":""}],"lapCount":"9","lastLapS2":"29.53","lastLapS1":"13.92","secondsFromPit":"712","isOnPit":false,"isRaketa":false,"number":"18","pitstops":"0","kart":"0","lastPitMainTime":"0","totalOnTrack":"00:06:52","midLap":"43.758","pilots":[{"onTrack":"00:00:00","name":""}],"bestLapOnSegment":"43.338"},"21":{"pilotName":"Ждан-Пушкін","lag":"09.48","timeFromLassPassing":"6304","endLap":false,"position":"5","lastPitTime":"00:00:00","transponderId":"4684020","teamName":"","lastLap":"44.05","lastLapSec":"44","bestLap":"43.16","segments":[{"pilotName":"","finishTime":"00:00:00","pilotId":"1","totalPilotTime":"00:06:52","neLength":"00:06:52","kart":"0","pitTime":""}],"lapCount":"9","lastLapS2":"30.42","lastLapS1":"13.63","secondsFromPit":"712","isOnPit":false,"isRaketa":false,"number":"21","pitstops":"0","kart":"0","lastPitMainTime":"0","totalOnTrack":"00:06:52","midLap":"43.798","pilots":[{"onTrack":"00:00:00","name":""}],"bestLapOnSegment":"43.166"},"33":{"pilotName":"Пивоварчук","lag":"18.89","timeFromLassPassing":"43227","endLap":false,"position":"9","lastPitTime":"00:00:00","transponderId":"4688335","teamName":"","lastLap":"43.66","lastLapSec":"44","bestLap":"43.41","segments":[{"pilotName":"","finishTime":"00:00:00","pilotId":"1","totalPilotTime":"00:06:52","neLength":"00:06:52","kart":"0","pitTime":""}],"lapCount":"8","lastLapS2":"29.85","lastLapS1":"13.61","secondsFromPit":"712","isOnPit":false,"isRaketa":false,"number":"33","pitstops":"0","kart":"0","lastPitMainTime":"0","totalOnTrack":"00:06:52","midLap":"43.688","pilots":[{"onTrack":"00:00:00","name":""}],"bestLapOnSegment":"43.419"},"44":{"pilotName":"Дорош","lag":"02.29","timeFromLassPassing":"40277","endLap":false,"position":"18","lastPitTime":"00:00:00","transponderId":"5034562","teamName":"","lastLap":"45.51","lastLapSec":"46","bestLap":"44.39","segments":[{"pilotName":"","finishTime":"00:00:00","pilotId":"1","totalPilotTime":"00:06:52","neLength":"00:06:52","kart":"0","pitTime":""}],"lapCount":"8","lastLapS2":"31.64","lastLapS1":"13.83","secondsFromPit":"712","isOnPit":false,"isRaketa":false,"number":"44","pitstops":"0","kart":"0","lastPitMainTime":"0","totalOnTrack":"00:06:52","midLap":"45.573","pilots":[{"onTrack":"00:00:00","name":""}],"bestLapOnSegment":"44.393"},"69":{"pilotName":"Пашковський","lag":"02.75","timeFromLassPassing":"33935","endLap":false,"position":"13","lastPitTime":"00:00:00","transponderId":"6191269","teamName":"","lastLap":"44.01","lastLapSec":"44","bestLap":"43.64","segments":[{"pilotName":"","finishTime":"00:00:00","pilotId":"1","totalPilotTime":"00:06:52","neLength":"00:06:52","kart":"0","pitTime":""}],"lapCount":"8","lastLapS2":"30.01","lastLapS1":"13.86","secondsFromPit":"712","isOnPit":false,"isRaketa":false,"number":"69","pitstops":"0","kart":"0","lastPitMainTime":"0","totalOnTrack":"00:06:52","midLap":"43.942","pilots":[{"onTrack":"00:00:00","name":""}],"bestLapOnSegment":"43.647"}},"compTeamNameFirst":"Команда1","compDiffS2":"-0.0","compDiffS1":"+0.0"},"onBoard":{"karts_on_track":[],"position":"10","timeDiff":"-0.017","firstpos_lag":"-06.712","lastLap":"43.675","onTrack":"06:52.526","position_by_time":"14","sector_2_time":"29.87","karts_on_pit":[],"second_pos_time":"42.934","second_pos_name":"Резанко","sector_2_lag":"-0.611","timeLag":"-01.121","sector_1_lag":"-0.510","lapCount":"9","third_pos_time":"43.074","third_pos_name":"Маніло","sector_1_time":"13.79","totalOnTrack":"00:06:52","prevpos_lag":"+","nextpos_lag":"--1 laps","bestLapOnSegment":"43.658","first_pos_time":"42.554","first_pos_name":"Ференс"}}