{"onTablo":{"compTeamSecondS2":"0.0","compTeamSecondS1":"0.0","secondPlaceLag":"","teamsByTimestamp":[12,9,7,17,13,11,33,18,6,21,16,1,69,4,3,10,44,14],"bestLapRaceNameTeam":"","finish":true,"compTeamFirstLastLap":"0.0","raceStartedButtonTimestamp":1660941011,"bestLapRaceNumberTeam":"","raceFinishedTimestamp":1660940990,"compDiff":"-0.0","bestLapRaceNamePilot":"","compTeamSecondLastLap":"0.0","secondPlaceName":"Резанко","karts":[1,2,3,4,5,6,7,8,9,10,11,12,13,14,15,16,17,18,19,20,21,22,33,44,69],"compTeamFirstS2":"0.0","compTeamFirstS1":"0.0","compTeamNameSecond":"Команда2","totalRaceTime":"00:08:06","thirdPlaceName":"Маніло","secondPlaceNumber":"13","isRace":false,"firstPlaceNumber":"12","thirdPlaceNumber":"9","bestS2Race":"29.223","firstPlaceLag":"","bestS1Race":"13.287","compLag":"0.0","teams":[{"pilotName":"Ференс","lag":"0","timeFromLassPassing":"808","endLap":true,"position":"1","lastPitTime":"00:00:00","transponderId":"5957013","teamName":"","lastLap":"42.61","lastLapSec":"43","bestLap":"42.55","segments":[{"pilotName":"","finishTime":"00:00:00","pilotId":"1","totalPilotTime":"00:08:06","neLength":"00:08:06","kart":"0","pitTime":""}],"lapCount":"11","lastLapS2":"29.24","lastLapS1":"13.37","secondsFromPit":"786","isOnPit":false,"isRaketa":true,"number":"12","pitstops":"0","kart":"0","lastPitMainTime":"0","totalOnTrack":"00:08:06","midLap":"42.976","pilots":[{"onTrack":"00:00:00","name":""}],"bestLapOnSegment":"42.554"},{"pilotName":"Резанко","lag":"05.31","timeFromLassPassing":"6182","endLap":false,"position":"2","lastPitTime":"00:00:00","transponderId":"8441658","teamName":"","lastLap":"43.13","lastLapSec":"43","bestLap":"42.93","segments":[{"pilotName":"","finishTime":"00:00:00","pilotId":"1","totalPilotTime":"00:08:06","neLength":"00:08:06","kart":"0","pitTime":""}],"lapCount":"11","lastLapS2":"29.46","lastLapS1":"13.67","secondsFromPit":"786","isOnPit":false,"isRaketa":false,"number":"13","pitstops":"0","kart":"0","lastPitMainTime":"0","totalOnTrack":"00:08:06","midLap":"43.211","pilots":[{"onTrack":"00:00:00","name":""}],"bestLapOnSegment":"42.934"},{"pilotName":"Маніло","lag":"03.36","timeFromLassPassing":"2783","endLap":false,"position":"3","lastPitTime":"00:00:00","transponderId":"2807865","teamName":"","lastLap":"43.10","lastLapSec":"43","bestLap":"43.02","segments":[{"pilotName":"","finishTime":"00:00:00","pilotId":"1","totalPilotTime":"00:08:06","neLength":"00:08:06","kart":"0","pitTime":""}],"lapCount":"11","lastLapS2":"29.40","lastLapS1":"13.69","secondsFromPit":"786","isOnPit":false,"isRaketa":false,"number":"9","pitstops":"0","kart":"0","lastPitMainTime":"0","totalOnTrack":"00:08:06","midLap":"43.363","pilots":[{"onTrack":"00:00:00","name":""}],"bestLapOnSegment":"43.026"},{"pilotName":"Діо","lag":"0.49","timeFromLassPassing":"3330","endLap":false,"position":"4","lastPitTime":"00:00:00","transponderId":"9614994","teamName":"","lastLap":"43.14","lastLapSec":"43","bestLap":"43.08","segments":[{"pilotName":"","finishTime":"00:00:00","pilotId":"1","totalPilotTime":"00:08:06","neLength":"00:08:06","kart":"0","pitTime":""}],"lapCount":"11","lastLapS2":"29.68","lastLapS1":"13.45","secondsFromPit":"786","isOnPit":false,"isRaketa":false,"number":"7","pitstops":"0","kart":"0","lastPitMainTime":"0","totalOnTrack":"00:08:06","midLap":"43.367","pilots":[{"onTrack":"00:00:00","name":""}],"bestLapOnSegment":"43.082"},{"pilotName":"Ревчук Саша","lag":"01.85","timeFromLassPassing":"5197","endLap":false,"position":"5","lastPitTime":"00:00:00","transponderId":"4078493","teamName":"","lastLap":"43.12","lastLapSec":"43","bestLap":"43.12","segments":[{"pilotName":"","finishTime":"00:00:00","pilotId":"1","totalPilotTime":"00:08:06","neLength":"00:08:06","kart":"0","pitTime":""}],"lapCount":"11","lastLapS2":"29.39","lastLapS1":"13.72","secondsFromPit":"786","isOnPit":false,"isRaketa":false,"number":"17","pitstops":"0","kart":"0","lastPitMainTime":"0","totalOnTrack":"00:08:06","midLap":"43.690","pilots":[{"onTrack":"00:00:00","name":""}],"bestLapOnSegment":"43.122"},{"pilotName":"Ждан-Пушкін","lag":"11.23","timeFromLassPassing":"36959","endLap":false,"position":"6","lastPitTime":"00:00:00","transponderId":"4684020","teamName":"","lastLap":"43.44","lastLapSec":"43","bestLap":"43.16","segments":[{"pilotName":"","finishTime":"00:00:00","pilotId":"1","totalPilotTime":"00:08:06","neLength":"00:08:06","kart":"0","pitTime":""}],"lapCount":"10","lastLapS2":"29.76","lastLapS1":"13.55","secondsFromPit":"786","isOnPit":false,"isRaketa":false,"number":"21","pitstops":"0","kart":"0","lastPitMainTime":"0","totalOnTrack":"00:08:06","midLap":"43.762","pilots":[{"onTrack":"00:00:00","name":""}],"bestLapOnSegment":"43.166"},{"pilotName":"Карт 11","lag":"3L+28.51","timeFromLassPassing":"8468","endLap":false,"position":"7","lastPitTime":"00:03:32","transponderId":"2758575","teamName":"","lastLap":"43.26","lastLapSec":"43","bestLap":"43.20","segments":[{"pilotName":"","finishTime":"00:00:00","pilotId":"10","totalPilotTime":"00:04:34","neLength":"00:04:34","kart":"0","pitTime":""},{"pilotName":"","finishTime":"00:03:32","pilotId":"1","totalPilotTime":"00:03:32","neLength":"00:03:32","kart":"0","pitTime":"02:29.601"}],"lapCount":"7","lastLapS2":"29.62","lastLapS1":"13.64","secondsFromPit":"125","isOnPit":false,"isRaketa":false,"number":"11","pitstops":"1","kart":"0","lastPitMainTime":"02:29.601","totalOnTrack":"00:04:34","midLap":"43.448","pilots":[{"onTrack":"00:03:32","name":""}],"bestLapOnSegment":"43.202"},{"pilotName":"Пивоварчук","lag":"3L+22.04","timeFromLassPassing":"30586","endLap":false,"position":"8","lastPitTime":"00:00:00","transponderId":"4688335","teamName":"","lastLap":"43.60","lastLapSec":"44","bestLap":"43.26","segments":[{"pilotName":"","finishTime":"00:00:00","pilotId":"1","totalPilotTime":"00:08:06","neLength":"00:08:06","kart":"0","pitTime":""}],"lapCount":"10","lastLapS2":"29.72","lastLapS1":"13.60","secondsFromPit":"786","isOnPit":false,"isRaketa":false,"number":"33","pitstops":"0","kart":"0","lastPitMainTime":"0","totalOnTrack":"00:08:06","midLap":"43.638","pilots":[{"onTrack":"00:00:00","name":""}],"bestLapOnSegment":"43.267"},{"pilotName":"Гуцуляк","lag":"04.55","timeFromLassPassing":"35100","endLap":false,"position":"9","lastPitTime":"00:00:00","transponderId":"4642517","teamName":"","lastLap":"43.44","lastLapSec":"43","bestLap":"43.33","segments":[{"pilotName":"","finishTime":"00:00:00","pilotId":"1","totalPilotTime":"00:08:06","neLength":"00:08:06","kart":"0","pitTime":""}],"lapCount":"10","lastLapS2":"29.69","lastLapS1":"13.85","secondsFromPit":"786","isOnPit":false,"isRaketa":false,"number":"18","pitstops":"0","kart":"0","lastPitMainTime":"0","totalOnTrack":"00:08:06","midLap":"43.726","pilots":[{"onTrack":"00:00:00","name":""}],"bestLapOnSegment":"43.338"},{"pilotName":"Ревчук Леша","lag":"11.00","timeFromLassPassing":"24124","endLap":false,"position":"10","lastPitTime":"00:00:00","transponderId":"9661676","teamName":"","lastLap":"43.43","lastLapSec":"43","bestLap":"43.35","segments":[{"pilotName":"","finishTime":"00:00:00","pilotId":"1","totalPilotTime":"00:08:06","neLength":"00:08:06","kart":"0","pitTime":"19.633"}],"lapCount":"10","lastLapS2":"29.75","lastLapS1":"13.75","secondsFromPit":"786","isOnPit":false,"isRaketa":false,"number":"6","pitstops":"0","kart":"0","lastPitMainTime":"0","totalOnTrack":"00:08:06","midLap":"45.637","pilots":[{"onTrack":"00:00:00","name":""}],"bestLapOnSegment":"43.354"},{"pilotName":"Лисенський Даня","lag":"19.98","timeFromLassPassing":"44067","endLap":false,"position":"11","lastPitTime":"00:00:00","transponderId":"2261324","teamName":"","lastLap":"43.79","lastLapSec":"44","bestLap":"43.47","segments":[{"pilotName":"","finishTime":"00:00:00","pilotId":"1","totalPilotTime":"00:08:06","neLength":"00:08:06","kart":"0","pitTime":""}],"lapCount":"10","lastLapS2":"30.05","lastLapS1":"13.80","secondsFromPit":"786","isOnPit":false,"isRaketa":false,"number":"14","pitstops":"0","kart":"0","lastPitMainTime":"0","totalOnTrack":"00:08:06","midLap":"44.262","pilots":[{"onTrack":"00:00:00","name":""}],"bestLapOnSegment":"43.473"},{"pilotName":"Панічук","lag":"06.30","timeFromLassPassing":"37725","endLap":false,"position":"12","lastPitTime":"00:00:00","transponderId":"2740799","teamName":"","lastLap":"43.85","lastLapSec":"44","bestLap":"43.50","segments":[{"pilotName":"","finishTime":"00:00:00","pilotId":"1","totalPilotTime":"00:08:06","neLength":"00:08:06","kart":"0","pitTime":""}],"lapCount":"10","lastLapS2":"30.00","lastLapS1":"13.80","secondsFromPit":"786","isOnPit":false,"isRaketa":false,"number":"16","pitstops":"0","kart":"0","lastPitMainTime":"0","totalOnTrack":"00:08:06","midLap":"44.432","pilots":[{"onTrack":"00:00:00","name":""}],"bestLapOnSegment":"43.506"},{"pilotName":"Павлушко","lag":"02.06","timeFromLassPassing":"35647","endLap":false,"position":"13","lastPitTime":"00:00:00","transponderId":"9739691","teamName":"","lastLap":"43.59","lastLapSec":"44","bestLap":"43.59","segments":[{"pilotName":"","finishTime":"00:00:00","pilotId":"1","totalPilotTime":"00:08:06","neLength":"00:08:06","kart":"0","pitTime":""}],"lapCount":"10","lastLapS2":"29.83","lastLapS1":"13.82","secondsFromPit":"786","isOnPit":false,"isRaketa":false,"number":"1","pitstops":"0","kart":"0","lastPitMainTime":"0","totalOnTrack":"00:08:06","midLap":"44.094","pilots":[{"onTrack":"00:00:00","name":""}],"bestLapOnSegment":"43.597"},{"pilotName":"Пашковський","lag":"15.32","timeFromLassPassing":"20399","endLap":false,"position":"14","lastPitTime":"00:00:00","transponderId":"6191269","teamName":"","lastLap":"43.99","lastLapSec":"44","bestLap":"43.64","segments":[{"pilotName":"","finishTime":"00:00:00","pilotId":"1","totalPilotTime":"00:08:06","neLength":"00:08:06","kart":"0","pitTime":""}],"lapCount":"10","lastLapS2":"30.04","lastLapS1":"13.86","secondsFromPit":"786","isOnPit":false,"isRaketa":false,"number":"69","pitstops":"0","kart":"0","lastPitMainTime":"0","totalOnTrack":"00:08:06","midLap":"43.927","pilots":[{"onTrack":"00:00:00","name":""}],"bestLapOnSegment":"43.647"},{"pilotName":"Соляніков","lag":"03.18","timeFromLassPassing":"23577","endLap":false,"position":"15","lastPitTime":"00:00:00","transponderId":"8431733","teamName":"","lastLap":"44.82","lastLapSec":"45","bestLap":"43.71","segments":[{"pilotName":"","finishTime":"00:00:00","pilotId":"1","totalPilotTime":"00:08:06","neLength":"00:08:06","kart":"0","pitTime":"27.212"}],"lapCount":"10","lastLapS2":"30.88","lastLapS1":"13.87","secondsFromPit":"786","isOnPit":false,"isRaketa":false,"number":"4","pitstops":"0","kart":"0","lastPitMainTime":"0","totalOnTrack":"00:08:06","midLap":"44.837","pilots":[{"onTrack":"00:00:00","name":""}],"bestLapOnSegment":"43.711"},{"pilotName":"Слащов","lag":"14.53","timeFromLassPassing":"38053","endLap":false,"position":"16","lastPitTime":"00:00:00","transponderId":"5885393","teamName":"","lastLap":"43.90","lastLapSec":"44","bestLap":"43.86","segments":[{"pilotName":"","finishTime":"00:00:00","pilotId":"1","totalPilotTime":"00:08:06","neLength":"00:08:06","kart":"0","pitTime":""}],"lapCount":"10","lastLapS2":"30.05","lastLapS1":"13.68","secondsFromPit":"786","isOnPit":false,"isRaketa":false,"number":"3","pitstops":"0","kart":"0","lastPitMainTime":"0","totalOnTrack":"00:08:06","midLap":"44.138","pilots":[{"onTrack":"00:00:00","name":""}],"bestLapOnSegment":"43.861"},{"pilotName":"Єлманов","lag":"10.51","timeFromLassPassing":"27633","endLap":false,"position":"17","lastPitTime":"00:00:00","transponderId":"8433860","teamName":"","lastLap":"44.16","lastLapSec":"44","bestLap":"43.92","segments":[{"pilotName":"","finishTime":"00:00:00","pilotId":"1","totalPilotTime":"00:08:06","neLength":"00:08:06","kart":"0","pitTime":"29.047"}],"lapCount":"10","lastLapS2":"30.26","lastLapS1":"14.01","secondsFromPit":"786","isOnPit":false,"isRaketa":false,"number":"10","pitstops":"0","kart":"0","lastPitMainTime":"0","totalOnTrack":"00:08:06","midLap":"44.936","pilots":[{"onTrack":"00:00:00","name":""}],"bestLapOnSegment":"43.920"},{"pilotName":"Дорош","lag":"04.76","timeFromLassPassing":"22812","endLap":false,"position":"18","lastPitTime":"00:00:00","transponderId":"5034562","teamName":"","lastLap":"46.56","lastLapSec":"47","bestLap":"44.39","segments":[{"pilotName":"","finishTime":"00:00:00","pilotId":"1","totalPilotTime":"00:08:06","neLength":"00:08:06","kart":"0","pitTime":""}],"lapCount":"10","lastLapS2":"32.63","lastLapS1":"13.91","secondsFromPit":"786","isOnPit":false,"isRaketa":false,"number":"44","pitstops":"0","kart":"0","lastPitMainTime":"0","totalOnTrack":"00:08:06","midLap":"45.614","pilots":[{"onTrack":"00:00:00","name":""}],"bestLapOnSegment":"44.393"}],"thirdPlaceLag":"03.364","firstPlaceName":"Ференс","bestLapRace":"42.554","teams2":{"1":{"pilotName":"Павлушко","lag":"02.06","timeFromLassPassing":"35647","endLap":false,"position":"13","lastPitTime":"00:00:00","transponderId":"9739691","teamName":"","lastLap":"43.59","lastLapSec":"44","bestLap":"43.59","segments":[{"pilotName":"","finishTime":"00:00:00","pilotId":"1","totalPilotTime":"00:08:06","neLength":"00:08:06","kart":"0","pitTime":""}],"lapCount":"10","lastLapS2":"29.83","lastLapS1":"13.82","secondsFromPit":"786","isOnPit":false,"isRaketa":false,"number":"1","pitstops":"0","kart":"0","lastPitMainTime":"0","totalOnTrack":"00:08:06","midLap":"44.094","pilots":[{"onTrack":"00:00:00","name":""}],"bestLapOnSegment":"43.597"},"3":{"pilotName":"Слащов","lag":"14.53","timeFromLassPassing":"38053","endLap":false,"position":"16","lastPitTime":"00:00:00","transponderId":"5885393","teamName":"","lastLap":"43.90","lastLapSec":"44","bestLap":"43.86","segments":[{"pilotName":"","finishTime":"00:00:00","pilotId":"1","totalPilotTime":"00:08:06","neLength":"00:08:06","kart":"0","pitTime":""}],"lapCount":"10","lastLapS2":"30.05","lastLapS1":"13.68","secondsFromPit":"786","isOnPit":false,"isRaketa":false,"number":"3","pitstops":"0","kart":"0","lastPitMainTime":"0","totalOnTrack":"00:08:06","midLap":"44.138","pilots":[{"onTrack":"00:00:00","name":""}],"bestLapOnSegment":"43.861"},"4":{"pilotName":"Соляніков","lag":"03.18","timeFromLassPassing":"23577","endLap":false,"position":"15","lastPitTime":"00:00:00","transponderId":"8431733","teamName":"","lastLap":"44.82","lastLapSec":"45","bestLap":"43.71","segments":[{"pilotName":"","finishTime":"00:00:00","pilotId":"1","totalPilotTime":"00:08:06","neLength":"00:08:06","kart":"0","pitTime":"27.212"}],"lapCount":"10","lastLapS2":"30.88","lastLapS1":"13.87","secondsFromPit":"786","isOnPit":false,"isRaketa":false,"number":"4","pitstops":"0","kart":"0","lastPitMainTime":"0","totalOnTrack":"00:08:06","midLap":"44.837","pilots":[{"onTrack":"00:00:00","name":""}],"bestLapOnSegment":"43.711"},"6":{"pilotName":"Ревчук Леша","lag":"11.00","timeFromLassPassing":"24124","endLap":false,"position":"10","lastPitTime":"00:00:00","transponderId":"9661676","teamName":"","lastLap":"43.43","lastLapSec":"43","bestLap":"43.35","segments":[{"pilotName":"","finishTime":"00:00:00","pilotId":"1","totalPilotTime":"00:08:06","neLength":"00:08:06","kart":"0","pitTime":"19.633"}],"lapCount":"10","lastLapS2":"29.75","lastLapS1":"13.75","secondsFromPit":"786","isOnPit":false,"isRaketa":false,"number":"6","pitstops":"0","kart":"0","lastPitMainTime":"0","totalOnTrack":"00:08:06","midLap":"45.637","pilots":[{"onTrack":"00:00:00","name":""}],"bestLapOnSegment":"43.354"},"7":{"pilotName":"Діо","lag":"0.49","timeFromLassPassing":"3330","endLap":false,"position":"4","lastPitTime":"00:00:00","transponderId":"9614994","teamName":"","lastLap":"43.14","lastLapSec":"43","bestLap":"43.08","segments":[{"pilotName":"","finishTime":"00:00:00","pilotId":"1","totalPilotTime":"00:08:06","neLength":"00:08:06","kart":"0","pitTime":""}],"lapCount":"11","lastLapS2":"29.68","lastLapS1":"13.45","secondsFromPit":"786","isOnPit":false,"isRaketa":false,"number":"7","pitstops":"0","kart":"0","lastPitMainTime":"0","totalOnTrack":"00:08:06","midLap":"43.367","pilots":[{"onTrack":"00:00:00","name":""}],"bestLapOnSegment":"43.082"},"9":{"pilotName":"Маніло","lag":"03.36","timeFromLassPassing":"2783","endLap":false,"position":"3","lastPitTime":"00:00:00","transponderId":"2807865","teamName":"","lastLap":"43.10","lastLapSec":"43","bestLap":"43.02","segments":[{"pilotName":"","finishTime":"00:00:00","pilotId":"1","totalPilotTime":"00:08:06","neLength":"00:08:06","kart":"0","pitTime":""}],"lapCount":"11","lastLapS2":"29.40","lastLapS1":"13.69","secondsFromPit":"786","isOnPit":false,"isRaketa":false,"number":"9","pitstops":"0","kart":"0","lastPitMainTime":"0","totalOnTrack":"00:08:06","midLap":"43.363","pilots":[{"onTrack":"00:00:00","name":""}],"bestLapOnSegment":"43.026"},"10":{"pilotName":"Єлманов","lag":"10.51","timeFromLassPassing":"27633","endLap":false,"position":"17","lastPitTime":"00:00:00","transponderId":"8433860","teamName":"","lastLap":"44.16","lastLapSec":"44","bestLap":"43.92","segments":[{"pilotName":"","finishTime":"00:00:00","pilotId":"1","totalPilotTime":"00:08:06","neLength":"00:08:06","kart":"0","pitTime":"29.047"}],"lapCount":"10","lastLapS2":"30.26","lastLapS1":"14.01","secondsFromPit":"786","isOnPit":false,"isRaketa":false,"number":"10","pitstops":"0","kart":"0","lastPitMainTime":"0","totalOnTrack":"00:08:06","midLap":"44.936","pilots":[{"onTrack":"00:00:00","name":""}],"bestLapOnSegment":"43.920"},"11":{"pilotName":"Карт 11","lag":"3L+28.51","timeFromLassPassing":"8468","endLap":false,"position":"7","lastPitTime":"00:03:32","transponderId":"2758575","teamName":"","lastLap":"43.26","lastLapSec":"43","bestLap":"43.20","segments":[{"pilotName":"","finishTime":"00:00:00","pilotId":"10","totalPilotTime":"00:04:34","neLength":"00:04:34","kart":"0","pitTime":""},{"pilotName":"","finishTime":"00:03:32","pilotId":"1","totalPilotTime":"00:03:32","neLength":"00:03:32","kart":"0","pitTime":"02:29.601"}],"lapCount":"7","lastLapS2":"29.62","lastLapS1":"13.64","secondsFromPit":"125","isOnPit":false,"isRaketa":false,"number":"11","pitstops":"1","kart":"0","lastPitMainTime":"02:29.601","totalOnTrack":"00:04:34","midLap":"43.448","pilots":[{"onTrack":"00:03:32","name":""}],"bestLapOnSegment":"43.202"},"12":{"pilotName":"Ференс","lag":"0","timeFromLassPassing":"808","endLap":true,"position":"1","lastPitTime":"00:00:00","transponderId":"5957013","teamName":"","lastLap":"42.61","lastLapSec":"43","bestLap":"42.55","segments":[{"pilotName":"","finishTime":"00:00:00","pilotId":"1","totalPilotTime":"00:08:06","neLength":"00:08:06","kart":"0","pitTime":""}],"lapCount":"11","lastLapS2":"29.24","lastLapS1":"13.37","secondsFromPit":"786","isOnPit":false,"isRaketa":true,"number":"12","pitstops":"0","kart":"0","lastPitMainTime":"0","totalOnTrack":"00:08:06","midLap":"42.976","pilots":[{"onTrack":"00:00:00","name":""}],"bestLapOnSegment":"42.554"},"13":{"pilotName":"Резанко","lag":"05.31","timeFromLassPassing":"6182","endLap":false,"position":"2","lastPitTime":"00:00:00","transponderId":"8441658","teamName":"","lastLap":"43.13","lastLapSec":"43","bestLap":"42.93","segments":[{"pilotName":"","finishTime":"00:00:00","pilotId":"1","totalPilotTime":"00:08:06","neLength":"00:08:06","kart":"0","pitTime":""}],"lapCount":"11","lastLapS2":"29.46","lastLapS1":"13.67","secondsFromPit":"786","isOnPit":false,"isRaketa":false,"number":"13","pitstops":"0","kart":"0","lastPitMainTime":"0","totalOnTrack":"00:08:06","midLap":"43.211","pilots":[{"onTrack":"00:00:00","name":""}],"bestLapOnSegment":"42.934"},"14":{"pilotName":"Лисенський Даня","lag":"19.98","timeFromLassPassing":"44067","endLap":false,"position":"11","lastPitTime":"00:00:00","transponderId":"2261324","teamName":"","lastLap":"43.79","lastLapSec":"44","bestLap":"43.47","segments":[{"pilotName":"","finishTime":"00:00:00","pilotId":"1","totalPilotTime":"00:08:06","neLength":"00:08:06","kart":"0","pitTime":""}],"lapCount":"10","lastLapS2":"30.05","lastLapS1":"13.80","secondsFromPit":"786","isOnPit":false,"isRaketa":false,"number":"14","pitstops":"0","kart":"0","lastPitMainTime":"0","totalOnTrack":"00:08:06","midLap":"44.262","pilots":[{"onTrack":"00:00:00","name":""}],"bestLapOnSegment":"43.473"},"16":{"pilotName":"Панічук","lag":"06.30","timeFromLassPassing":"37725","endLap":false,"position":"12","lastPitTime":"00:00:00","transponderId":"2740799","teamName":"","lastLap":"43.85","lastLapSec":"44","bestLap":"43.50","segments":[{"pilotName":"","finishTime":"00:00:00","pilotId":"1","totalPilotTime":"00:08:06","neLength":"00:08:06","kart":"0","pitTime":""}],"lapCount":"10","lastLapS2":"30.00","lastLapS1":"13.80","secondsFromPit":"786","isOnPit":false,"isRaketa":false,"number":"16","pitstops":"0","kart":"0","lastPitMainTime":"0","totalOnTrack":"00:08:06","midLap":"44.432","pilots":[{"onTrack":"00:00:00","name":""}],"bestLapOnSegment":"43.506"},"17":{"pilotName":"Ревчук Саша","lag":"01.85","timeFromLassPassing":"5197","endLap":false,"position":"5","lastPitTime":"00:00:00","transponderId":"4078493","teamName":"","lastLap":"43.12","lastLapSec":"43","bestLap":"43.12","segments":[{"pilotName":"","finishTime":"00:00:00","pilotId":"1","totalPilotTime":"00:08:06","neLength":"00:08:06","kart":"0","pitTime":""}],"lapCount":"11","lastLapS2":"29.39","lastLapS1":"13.72","secondsFromPit":"786","isOnPit":false,"isRaketa":false,"number":"17","pitstops":"0","kart":"0","lastPitMainTime":"0","totalOnTrack":"00:08:06","midLap":"43.690","pilots":[{"onTrack":"00:00:00","name":""}],"bestLapOnSegment":"43.122"},"18":{"pilotName":"Гуцуляк","lag":"04.55","timeFromLassPassing":"35100","endLap":false,"position":"9","lastPitTime":"00:00:00","transponderId":"4642517","teamName":"","lastLap":"43.44","lastLapSec":"43","bestLap":"43.33","segments":[{"pilotName":"","finishTime":"00:00:00","pilotId":"1","totalPilotTime":"00:08:06","neLength":"00:08:06","kart":"0","pitTime":""}],"lapCount":"10","lastLapS2":"29.69","lastLapS1":"13.85","secondsFromPit":"786","isOnPit":false,"isRaketa":false,"number":"18","pitstops":"0","kart":"0","lastPitMainTime":"0","totalOnTrack":"00:08:06","midLap":"43.726","pilots":[{"onTrack":"00:00:00","name":""}],"bestLapOnSegment":"43.338"},"21":{"pilotName":"Ждан-Пушкін","lag":"11.23","timeFromLassPassing":"36959","endLap":false,"position":"6","lastPitTime":"00:00:00","transponderId":"4684020","teamName":"","lastLap":"43.44","lastLapSec":"43","bestLap":"43.16","segments":[{"pilotName":"","finishTime":"00:00:00","pilotId":"1","totalPilotTime":"00:08:06","neLength":"00:08:06","kart":"0","pitTime":""}],"lapCount":"10","lastLapS2":"29.76","lastLapS1":"13.55","secondsFromPit":"786","isOnPit":false,"isRaketa":false,"number":"21","pitstops":"0","kart":"0","lastPitMainTime":"0","totalOnTrack":"00:08:06","midLap":"43.762","pilots":[{"onTrack":"00:00:00","name":""}],"bestLapOnSegment":"43.166"},"33":{"pilotName":"Пивоварчук","lag":"3L+22.04","timeFromLassPassing":"30586","endLap":false,"position":"8","lastPitTime":"00:00:00","transponderId":"4688335","teamName":"","lastLap":"43.60","lastLapSec":"44","bestLap":"43.26","segments":[{"pilotName":"","finishTime":"00:00:00","pilotId":"1","totalPilotTime":"00:08:06","neLength":"00:08:06","kart":"0","pitTime":""}],"lapCount":"10","lastLapS2":"29.72","lastLapS1":"13.60","secondsFromPit":"786","isOnPit":false,"isRaketa":false,"number":"33","pitstops":"0","kart":"0","lastPitMainTime":"0","totalOnTrack":"00:08:06","midLap":"43.638","pilots":[{"onTrack":"00:00:00","name":""}],"bestLapOnSegment":"43.267"},"44":{"pilotName":"Дорош","lag":"04.76","timeFromLassPassing":"22812","endLap":false,"position":"18","lastPitTime":"00:00:00","transponderId":"5034562","teamName":"","lastLap":"46.56","lastLapSec":"47","bestLap":"44.39","segments":[{"pilotName":"","finishTime":"00:00:00","pilotId":"1","totalPilotTime":"00:08:06","neLength":"00:08:06","kart":"0","pitTime":""}],"lapCount":"10","lastLapS2":"32.63","lastLapS1":"13.91","secondsFromPit":"786","isOnPit":false,"isRaketa":false,"number":"44","pitstops":"0","kart":"0","lastPitMainTime":"0","totalOnTrack":"00:08:06","midLap":"45.614","pilots":[{"onTrack":"00:00:00","name":""}],"bestLapOnSegment":"44.393"},"69":{"pilotName":"Пашковський","lag":"15.32","timeFromLassPassing":"20399","endLap":false,"position":"14","lastPitTime":"00:00:00","transponderId":"6191269","teamName":"","lastLap":"43.99","lastLapSec":"44","bestLap":"43.64","segments":[{"pilotName":"","finishTime":"00:00:00","pilotId":"1","totalPilotTime":"00:08:06","neLength":"00:08:06","kart":"0","pitTime":""}],"lapCount":"10","lastLapS2":"30.04","lastLapS1":"13.86","secondsFromPit":"786","isOnPit":false,"isRaketa":false,"number":"69","pitstops":"0","kart":"0","lastPitMainTime":"0","totalOnTrack":"00:08:06","midLap":"43.927","pilots":[{"onTrack":"00:00:00","name":""}],"bestLapOnSegment":"43.647"}},"compTeamNameFirst":"Команда1","compDiffS2":"-0.0","compDiffS1":"+0.0"},"onBoard":{"karts_on_track":[],"position":"10","timeDiff":"+0.061","firstpos_lag":"-1 laps","lastLap":"43.597","onTrack":"08:06.705","position_by_time":"13","sector_2_time":"29.83","karts_on_pit":[],"second_pos_time":"42.934","second_pos_name":"Резанко","sector_2_lag":"-0.613","timeLag":"-0.984","sector_1_lag":"-0.534","lapCount":"10","third_pos_time":"43.026","third_pos_name":"Маніло","sector_1_time":"13.82","totalOnTrack":"00:08:06","prevpos_lag":"+15.324","nextpos_lag":"-02.060","bestLapOnSegment":"43.597","first_pos_time":"42.554","first_pos_name":"Ференс"}}