{"onTablo":{"compTeamSecondS2":"0.0","compTeamSecondS1":"0.0","secondPlaceLag":"","teamsByTimestamp":[12,9,13,7,17,21,11,33,6,18,14,16,4,1,69,3,10,44],"bestLapRaceNameTeam":"","finish":false,"compTeamFirstLastLap":"0.0","raceStartedButtonTimestamp":1660941946,"bestLapRaceNumberTeam":"","raceFinishedTimestamp":1660941914,"compDiff":"-0.0","bestLapRaceNamePilot":"","compTeamSecondLastLap":"0.0","secondPlaceName":"Маніло","karts":[1,2,3,4,5,6,7,8,9,10,11,12,13,14,15,16,17,18,19,20,21,22,33,44,69],"compTeamFirstS2":"0.0","compTeamFirstS1":"0.0","compTeamNameSecond":"Команда2","totalRaceTime":"00:10:02","thirdPlaceName":"Кригін","secondPlaceNumber":"9","isRace":false,"firstPlaceNumber":"12","thirdPlaceNumber":"13","bestS2Race":"8:20:00.000","firstPlaceLag":"","bestS1Race":"8:20:00.000","compLag":"0.0","teams":[{"pilotName":"Гетьманцев","lag":"0","timeFromLassPassing":"17995","endLap":false,"position":"1","lastPitTime":"00:00:00","transponderId":"5957013","teamName":"","lastLap":"","lastLapSec":"0","bestLap":"","segments":[{"pilotName":"","finishTime":"00:00:00","pilotId":"1","totalPilotTime":"00:10:02","neLength":"00:10:02","kart":"0","pitTime":""}],"lapCount":"0","lastLapS2":"","lastLapS1":"","secondsFromPit":"32","isOnPit":false,"isRaketa":false,"number":"12","pitstops":"0","kart":"0","lastPitMainTime":"0","totalOnTrack":"00:10:02","midLap":"0","pilots":[{"onTrack":"00:00:00","name":""}],"bestLapOnSegment":""},{"pilotName":"Маніло","lag":"","timeFromLassPassing":"32203","endLap":false,"position":"2","lastPitTime":"00:00:00","transponderId":"2807865","teamName":"","lastLap":"","lastLapSec":"0","bestLap":"","segments":[{"pilotName":"","finishTime":"00:00:00","pilotId":"1","totalPilotTime":"00:10:02","neLength":"00:10:02","kart":"0","pitTime":""}],"lapCount":"0","lastLapS2":"","lastLapS1":"","secondsFromPit":"32","isOnPit":false,"isRaketa":false,"number":"9","pitstops":"0","kart":"0","lastPitMainTime":"0","totalOnTrack":"00:10:02","midLap":"0","pilots":[{"onTrack":"00:00:00","name":""}],"bestLapOnSegment":""},{"pilotName":"Кригін","lag":"","timeFromLassPassing":"36139","endLap":false,"position":"3","lastPitTime":"00:00:00","transponderId":"8441658","teamName":"","lastLap":"","lastLapSec":"0","bestLap":"","segments":[{"pilotName":"","finishTime":"00:00:00","pilotId":"1","totalPilotTime":"00:10:02","neLength":"00:10:02","kart":"0","pitTime":""}],"lapCount":"0","lastLapS2":"","lastLapS1":"","secondsFromPit":"32","isOnPit":false,"isRaketa":false,"number":"13","pitstops":"0","kart":"0","lastPitMainTime":"0","totalOnTrack":"00:10:02","midLap":"0","pilots":[{"onTrack":"00:00:00","name":""}],"bestLapOnSegment":""},{"pilotName":"Бахмацький","lag":"","timeFromLassPassing":"32859","endLap":false,"position":"4","lastPitTime":"00:00:00","transponderId":"9614994","teamName":"","lastLap":"","lastLapSec":"0","bestLap":"","segments":[{"pilotName":"","finishTime":"00:00:00","pilotId":"1","totalPilotTime":"00:10:02","neLength":"00:10:02","kart":"0","pitTime":""}],"lapCount":"0","lastLapS2":"","lastLapS1":"","secondsFromPit":"32","isOnPit":false,"isRaketa":false,"number":"7","pitstops":"0","kart":"0","lastPitMainTime":"0","totalOnTrack":"00:10:02","midLap":"0","pilots":[{"onTrack":"00:00:00","name":""}],"bestLapOnSegment":""},{"pilotName":"Ференс","lag":"","timeFromLassPassing":"34280","endLap":false,"position":"5","lastPitTime":"00:00:00","transponderId":"4078493","teamName":"","lastLap":"","lastLapSec":"0","bestLap":"","segments":[{"pilotName":"","finishTime":"00:00:00","pilotId":"1","totalPilotTime":"00:10:02","neLength":"00:10:02","kart":"0","pitTime":""}],"lapCount":"0","lastLapS2":"","lastLapS1":"","secondsFromPit":"32","isOnPit":false,"isRaketa":false,"number":"17","pitstops":"0","kart":"0","lastPitMainTime":"0","totalOnTrack":"00:10:02","midLap":"0","pilots":[{"onTrack":"00:00:00","name":""}],"bestLapOnSegment":""},{"pilotName":"Сєдінін","lag":"","timeFromLassPassing":"22916","endLap":false,"position":"6","lastPitTime":"00:00:00","transponderId":"4684020","teamName":"","lastLap":"","lastLapSec":"0","bestLap":"","segments":[{"pilotName":"","finishTime":"00:00:00","pilotId":"1","totalPilotTime":"00:10:02","neLength":"00:10:02","kart":"0","pitTime":""}],"lapCount":"0","lastLapS2":"","lastLapS1":"","secondsFromPit":"32","isOnPit":false,"isRaketa":false,"number":"21","pitstops":"0","kart":"0","lastPitMainTime":"0","totalOnTrack":"00:10:02","midLap":"0","pilots":[{"onTrack":"00:00:00","name":""}],"bestLapOnSegment":""},{"pilotName":"Карт 11","lag":"","timeFromLassPassing":"81121","endLap":false,"position":"7","lastPitTime":"00:00:00","transponderId":"2758575","teamName":"","lastLap":"","lastLapSec":"0","bestLap":"","segments":[{"pilotName":"","finishTime":"00:00:00","pilotId":"1","totalPilotTime":"00:10:02","neLength":"00:10:02","kart":"0","pitTime":"02:29.601"}],"lapCount":"0","lastLapS2":"","lastLapS1":"","secondsFromPit":"32","isOnPit":false,"isRaketa":false,"number":"11","pitstops":"0","kart":"0","lastPitMainTime":"0","totalOnTrack":"00:10:02","midLap":"0","pilots":[{"onTrack":"00:00:00","name":""}],"bestLapOnSegment":""},{"pilotName":"Васильчук","lag":"","timeFromLassPassing":"16118","endLap":false,"position":"8","lastPitTime":"00:00:00","transponderId":"4688335","teamName":"","lastLap":"","lastLapSec":"0","bestLap":"","segments":[{"pilotName":"","finishTime":"00:00:00","pilotId":"1","totalPilotTime":"00:10:02","neLength":"00:10:02","kart":"0","pitTime":""}],"lapCount":"0","lastLapS2":"","lastLapS1":"","secondsFromPit":"32","isOnPit":false,"isRaketa":false,"number":"33","pitstops":"0","kart":"0","lastPitMainTime":"0","totalOnTrack":"00:10:02","midLap":"0","pilots":[{"onTrack":"00:00:00","name":""}],"bestLapOnSegment":""},{"pilotName":"Карт 6","lag":"","timeFromLassPassing":"9750","endLap":false,"position":"9","lastPitTime":"00:00:00","transponderId":"9661676","teamName":"","lastLap":"","lastLapSec":"0","bestLap":"","segments":[{"pilotName":"","finishTime":"00:00:00","pilotId":"1","totalPilotTime":"00:10:02","neLength":"00:10:02","kart":"0","pitTime":"19.633"}],"lapCount":"0","lastLapS2":"","lastLapS1":"","secondsFromPit":"32","isOnPit":false,"isRaketa":false,"number":"6","pitstops":"0","kart":"0","lastPitMainTime":"0","totalOnTrack":"00:10:02","midLap":"0","pilots":[{"onTrack":"00:00:00","name":""}],"bestLapOnSegment":""},{"pilotName":"Нужний","lag":"","timeFromLassPassing":"16990","endLap":false,"position":"10","lastPitTime":"00:00:00","transponderId":"4642517","teamName":"","lastLap":"","lastLapSec":"0","bestLap":"","segments":[{"pilotName":"","finishTime":"00:00:00","pilotId":"1","totalPilotTime":"00:10:02","neLength":"00:10:02","kart":"0","pitTime":""}],"lapCount":"0","lastLapS2":"","lastLapS1":"","secondsFromPit":"32","isOnPit":false,"isRaketa":false,"number":"18","pitstops":"0","kart":"0","lastPitMainTime":"0","totalOnTrack":"00:10:02","midLap":"0","pilots":[{"onTrack":"00:00:00","name":""}],"bestLapOnSegment":""},{"pilotName":"Єлманов","lag":"","timeFromLassPassing":"27829","endLap":false,"position":"11","lastPitTime":"00:00:00","transponderId":"2261324","teamName":"","lastLap":"","lastLapSec":"0","bestLap":"","segments":[{"pilotName":"","finishTime":"00:00:00","pilotId":"1","totalPilotTime":"00:10:02","neLength":"00:10:02","kart":"0","pitTime":""}],"lapCount":"0","lastLapS2":"","lastLapS1":"","secondsFromPit":"32","isOnPit":false,"isRaketa":false,"number":"14","pitstops":"0","kart":"0","lastPitMainTime":"0","totalOnTrack":"00:10:02","midLap":"0","pilots":[{"onTrack":"00:00:00","name":""}],"bestLapOnSegment":""},{"pilotName":"Карт 16","lag":"","timeFromLassPassing":"19526","endLap":false,"position":"12","lastPitTime":"00:00:00","transponderId":"2740799","teamName":"","lastLap":"","lastLapSec":"0","bestLap":"","segments":[{"pilotName":"","finishTime":"00:00:00","pilotId":"1","totalPilotTime":"00:10:02","neLength":"00:10:02","kart":"0","pitTime":""}],"lapCount":"0","lastLapS2":"","lastLapS1":"","secondsFromPit":"32","isOnPit":false,"isRaketa":false,"number":"16","pitstops":"0","kart":"0","lastPitMainTime":"0","totalOnTrack":"00:10:02","midLap":"0","pilots":[{"onTrack":"00:00:00","name":""}],"bestLapOnSegment":""},{"pilotName":"Голоцван","lag":"","timeFromLassPassing":"8329","endLap":false,"position":"13","lastPitTime":"00:00:00","transponderId":"8431733","teamName":"","lastLap":"","lastLapSec":"0","bestLap":"","segments":[{"pilotName":"","finishTime":"00:00:00","pilotId":"1","totalPilotTime":"00:10:02","neLength":"00:10:02","kart":"0","pitTime":"27.212"}],"lapCount":"0","lastLapS2":"","lastLapS1":"","secondsFromPit":"32","isOnPit":false,"isRaketa":false,"number":"4","pitstops":"0","kart":"0","lastPitMainTime":"0","totalOnTrack":"00:10:02","midLap":"0","pilots":[{"onTrack":"00:00:00","name":""}],"bestLapOnSegment":""},{"pilotName":"Паничук","lag":"","timeFromLassPassing":"20292","endLap":false,"position":"14","lastPitTime":"00:00:00","transponderId":"9739691","teamName":"","lastLap":"","lastLapSec":"0","bestLap":"","segments":[{"pilotName":"","finishTime":"00:00:00","pilotId":"1","totalPilotTime":"00:10:02","neLength":"00:10:02","kart":"0","pitTime":""}],"lapCount":"0","lastLapS2":"","lastLapS1":"","secondsFromPit":"32","isOnPit":false,"isRaketa":false,"number":"1","pitstops":"0","kart":"0","lastPitMainTime":"0","totalOnTrack":"00:10:02","midLap":"0","pilots":[{"onTrack":"00:00:00","name":""}],"bestLapOnSegment":""},{"pilotName":"Закалюк","lag":"","timeFromLassPassing":"4608","endLap":false,"position":"15","lastPitTime":"00:00:00","transponderId":"6191269","teamName":"","lastLap":"","lastLapSec":"0","bestLap":"","segments":[{"pilotName":"","finishTime":"00:00:00","pilotId":"1","totalPilotTime":"00:10:02","neLength":"00:10:02","kart":"0","pitTime":""}],"lapCount":"0","lastLapS2":"","lastLapS1":"","secondsFromPit":"32","isOnPit":false,"isRaketa":false,"number":"69","pitstops":"0","kart":"0","lastPitMainTime":"0","totalOnTrack":"00:10:02","midLap":"0","pilots":[{"onTrack":"00:00:00","name":""}],"bestLapOnSegment":""},{"pilotName":"Пивоварчук","lag":"","timeFromLassPassing":"18214","endLap":false,"position":"16","lastPitTime":"00:00:00","transponderId":"5885393","teamName":"","lastLap":"","lastLapSec":"0","bestLap":"","segments":[{"pilotName":"","finishTime":"00:00:00","pilotId":"1","totalPilotTime":"00:10:02","neLength":"00:10:02","kart":"0","pitTime":""}],"lapCount":"0","lastLapS2":"","lastLapS1":"","secondsFromPit":"32","isOnPit":false,"isRaketa":false,"number":"3","pitstops":"0","kart":"0","lastPitMainTime":"0","totalOnTrack":"00:10:02","midLap":"0","pilots":[{"onTrack":"00:00:00","name":""}],"bestLapOnSegment":""},{"pilotName":"Резанко","lag":"","timeFromLassPassing":"10953","endLap":false,"position":"17","lastPitTime":"00:00:00","transponderId":"8433860","teamName":"","lastLap":"","lastLapSec":"0","bestLap":"","segments":[{"pilotName":"","finishTime":"00:00:00","pilotId":"1","totalPilotTime":"00:10:02","neLength":"00:10:02","kart":"0","pitTime":"29.047"}],"lapCount":"0","lastLapS2":"","lastLapS1":"","secondsFromPit":"32","isOnPit":false,"isRaketa":false,"number":"10","pitstops":"0","kart":"0","lastPitMainTime":"0","totalOnTrack":"00:10:02","midLap":"0","pilots":[{"onTrack":"00:00:00","name":""}],"bestLapOnSegment":""},{"pilotName":"Карт 44","lag":"","timeFromLassPassing":"3171","endLap":false,"position":"18","lastPitTime":"00:00:00","transponderId":"5034562","teamName":"","lastLap":"","lastLapSec":"0","bestLap":"","segments":[{"pilotName":"","finishTime":"00:00:00","pilotId":"1","totalPilotTime":"00:10:02","neLength":"00:10:02","kart":"0","pitTime":""}],"lapCount":"0","lastLapS2":"","lastLapS1":"","secondsFromPit":"32","isOnPit":false,"isRaketa":false,"number":"44","pitstops":"0","kart":"0","lastPitMainTime":"0","totalOnTrack":"00:10:02","midLap":"0","pilots":[{"onTrack":"00:00:00","name":""}],"bestLapOnSegment":""}],"thirdPlaceLag":"","firstPlaceName":"Гетьманцев","bestLapRace":"0","teams2":{"1":{"pilotName":"Паничук","lag":"","timeFromLassPassing":"20292","endLap":false,"position":"14","lastPitTime":"00:00:00","transponderId":"9739691","teamName":"","lastLap":"","lastLapSec":"0","bestLap":"","segments":[{"pilotName":"","finishTime":"00:00:00","pilotId":"1","totalPilotTime":"00:10:02","neLength":"00:10:02","kart":"0","pitTime":""}],"lapCount":"0","lastLapS2":"","lastLapS1":"","secondsFromPit":"32","isOnPit":false,"isRaketa":false,"number":"1","pitstops":"0","kart":"0","lastPitMainTime":"0","totalOnTrack":"00:10:02","midLap":"0","pilots":[{"onTrack":"00:00:00","name":""}],"bestLapOnSegment":""},"3":{"pilotName":"Пивоварчук","lag":"","timeFromLassPassing":"18214","endLap":false,"position":"16","lastPitTime":"00:00:00","transponderId":"5885393","teamName":"","lastLap":"","lastLapSec":"0","bestLap":"","segments":[{"pilotName":"","finishTime":"00:00:00","pilotId":"1","totalPilotTime":"00:10:02","neLength":"00:10:02","kart":"0","pitTime":""}],"lapCount":"0","lastLapS2":"","lastLapS1":"","secondsFromPit":"32","isOnPit":false,"isRaketa":false,"number":"3","pitstops":"0","kart":"0","lastPitMainTime":"0","totalOnTrack":"00:10:02","midLap":"0","pilots":[{"onTrack":"00:00:00","name":""}],"bestLapOnSegment":""},"4":{"pilotName":"Голоцван","lag":"","timeFromLassPassing":"8329","endLap":false,"position":"13","lastPitTime":"00:00:00","transponderId":"8431733","teamName":"","lastLap":"","lastLapSec":"0","bestLap":"","segments":[{"pilotName":"","finishTime":"00:00:00","pilotId":"1","totalPilotTime":"00:10:02","neLength":"00:10:02","kart":"0","pitTime":"27.212"}],"lapCount":"0","lastLapS2":"","lastLapS1":"","secondsFromPit":"32","isOnPit":false,"isRaketa":false,"number":"4","pitstops":"0","kart":"0","lastPitMainTime":"0","totalOnTrack":"00:10:02","midLap":"0","pilots":[{"onTrack":"00:00:00","name":""}],"bestLapOnSegment":""},"6":{"pilotName":"Карт 6","lag":"","timeFromLassPassing":"9750","endLap":false,"position":"9","lastPitTime":"00:00:00","transponderId":"9661676","teamName":"","lastLap":"","lastLapSec":"0","bestLap":"","segments":[{"pilotName":"","finishTime":"00:00:00","pilotId":"1","totalPilotTime":"00:10:02","neLength":"00:10:02","kart":"0","pitTime":"19.633"}],"lapCount":"0","lastLapS2":"","lastLapS1":"","secondsFromPit":"32","isOnPit":false,"isRaketa":false,"number":"6","pitstops":"0","kart":"0","lastPitMainTime":"0","totalOnTrack":"00:10:02","midLap":"0","pilots":[{"onTrack":"00:00:00","name":""}],"bestLapOnSegment":""},"7":{"pilotName":"Бахмацький","lag":"","timeFromLassPassing":"32859","endLap":false,"position":"4","lastPitTime":"00:00:00","transponderId":"9614994","teamName":"","lastLap":"","lastLapSec":"0","bestLap":"","segments":[{"pilotName":"","finishTime":"00:00:00","pilotId":"1","totalPilotTime":"00:10:02","neLength":"00:10:02","kart":"0","pitTime":""}],"lapCount":"0","lastLapS2":"","lastLapS1":"","secondsFromPit":"32","isOnPit":false,"isRaketa":false,"number":"7","pitstops":"0","kart":"0","lastPitMainTime":"0","totalOnTrack":"00:10:02","midLap":"0","pilots":[{"onTrack":"00:00:00","name":""}],"bestLapOnSegment":""},"9":{"pilotName":"Маніло","lag":"","timeFromLassPassing":"32203","endLap":false,"position":"2","lastPitTime":"00:00:00","transponderId":"2807865","teamName":"","lastLap":"","lastLapSec":"0","bestLap":"","segments":[{"pilotName":"","finishTime":"00:00:00","pilotId":"1","totalPilotTime":"00:10:02","neLength":"00:10:02","kart":"0","pitTime":""}],"lapCount":"0","lastLapS2":"","lastLapS1":"","secondsFromPit":"32","isOnPit":false,"isRaketa":false,"number":"9","pitstops":"0","kart":"0","lastPitMainTime":"0","totalOnTrack":"00:10:02","midLap":"0","pilots":[{"onTrack":"00:00:00","name":""}],"bestLapOnSegment":""},"10":{"pilotName":"Резанко","lag":"","timeFromLassPassing":"10953","endLap":false,"position":"17","lastPitTime":"00:00:00","transponderId":"8433860","teamName":"","lastLap":"","lastLapSec":"0","bestLap":"","segments":[{"pilotName":"","finishTime":"00:00:00","pilotId":"1","totalPilotTime":"00:10:02","neLength":"00:10:02","kart":"0","pitTime":"29.047"}],"lapCount":"0","lastLapS2":"","lastLapS1":"","secondsFromPit":"32","isOnPit":false,"isRaketa":false,"number":"10","pitstops":"0","kart":"0","lastPitMainTime":"0","totalOnTrack":"00:10:02","midLap":"0","pilots":[{"onTrack":"00:00:00","name":""}],"bestLapOnSegment":""},"11":{"pilotName":"Карт 11","lag":"","timeFromLassPassing":"81121","endLap":false,"position":"7","lastPitTime":"00:00:00","transponderId":"2758575","teamName":"","lastLap":"","lastLapSec":"0","bestLap":"","segments":[{"pilotName":"","finishTime":"00:00:00","pilotId":"1","totalPilotTime":"00:10:02","neLength":"00:10:02","kart":"0","pitTime":"02:29.601"}],"lapCount":"0","lastLapS2":"","lastLapS1":"","secondsFromPit":"32","isOnPit":false,"isRaketa":false,"number":"11","pitstops":"0","kart":"0","lastPitMainTime":"0","totalOnTrack":"00:10:02","midLap":"0","pilots":[{"onTrack":"00:00:00","name":""}],"bestLapOnSegment":""},"12":{"pilotName":"Гетьманцев","lag":"0","timeFromLassPassing":"17995","endLap":false,"position":"1","lastPitTime":"00:00:00","transponderId":"5957013","teamName":"","lastLap":"","lastLapSec":"0","bestLap":"","segments":[{"pilotName":"","finishTime":"00:00:00","pilotId":"1","totalPilotTime":"00:10:02","neLength":"00:10:02","kart":"0","pitTime":""}],"lapCount":"0","lastLapS2":"","lastLapS1":"","secondsFromPit":"32","isOnPit":false,"isRaketa":false,"number":"12","pitstops":"0","kart":"0","lastPitMainTime":"0","totalOnTrack":"00:10:02","midLap":"0","pilots":[{"onTrack":"00:00:00","name":""}],"bestLapOnSegment":""},"13":{"pilotName":"Кригін","lag":"","timeFromLassPassing":"36139","endLap":false,"position":"3","lastPitTime":"00:00:00","transponderId":"8441658","teamName":"","lastLap":"","lastLapSec":"0","bestLap":"","segments":[{"pilotName":"","finishTime":"00:00:00","pilotId":"1","totalPilotTime":"00:10:02","neLength":"00:10:02","kart":"0","pitTime":""}],"lapCount":"0","lastLapS2":"","lastLapS1":"","secondsFromPit":"32","isOnPit":false,"isRaketa":false,"number":"13","pitstops":"0","kart":"0","lastPitMainTime":"0","totalOnTrack":"00:10:02","midLap":"0","pilots":[{"onTrack":"00:00:00","name":""}],"bestLapOnSegment":""},"14":{"pilotName":"Єлманов","lag":"","timeFromLassPassing":"27829","endLap":false,"position":"11","lastPitTime":"00:00:00","transponderId":"2261324","teamName":"","lastLap":"","lastLapSec":"0","bestLap":"","segments":[{"pilotName":"","finishTime":"00:00:00","pilotId":"1","totalPilotTime":"00:10:02","neLength":"00:10:02","kart":"0","pitTime":""}],"lapCount":"0","lastLapS2":"","lastLapS1":"","secondsFromPit":"32","isOnPit":false,"isRaketa":false,"number":"14","pitstops":"0","kart":"0","lastPitMainTime":"0","totalOnTrack":"00:10:02","midLap":"0","pilots":[{"onTrack":"00:00:00","name":""}],"bestLapOnSegment":""},"16":{"pilotName":"Карт 16","lag":"","timeFromLassPassing":"19526","endLap":false,"position":"12","lastPitTime":"00:00:00","transponderId":"2740799","teamName":"","lastLap":"","lastLapSec":"0","bestLap":"","segments":[{"pilotName":"","finishTime":"00:00:00","pilotId":"1","totalPilotTime":"00:10:02","neLength":"00:10:02","kart":"0","pitTime":""}],"lapCount":"0","lastLapS2":"","lastLapS1":"","secondsFromPit":"32","isOnPit":false,"isRaketa":false,"number":"16","pitstops":"0","kart":"0","lastPitMainTime":"0","totalOnTrack":"00:10:02","midLap":"0","pilots":[{"onTrack":"00:00:00","name":""}],"bestLapOnSegment":""},"17":{"pilotName":"Ференс","lag":"","timeFromLassPassing":"34280","endLap":false,"position":"5","lastPitTime":"00:00:00","transponderId":"4078493","teamName":"","lastLap":"","lastLapSec":"0","bestLap":"","segments":[{"pilotName":"","finishTime":"00:00:00","pilotId":"1","totalPilotTime":"00:10:02","neLength":"00:10:02","kart":"0","pitTime":""}],"lapCount":"0","lastLapS2":"","lastLapS1":"","secondsFromPit":"32","isOnPit":false,"isRaketa":false,"number":"17","pitstops":"0","kart":"0","lastPitMainTime":"0","totalOnTrack":"00:10:02","midLap":"0","pilots":[{"onTrack":"00:00:00","name":""}],"bestLapOnSegment":""},"18":{"pilotName":"Нужний","lag":"","timeFromLassPassing":"16990","endLap":false,"position":"10","lastPitTime":"00:00:00","transponderId":"4642517","teamName":"","lastLap":"","lastLapSec":"0","bestLap":"","segments":[{"pilotName":"","finishTime":"00:00:00","pilotId":"1","totalPilotTime":"00:10:02","neLength":"00:10:02","kart":"0","pitTime":""}],"lapCount":"0","lastLapS2":"","lastLapS1":"","secondsFromPit":"32","isOnPit":false,"isRaketa":false,"number":"18","pitstops":"0","kart":"0","lastPitMainTime":"0","totalOnTrack":"00:10:02","midLap":"0","pilots":[{"onTrack":"00:00:00","name":""}],"bestLapOnSegment":""},"21":{"pilotName":"Сєдінін","lag":"","timeFromLassPassing":"22916","endLap":false,"position":"6","lastPitTime":"00:00:00","transponderId":"4684020","teamName":"","lastLap":"","lastLapSec":"0","bestLap":"","segments":[{"pilotName":"","finishTime":"00:00:00","pilotId":"1","totalPilotTime":"00:10:02","neLength":"00:10:02","kart":"0","pitTime":""}],"lapCount":"0","lastLapS2":"","lastLapS1":"","secondsFromPit":"32","isOnPit":false,"isRaketa":false,"number":"21","pitstops":"0","kart":"0","lastPitMainTime":"0","totalOnTrack":"00:10:02","midLap":"0","pilots":[{"onTrack":"00:00:00","name":""}],"bestLapOnSegment":""},"33":{"pilotName":"Васильчук","lag":"","timeFromLassPassing":"16118","endLap":false,"position":"8","lastPitTime":"00:00:00","transponderId":"4688335","teamName":"","lastLap":"","lastLapSec":"0","bestLap":"","segments":[{"pilotName":"","finishTime":"00:00:00","pilotId":"1","totalPilotTime":"00:10:02","neLength":"00:10:02","kart":"0","pitTime":""}],"lapCount":"0","lastLapS2":"","lastLapS1":"","secondsFromPit":"32","isOnPit":false,"isRaketa":false,"number":"33","pitstops":"0","kart":"0","lastPitMainTime":"0","totalOnTrack":"00:10:02","midLap":"0","pilots":[{"onTrack":"00:00:00","name":""}],"bestLapOnSegment":""},"44":{"pilotName":"Карт 44","lag":"","timeFromLassPassing":"3171","endLap":false,"position":"18","lastPitTime":"00:00:00","transponderId":"5034562","teamName":"","lastLap":"","lastLapSec":"0","bestLap":"","segments":[{"pilotName":"","finishTime":"00:00:00","pilotId":"1","totalPilotTime":"00:10:02","neLength":"00:10:02","kart":"0","pitTime":""}],"lapCount":"0","lastLapS2":"","lastLapS1":"","secondsFromPit":"32","isOnPit":false,"isRaketa":false,"number":"44","pitstops":"0","kart":"0","lastPitMainTime":"0","totalOnTrack":"00:10:02","midLap":"0","pilots":[{"onTrack":"00:00:00","name":""}],"bestLapOnSegment":""},"69":{"pilotName":"Закалюк","lag":"","timeFromLassPassing":"4608","endLap":false,"position":"15","lastPitTime":"00:00:00","transponderId":"6191269","teamName":"","lastLap":"","lastLapSec":"0","bestLap":"","segments":[{"pilotName":"","finishTime":"00:00:00","pilotId":"1","totalPilotTime":"00:10:02","neLength":"00:10:02","kart":"0","pitTime":""}],"lapCount":"0","lastLapS2":"","lastLapS1":"","secondsFromPit":"32","isOnPit":false,"isRaketa":false,"number":"69","pitstops":"0","kart":"0","lastPitMainTime":"0","totalOnTrack":"00:10:02","midLap":"0","pilots":[{"onTrack":"00:00:00","name":""}],"bestLapOnSegment":""}},"compTeamNameFirst":"Команда1","compDiffS2":"-0.0","compDiffS1":"+0.0"},"onBoard":{"karts_on_track":[],"position":"1","timeDiff":"+","firstpos_lag":"-","lastLap":"","onTrack":"14:44.952","position_by_time":"1","sector_2_time":"","karts_on_pit":[],"second_pos_time":"","second_pos_name":"Маніло","sector_2_lag":"+0.0","timeLag":"+0.0","sector_1_lag":"+0.0","lapCount":"0","third_pos_time":"","third_pos_name":"Кригін","sector_1_time":"","totalOnTrack":"00:14:44","prevpos_lag":"+","nextpos_lag":"-","bestLapOnSegment":"","first_pos_time":"","first_pos_name":"Гетьманцев"}}