{"onTablo":{"compTeamSecondS2":"0.0","compTeamSecondS1":"0.0","secondPlaceLag":"","teamsByTimestamp":[12,9,7,21,13,18,17,33,14,69,1,6,16,3,10,4,44,11],"bestLapRaceNameTeam":"","finish":true,"compTeamFirstLastLap":"0.0","raceStartedButtonTimestamp":1660941011,"bestLapRaceNumberTeam":"","raceFinishedTimestamp":1660940990,"compDiff":"-0.0","bestLapRaceNamePilot":"","compTeamSecondLastLap":"0.0","secondPlaceName":"Резанко","karts":[1,2,3,4,5,6,7,8,9,10,11,12,13,14,15,16,17,18,19,20,21,22,33,44,69],"compTeamFirstS2":"0.0","compTeamFirstS1":"0.0","compTeamNameSecond":"Команда2","totalRaceTime":"00:05:46","thirdPlaceName":"Маніло","secondPlaceNumber":"13","isRace":false,"firstPlaceNumber":"12","thirdPlaceNumber":"9","bestS2Race":"29.338","firstPlaceLag":"","bestS1Race":"13.293","compLag":"0.0","teams":[{"pilotName":"Ференс","lag":"0","timeFromLassPassing":"31351","endLap":false,"position":"1","lastPitTime":"00:00:00","transponderId":"5957013","teamName":"","lastLap":"42.94","lastLapSec":"43","bestLap":"42.89","segments":[{"pilotName":"","finishTime":"00:00:00","pilotId":"1","totalPilotTime":"00:05:46","neLength":"00:05:46","kart":"0","pitTime":""}],"lapCount":"7","lastLapS2":"29.65","lastLapS1":"13.30","secondsFromPit":"646","isOnPit":false,"isRaketa":true,"number":"12","pitstops":"0","kart":"0","lastPitMainTime":"0","totalOnTrack":"00:05:46","midLap":"43.183","pilots":[{"onTrack":"00:00:00","name":""}],"bestLapOnSegment":"42.890"},{"pilotName":"Резанко","lag":"07.20","timeFromLassPassing":"38682","endLap":false,"position":"2","lastPitTime":"00:00:00","transponderId":"8441658","teamName":"","lastLap":"43.36","lastLapSec":"43","bestLap":"42.93","segments":[{"pilotName":"","finishTime":"00:00:00","pilotId":"1","totalPilotTime":"00:05:46","neLength":"00:05:46","kart":"0","pitTime":""}],"lapCount":"7","lastLapS2":"29.71","lastLapS1":"13.61","secondsFromPit":"646","isOnPit":false,"isRaketa":false,"number":"13","pitstops":"0","kart":"0","lastPitMainTime":"0","totalOnTrack":"00:05:46","midLap":"43.281","pilots":[{"onTrack":"00:00:00","name":""}],"bestLapOnSegment":"42.934"},{"pilotName":"Маніло","lag":"02.97","timeFromLassPassing":"35615","endLap":false,"position":"3","lastPitTime":"00:00:00","transponderId":"2807865","teamName":"","lastLap":"43.10","lastLapSec":"43","bestLap":"43.07","segments":[{"pilotName":"","finishTime":"00:00:00","pilotId":"1","totalPilotTime":"00:05:46","neLength":"00:05:46","kart":"0","pitTime":""}],"lapCount":"7","lastLapS2":"29.49","lastLapS1":"13.64","secondsFromPit":"646","isOnPit":false,"isRaketa":false,"number":"9","pitstops":"0","kart":"0","lastPitMainTime":"0","totalOnTrack":"00:05:46","midLap":"43.466","pilots":[{"onTrack":"00:00:00","name":""}],"bestLapOnSegment":"43.074"},{"pilotName":"Діо","lag":"01.09","timeFromLassPassing":"36709","endLap":false,"position":"4","lastPitTime":"00:00:00","transponderId":"9614994","teamName":"","lastLap":"43.45","lastLapSec":"43","bestLap":"43.08","segments":[{"pilotName":"","finishTime":"00:00:00","pilotId":"1","totalPilotTime":"00:05:46","neLength":"00:05:46","kart":"0","pitTime":""}],"lapCount":"7","lastLapS2":"29.99","lastLapS1":"13.55","secondsFromPit":"646","isOnPit":false,"isRaketa":false,"number":"7","pitstops":"0","kart":"0","lastPitMainTime":"0","totalOnTrack":"00:05:46","midLap":"43.386","pilots":[{"onTrack":"00:00:00","name":""}],"bestLapOnSegment":"43.082"},{"pilotName":"Ждан-Пушкін","lag":"08.93","timeFromLassPassing":"27739","endLap":false,"position":"5","lastPitTime":"00:00:00","transponderId":"4684020","teamName":"","lastLap":"43.27","lastLapSec":"43","bestLap":"43.27","segments":[{"pilotName":"","finishTime":"00:00:00","pilotId":"1","totalPilotTime":"00:05:46","neLength":"00:05:46","kart":"0","pitTime":""}],"lapCount":"7","lastLapS2":"29.62","lastLapS1":"13.61","secondsFromPit":"646","isOnPit":false,"isRaketa":false,"number":"21","pitstops":"0","kart":"0","lastPitMainTime":"0","totalOnTrack":"00:05:46","midLap":"43.852","pilots":[{"onTrack":"00:00:00","name":""}],"bestLapOnSegment":"43.271"},{"pilotName":"Карт 11","lag":"2L+","timeFromLassPassing":"140133","endLap":false,"position":"6","lastPitTime":"00:03:32","transponderId":"2758575","teamName":"","lastLap":"43.42","lastLapSec":"43","bestLap":"43.30","segments":[{"pilotName":"","finishTime":"00:00:00","pilotId":"10","totalPilotTime":"00:02:14","neLength":"00:02:14","kart":"0","pitTime":""},{"pilotName":"","finishTime":"00:03:32","pilotId":"1","totalPilotTime":"00:03:32","neLength":"00:03:32","kart":"0","pitTime":"04:10.579"}],"lapCount":"4","lastLapS2":"29.70","lastLapS1":"13.72","secondsFromPit":"646","isOnPit":true,"isRaketa":false,"number":"11","pitstops":"1","kart":"0","lastPitMainTime":"04:10.579","totalOnTrack":"00:02:14","midLap":"43.555","pilots":[{"onTrack":"00:03:32","name":""}],"bestLapOnSegment":""},{"pilotName":"Гуцуляк","lag":"2L+","timeFromLassPassing":"25552","endLap":false,"position":"7","lastPitTime":"00:00:00","transponderId":"4642517","teamName":"","lastLap":"43.74","lastLapSec":"44","bestLap":"43.33","segments":[{"pilotName":"","finishTime":"00:00:00","pilotId":"1","totalPilotTime":"00:05:46","neLength":"00:05:46","kart":"0","pitTime":""}],"lapCount":"7","lastLapS2":"29.90","lastLapS1":"13.83","secondsFromPit":"646","isOnPit":false,"isRaketa":false,"number":"18","pitstops":"0","kart":"0","lastPitMainTime":"0","totalOnTrack":"00:05:46","midLap":"43.833","pilots":[{"onTrack":"00:00:00","name":""}],"bestLapOnSegment":"43.338"},{"pilotName":"Ревчук Саша","lag":"14.68","timeFromLassPassing":"40323","endLap":false,"position":"8","lastPitTime":"00:00:00","transponderId":"4078493","teamName":"","lastLap":"43.72","lastLapSec":"44","bestLap":"43.34","segments":[{"pilotName":"","finishTime":"00:00:00","pilotId":"1","totalPilotTime":"00:05:46","neLength":"00:05:46","kart":"0","pitTime":""}],"lapCount":"7","lastLapS2":"30.06","lastLapS1":"13.76","secondsFromPit":"646","isOnPit":false,"isRaketa":false,"number":"17","pitstops":"0","kart":"0","lastPitMainTime":"0","totalOnTrack":"00:05:46","midLap":"43.645","pilots":[{"onTrack":"00:00:00","name":""}],"bestLapOnSegment":"43.343"},{"pilotName":"Пивоварчук","lag":"19.12","timeFromLassPassing":"21178","endLap":false,"position":"9","lastPitTime":"00:00:00","transponderId":"4688335","teamName":"","lastLap":"43.77","lastLapSec":"44","bestLap":"43.41","segments":[{"pilotName":"","finishTime":"00:00:00","pilotId":"1","totalPilotTime":"00:05:46","neLength":"00:05:46","kart":"0","pitTime":""}],"lapCount":"7","lastLapS2":"30.02","lastLapS1":"13.81","secondsFromPit":"646","isOnPit":false,"isRaketa":false,"number":"33","pitstops":"0","kart":"0","lastPitMainTime":"0","totalOnTrack":"00:05:46","midLap":"43.691","pilots":[{"onTrack":"00:00:00","name":""}],"bestLapOnSegment":"43.419"},{"pilotName":"Лисенський Даня","lag":"18.33","timeFromLassPassing":"39448","endLap":false,"position":"10","lastPitTime":"00:00:00","transponderId":"2261324","teamName":"","lastLap":"43.61","lastLapSec":"44","bestLap":"43.47","segments":[{"pilotName":"","finishTime":"00:00:00","pilotId":"1","totalPilotTime":"00:05:46","neLength":"00:05:46","kart":"0","pitTime":""}],"lapCount":"7","lastLapS2":"29.94","lastLapS1":"13.73","secondsFromPit":"646","isOnPit":false,"isRaketa":false,"number":"14","pitstops":"0","kart":"0","lastPitMainTime":"0","totalOnTrack":"00:05:46","midLap":"43.897","pilots":[{"onTrack":"00:00:00","name":""}],"bestLapOnSegment":"43.473"},{"pilotName":"Пашковський","lag":"27.28","timeFromLassPassing":"12187","endLap":false,"position":"11","lastPitTime":"00:00:00","transponderId":"6191269","teamName":"","lastLap":"43.94","lastLapSec":"44","bestLap":"43.64","segments":[{"pilotName":"","finishTime":"00:00:00","pilotId":"1","totalPilotTime":"00:05:46","neLength":"00:05:46","kart":"0","pitTime":""}],"lapCount":"7","lastLapS2":"29.99","lastLapS1":"13.95","secondsFromPit":"646","isOnPit":false,"isRaketa":false,"number":"69","pitstops":"0","kart":"0","lastPitMainTime":"0","totalOnTrack":"00:05:46","midLap":"43.932","pilots":[{"onTrack":"00:00:00","name":""}],"bestLapOnSegment":"43.647"},{"pilotName":"Павлушко","lag":"14.86","timeFromLassPassing":"27083","endLap":false,"position":"12","lastPitTime":"00:00:00","transponderId":"9739691","teamName":"","lastLap":"44.00","lastLapSec":"44","bestLap":"43.65","segments":[{"pilotName":"","finishTime":"00:00:00","pilotId":"1","totalPilotTime":"00:05:46","neLength":"00:05:46","kart":"0","pitTime":""}],"lapCount":"7","lastLapS2":"29.91","lastLapS1":"13.89","secondsFromPit":"646","isOnPit":false,"isRaketa":false,"number":"1","pitstops":"0","kart":"0","lastPitMainTime":"0","totalOnTrack":"00:05:46","midLap":"44.236","pilots":[{"onTrack":"00:00:00","name":""}],"bestLapOnSegment":"43.658"},{"pilotName":"Ревчук Леша","lag":"12.60","timeFromLassPassing":"14484","endLap":false,"position":"13","lastPitTime":"00:00:00","transponderId":"9661676","teamName":"","lastLap":"44.07","lastLapSec":"44","bestLap":"43.70","segments":[{"pilotName":"","finishTime":"00:00:00","pilotId":"1","totalPilotTime":"00:05:46","neLength":"00:05:46","kart":"0","pitTime":"19.633"}],"lapCount":"7","lastLapS2":"30.36","lastLapS1":"13.75","secondsFromPit":"646","isOnPit":false,"isRaketa":false,"number":"6","pitstops":"0","kart":"0","lastPitMainTime":"0","totalOnTrack":"00:05:46","midLap":"46.580","pilots":[{"onTrack":"00:00:00","name":""}],"bestLapOnSegment":"43.708"},{"pilotName":"Панічук","lag":"14.32","timeFromLassPassing":"28726","endLap":false,"position":"14","lastPitTime":"00:00:00","transponderId":"2740799","teamName":"","lastLap":"43.79","lastLapSec":"44","bestLap":"43.74","segments":[{"pilotName":"","finishTime":"00:00:00","pilotId":"1","totalPilotTime":"00:05:46","neLength":"00:05:46","kart":"0","pitTime":""}],"lapCount":"7","lastLapS2":"29.96","lastLapS1":"13.84","secondsFromPit":"646","isOnPit":false,"isRaketa":false,"number":"16","pitstops":"0","kart":"0","lastPitMainTime":"0","totalOnTrack":"00:05:46","midLap":"44.765","pilots":[{"onTrack":"00:00:00","name":""}],"bestLapOnSegment":"43.743"},{"pilotName":"Слащов","lag":"01.20","timeFromLassPassing":"30038","endLap":false,"position":"15","lastPitTime":"00:00:00","transponderId":"5885393","teamName":"","lastLap":"45.15","lastLapSec":"45","bestLap":"43.86","segments":[{"pilotName":"","finishTime":"00:00:00","pilotId":"1","totalPilotTime":"00:05:46","neLength":"00:05:46","kart":"0","pitTime":""}],"lapCount":"7","lastLapS2":"31.40","lastLapS1":"13.82","secondsFromPit":"646","isOnPit":false,"isRaketa":false,"number":"3","pitstops":"0","kart":"0","lastPitMainTime":"0","totalOnTrack":"00:05:46","midLap":"44.221","pilots":[{"onTrack":"00:00:00","name":""}],"bestLapOnSegment":"43.861"},{"pilotName":"Єлманов","lag":"10.33","timeFromLassPassing":"19647","endLap":false,"position":"16","lastPitTime":"00:00:00","transponderId":"8433860","teamName":"","lastLap":"44.08","lastLapSec":"44","bestLap":"44.04","segments":[{"pilotName":"","finishTime":"00:00:00","pilotId":"1","totalPilotTime":"00:05:46","neLength":"00:05:46","kart":"0","pitTime":"29.047"}],"lapCount":"7","lastLapS2":"30.22","lastLapS1":"13.92","secondsFromPit":"646","isOnPit":false,"isRaketa":false,"number":"10","pitstops":"0","kart":"0","lastPitMainTime":"0","totalOnTrack":"00:05:46","midLap":"45.337","pilots":[{"onTrack":"00:00:00","name":""}],"bestLapOnSegment":"44.045"},{"pilotName":"Соляніков","lag":"03.37","timeFromLassPassing":"16257","endLap":false,"position":"17","lastPitTime":"00:00:00","transponderId":"8431733","teamName":"","lastLap":"44.18","lastLapSec":"44","bestLap":"44.05","segments":[{"pilotName":"","finishTime":"00:00:00","pilotId":"1","totalPilotTime":"00:05:46","neLength":"00:05:46","kart":"0","pitTime":"27.212"}],"lapCount":"7","lastLapS2":"30.33","lastLapS1":"13.79","secondsFromPit":"646","isOnPit":false,"isRaketa":false,"number":"4","pitstops":"0","kart":"0","lastPitMainTime":"0","totalOnTrack":"00:05:46","midLap":"45.102","pilots":[{"onTrack":"00:00:00","name":""}],"bestLapOnSegment":"44.059"},{"pilotName":"Дорош","lag":"03.67","timeFromLassPassing":"19975","endLap":false,"position":"18","lastPitTime":"00:00:00","transponderId":"5034562","teamName":"","lastLap":"45.39","lastLapSec":"45","bestLap":"44.39","segments":[{"pilotName":"","finishTime":"00:00:00","pilotId":"1","totalPilotTime":"00:05:46","neLength":"00:05:46","kart":"0","pitTime":""}],"lapCount":"7","lastLapS2":"31.46","lastLapS1":"13.86","secondsFromPit":"646","isOnPit":false,"isRaketa":false,"number":"44","pitstops":"0","kart":"0","lastPitMainTime":"0","totalOnTrack":"00:05:46","midLap":"45.582","pilots":[{"onTrack":"00:00:00","name":""}],"bestLapOnSegment":"44.393"}],"thirdPlaceLag":"03.004","firstPlaceName":"Ференс","bestLapRace":"42.890","teams2":{"1":{"pilotName":"Павлушко","lag":"14.86","timeFromLassPassing":"27083","endLap":false,"position":"12","lastPitTime":"00:00:00","transponderId":"9739691","teamName":"","lastLap":"44.00","lastLapSec":"44","bestLap":"43.65","segments":[{"pilotName":"","finishTime":"00:00:00","pilotId":"1","totalPilotTime":"00:05:46","neLength":"00:05:46","kart":"0","pitTime":""}],"lapCount":"7","lastLapS2":"29.91","lastLapS1":"13.89","secondsFromPit":"646","isOnPit":false,"isRaketa":false,"number":"1","pitstops":"0","kart":"0","lastPitMainTime":"0","totalOnTrack":"00:05:46","midLap":"44.236","pilots":[{"onTrack":"00:00:00","name":""}],"bestLapOnSegment":"43.658"},"3":{"pilotName":"Слащов","lag":"01.20","timeFromLassPassing":"30038","endLap":false,"position":"15","lastPitTime":"00:00:00","transponderId":"5885393","teamName":"","lastLap":"45.15","lastLapSec":"45","bestLap":"43.86","segments":[{"pilotName":"","finishTime":"00:00:00","pilotId":"1","totalPilotTime":"00:05:46","neLength":"00:05:46","kart":"0","pitTime":""}],"lapCount":"7","lastLapS2":"31.40","lastLapS1":"13.82","secondsFromPit":"646","isOnPit":false,"isRaketa":false,"number":"3","pitstops":"0","kart":"0","lastPitMainTime":"0","totalOnTrack":"00:05:46","midLap":"44.221","pilots":[{"onTrack":"00:00:00","name":""}],"bestLapOnSegment":"43.861"},"4":{"pilotName":"Соляніков","lag":"03.37","timeFromLassPassing":"16257","endLap":false,"position":"17","lastPitTime":"00:00:00","transponderId":"8431733","teamName":"","lastLap":"44.18","lastLapSec":"44","bestLap":"44.05","segments":[{"pilotName":"","finishTime":"00:00:00","pilotId":"1","totalPilotTime":"00:05:46","neLength":"00:05:46","kart":"0","pitTime":"27.212"}],"lapCount":"7","lastLapS2":"30.33","lastLapS1":"13.79","secondsFromPit":"646","isOnPit":false,"isRaketa":false,"number":"4","pitstops":"0","kart":"0","lastPitMainTime":"0","totalOnTrack":"00:05:46","midLap":"45.102","pilots":[{"onTrack":"00:00:00","name":""}],"bestLapOnSegment":"44.059"},"6":{"pilotName":"Ревчук Леша","lag":"12.60","timeFromLassPassing":"14484","endLap":false,"position":"13","lastPitTime":"00:00:00","transponderId":"9661676","teamName":"","lastLap":"44.07","lastLapSec":"44","bestLap":"43.70","segments":[{"pilotName":"","finishTime":"00:00:00","pilotId":"1","totalPilotTime":"00:05:46","neLength":"00:05:46","kart":"0","pitTime":"19.633"}],"lapCount":"7","lastLapS2":"30.36","lastLapS1":"13.75","secondsFromPit":"646","isOnPit":false,"isRaketa":false,"number":"6","pitstops":"0","kart":"0","lastPitMainTime":"0","totalOnTrack":"00:05:46","midLap":"46.580","pilots":[{"onTrack":"00:00:00","name":""}],"bestLapOnSegment":"43.708"},"7":{"pilotName":"Діо","lag":"01.09","timeFromLassPassing":"36709","endLap":false,"position":"4","lastPitTime":"00:00:00","transponderId":"9614994","teamName":"","lastLap":"43.45","lastLapSec":"43","bestLap":"43.08","segments":[{"pilotName":"","finishTime":"00:00:00","pilotId":"1","totalPilotTime":"00:05:46","neLength":"00:05:46","kart":"0","pitTime":""}],"lapCount":"7","lastLapS2":"29.99","lastLapS1":"13.55","secondsFromPit":"646","isOnPit":false,"isRaketa":false,"number":"7","pitstops":"0","kart":"0","lastPitMainTime":"0","totalOnTrack":"00:05:46","midLap":"43.386","pilots":[{"onTrack":"00:00:00","name":""}],"bestLapOnSegment":"43.082"},"9":{"pilotName":"Маніло","lag":"02.97","timeFromLassPassing":"35615","endLap":false,"position":"3","lastPitTime":"00:00:00","transponderId":"2807865","teamName":"","lastLap":"43.10","lastLapSec":"43","bestLap":"43.07","segments":[{"pilotName":"","finishTime":"00:00:00","pilotId":"1","totalPilotTime":"00:05:46","neLength":"00:05:46","kart":"0","pitTime":""}],"lapCount":"7","lastLapS2":"29.49","lastLapS1":"13.64","secondsFromPit":"646","isOnPit":false,"isRaketa":false,"number":"9","pitstops":"0","kart":"0","lastPitMainTime":"0","totalOnTrack":"00:05:46","midLap":"43.466","pilots":[{"onTrack":"00:00:00","name":""}],"bestLapOnSegment":"43.074"},"10":{"pilotName":"Єлманов","lag":"10.33","timeFromLassPassing":"19647","endLap":false,"position":"16","lastPitTime":"00:00:00","transponderId":"8433860","teamName":"","lastLap":"44.08","lastLapSec":"44","bestLap":"44.04","segments":[{"pilotName":"","finishTime":"00:00:00","pilotId":"1","totalPilotTime":"00:05:46","neLength":"00:05:46","kart":"0","pitTime":"29.047"}],"lapCount":"7","lastLapS2":"30.22","lastLapS1":"13.92","secondsFromPit":"646","isOnPit":false,"isRaketa":false,"number":"10","pitstops":"0","kart":"0","lastPitMainTime":"0","totalOnTrack":"00:05:46","midLap":"45.337","pilots":[{"onTrack":"00:00:00","name":""}],"bestLapOnSegment":"44.045"},"11":{"pilotName":"Карт 11","lag":"2L+","timeFromLassPassing":"140133","endLap":false,"position":"6","lastPitTime":"00:03:32","transponderId":"2758575","teamName":"","lastLap":"43.42","lastLapSec":"43","bestLap":"43.30","segments":[{"pilotName":"","finishTime":"00:00:00","pilotId":"10","totalPilotTime":"00:02:14","neLength":"00:02:14","kart":"0","pitTime":""},{"pilotName":"","finishTime":"00:03:32","pilotId":"1","totalPilotTime":"00:03:32","neLength":"00:03:32","kart":"0","pitTime":"04:10.579"}],"lapCount":"4","lastLapS2":"29.70","lastLapS1":"13.72","secondsFromPit":"646","isOnPit":true,"isRaketa":false,"number":"11","pitstops":"1","kart":"0","lastPitMainTime":"04:10.579","totalOnTrack":"00:02:14","midLap":"43.555","pilots":[{"onTrack":"00:03:32","name":""}],"bestLapOnSegment":""},"12":{"pilotName":"Ференс","lag":"0","timeFromLassPassing":"31351","endLap":false,"position":"1","lastPitTime":"00:00:00","transponderId":"5957013","teamName":"","lastLap":"42.94","lastLapSec":"43","bestLap":"42.89","segments":[{"pilotName":"","finishTime":"00:00:00","pilotId":"1","totalPilotTime":"00:05:46","neLength":"00:05:46","kart":"0","pitTime":""}],"lapCount":"7","lastLapS2":"29.65","lastLapS1":"13.30","secondsFromPit":"646","isOnPit":false,"isRaketa":true,"number":"12","pitstops":"0","kart":"0","lastPitMainTime":"0","totalOnTrack":"00:05:46","midLap":"43.183","pilots":[{"onTrack":"00:00:00","name":""}],"bestLapOnSegment":"42.890"},"13":{"pilotName":"Резанко","lag":"07.20","timeFromLassPassing":"38682","endLap":false,"position":"2","lastPitTime":"00:00:00","transponderId":"8441658","teamName":"","lastLap":"43.36","lastLapSec":"43","bestLap":"42.93","segments":[{"pilotName":"","finishTime":"00:00:00","pilotId":"1","totalPilotTime":"00:05:46","neLength":"00:05:46","kart":"0","pitTime":""}],"lapCount":"7","lastLapS2":"29.71","lastLapS1":"13.61","secondsFromPit":"646","isOnPit":false,"isRaketa":false,"number":"13","pitstops":"0","kart":"0","lastPitMainTime":"0","totalOnTrack":"00:05:46","midLap":"43.281","pilots":[{"onTrack":"00:00:00","name":""}],"bestLapOnSegment":"42.934"},"14":{"pilotName":"Лисенський Даня","lag":"18.33","timeFromLassPassing":"39448","endLap":false,"position":"10","lastPitTime":"00:00:00","transponderId":"2261324","teamName":"","lastLap":"43.61","lastLapSec":"44","bestLap":"43.47","segments":[{"pilotName":"","finishTime":"00:00:00","pilotId":"1","totalPilotTime":"00:05:46","neLength":"00:05:46","kart":"0","pitTime":""}],"lapCount":"7","lastLapS2":"29.94","lastLapS1":"13.73","secondsFromPit":"646","isOnPit":false,"isRaketa":false,"number":"14","pitstops":"0","kart":"0","lastPitMainTime":"0","totalOnTrack":"00:05:46","midLap":"43.897","pilots":[{"onTrack":"00:00:00","name":""}],"bestLapOnSegment":"43.473"},"16":{"pilotName":"Панічук","lag":"14.32","timeFromLassPassing":"28726","endLap":false,"position":"14","lastPitTime":"00:00:00","transponderId":"2740799","teamName":"","lastLap":"43.79","lastLapSec":"44","bestLap":"43.74","segments":[{"pilotName":"","finishTime":"00:00:00","pilotId":"1","totalPilotTime":"00:05:46","neLength":"00:05:46","kart":"0","pitTime":""}],"lapCount":"7","lastLapS2":"29.96","lastLapS1":"13.84","secondsFromPit":"646","isOnPit":false,"isRaketa":false,"number":"16","pitstops":"0","kart":"0","lastPitMainTime":"0","totalOnTrack":"00:05:46","midLap":"44.765","pilots":[{"onTrack":"00:00:00","name":""}],"bestLapOnSegment":"43.743"},"17":{"pilotName":"Ревчук Саша","lag":"14.68","timeFromLassPassing":"40323","endLap":false,"position":"8","lastPitTime":"00:00:00","transponderId":"4078493","teamName":"","lastLap":"43.72","lastLapSec":"44","bestLap":"43.34","segments":[{"pilotName":"","finishTime":"00:00:00","pilotId":"1","totalPilotTime":"00:05:46","neLength":"00:05:46","kart":"0","pitTime":""}],"lapCount":"7","lastLapS2":"30.06","lastLapS1":"13.76","secondsFromPit":"646","isOnPit":false,"isRaketa":false,"number":"17","pitstops":"0","kart":"0","lastPitMainTime":"0","totalOnTrack":"00:05:46","midLap":"43.645","pilots":[{"onTrack":"00:00:00","name":""}],"bestLapOnSegment":"43.343"},"18":{"pilotName":"Гуцуляк","lag":"2L+","timeFromLassPassing":"25552","endLap":false,"position":"7","lastPitTime":"00:00:00","transponderId":"4642517","teamName":"","lastLap":"43.74","lastLapSec":"44","bestLap":"43.33","segments":[{"pilotName":"","finishTime":"00:00:00","pilotId":"1","totalPilotTime":"00:05:46","neLength":"00:05:46","kart":"0","pitTime":""}],"lapCount":"7","lastLapS2":"29.90","lastLapS1":"13.83","secondsFromPit":"646","isOnPit":false,"isRaketa":false,"number":"18","pitstops":"0","kart":"0","lastPitMainTime":"0","totalOnTrack":"00:05:46","midLap":"43.833","pilots":[{"onTrack":"00:00:00","name":""}],"bestLapOnSegment":"43.338"},"21":{"pilotName":"Ждан-Пушкін","lag":"08.93","timeFromLassPassing":"27739","endLap":false,"position":"5","lastPitTime":"00:00:00","transponderId":"4684020","teamName":"","lastLap":"43.27","lastLapSec":"43","bestLap":"43.27","segments":[{"pilotName":"","finishTime":"00:00:00","pilotId":"1","totalPilotTime":"00:05:46","neLength":"00:05:46","kart":"0","pitTime":""}],"lapCount":"7","lastLapS2":"29.62","lastLapS1":"13.61","secondsFromPit":"646","isOnPit":false,"isRaketa":false,"number":"21","pitstops":"0","kart":"0","lastPitMainTime":"0","totalOnTrack":"00:05:46","midLap":"43.852","pilots":[{"onTrack":"00:00:00","name":""}],"bestLapOnSegment":"43.271"},"33":{"pilotName":"Пивоварчук","lag":"19.12","timeFromLassPassing":"21178","endLap":false,"position":"9","lastPitTime":"00:00:00","transponderId":"4688335","teamName":"","lastLap":"43.77","lastLapSec":"44","bestLap":"43.41","segments":[{"pilotName":"","finishTime":"00:00:00","pilotId":"1","totalPilotTime":"00:05:46","neLength":"00:05:46","kart":"0","pitTime":""}],"lapCount":"7","lastLapS2":"30.02","lastLapS1":"13.81","secondsFromPit":"646","isOnPit":false,"isRaketa":false,"number":"33","pitstops":"0","kart":"0","lastPitMainTime":"0","totalOnTrack":"00:05:46","midLap":"43.691","pilots":[{"onTrack":"00:00:00","name":""}],"bestLapOnSegment":"43.419"},"44":{"pilotName":"Дорош","lag":"03.67","timeFromLassPassing":"19975","endLap":false,"position":"18","lastPitTime":"00:00:00","transponderId":"5034562","teamName":"","lastLap":"45.39","lastLapSec":"45","bestLap":"44.39","segments":[{"pilotName":"","finishTime":"00:00:00","pilotId":"1","totalPilotTime":"00:05:46","neLength":"00:05:46","kart":"0","pitTime":""}],"lapCount":"7","lastLapS2":"31.46","lastLapS1":"13.86","secondsFromPit":"646","isOnPit":false,"isRaketa":false,"number":"44","pitstops":"0","kart":"0","lastPitMainTime":"0","totalOnTrack":"00:05:46","midLap":"45.582","pilots":[{"onTrack":"00:00:00","name":""}],"bestLapOnSegment":"44.393"},"69":{"pilotName":"Пашковський","lag":"27.28","timeFromLassPassing":"12187","endLap":false,"position":"11","lastPitTime":"00:00:00","transponderId":"6191269","teamName":"","lastLap":"43.94","lastLapSec":"44","bestLap":"43.64","segments":[{"pilotName":"","finishTime":"00:00:00","pilotId":"1","totalPilotTime":"00:05:46","neLength":"00:05:46","kart":"0","pitTime":""}],"lapCount":"7","lastLapS2":"29.99","lastLapS1":"13.95","secondsFromPit":"646","isOnPit":false,"isRaketa":false,"number":"69","pitstops":"0","kart":"0","lastPitMainTime":"0","totalOnTrack":"00:05:46","midLap":"43.932","pilots":[{"onTrack":"00:00:00","name":""}],"bestLapOnSegment":"43.647"}},"compTeamNameFirst":"Команда1","compDiffS2":"-0.0","compDiffS1":"+0.0"},"onBoard":{"karts_on_track":[],"position":"10","timeDiff":"-0.347","firstpos_lag":"-04.281","lastLap":"44.005","onTrack":"05:46.755","position_by_time":"12","sector_2_time":"29.91","karts_on_pit":[],"second_pos_time":"42.934","second_pos_name":"Резанко","sector_2_lag":"-0.580","timeLag":"-01.060","sector_1_lag":"-0.599","lapCount":"7","third_pos_time":"43.074","third_pos_name":"Маніло","sector_1_time":"13.89","totalOnTrack":"00:05:46","prevpos_lag":"+12.602","nextpos_lag":"-","bestLapOnSegment":"43.658","first_pos_time":"42.890","first_pos_name":"Ференс"}}