{"onTablo":{"compTeamSecondS2":"0.0","compTeamSecondS1":"0.0","secondPlaceLag":"","teamsByTimestamp":[12,9,7,21,13,33,18,17,6,14,16,1,69,4,3,10,44,11],"bestLapRaceNameTeam":"","finish":true,"compTeamFirstLastLap":"0.0","raceStartedButtonTimestamp":1660941011,"bestLapRaceNumberTeam":"","raceFinishedTimestamp":1660940990,"compDiff":"-0.0","bestLapRaceNamePilot":"","compTeamSecondLastLap":"0.0","secondPlaceName":"Резанко","karts":[1,2,3,4,5,6,7,8,9,10,11,12,13,14,15,16,17,18,19,20,21,22,33,44,69],"compTeamFirstS2":"0.0","compTeamFirstS1":"0.0","compTeamNameSecond":"Команда2","totalRaceTime":"00:07:57","thirdPlaceName":"Маніло","secondPlaceNumber":"13","isRace":false,"firstPlaceNumber":"12","thirdPlaceNumber":"9","bestS2Race":"29.223","firstPlaceLag":"","bestS1Race":"13.287","compLag":"0.0","teams":[{"pilotName":"Ференс","lag":"0","timeFromLassPassing":"34037","endLap":false,"position":"1","lastPitTime":"00:00:00","transponderId":"5957013","teamName":"","lastLap":"42.57","lastLapSec":"43","bestLap":"42.55","segments":[{"pilotName":"","finishTime":"00:00:00","pilotId":"1","totalPilotTime":"00:07:57","neLength":"00:07:57","kart":"0","pitTime":""}],"lapCount":"10","lastLapS2":"29.22","lastLapS1":"13.37","secondsFromPit":"777","isOnPit":false,"isRaketa":true,"number":"12","pitstops":"0","kart":"0","lastPitMainTime":"0","totalOnTrack":"00:07:57","midLap":"43.012","pilots":[{"onTrack":"00:00:00","name":""}],"bestLapOnSegment":"42.554"},{"pilotName":"Резанко","lag":"05.84","timeFromLassPassing":"39942","endLap":false,"position":"2","lastPitTime":"00:00:00","transponderId":"8441658","teamName":"","lastLap":"43.17","lastLapSec":"43","bestLap":"42.93","segments":[{"pilotName":"","finishTime":"00:00:00","pilotId":"1","totalPilotTime":"00:07:57","neLength":"00:07:57","kart":"0","pitTime":""}],"lapCount":"10","lastLapS2":"29.39","lastLapS1":"13.67","secondsFromPit":"777","isOnPit":false,"isRaketa":false,"number":"13","pitstops":"0","kart":"0","lastPitMainTime":"0","totalOnTrack":"00:07:57","midLap":"43.218","pilots":[{"onTrack":"00:00:00","name":""}],"bestLapOnSegment":"42.934"},{"pilotName":"Маніло","lag":"03.40","timeFromLassPassing":"36552","endLap":false,"position":"3","lastPitTime":"00:00:00","transponderId":"2807865","teamName":"","lastLap":"43.02","lastLapSec":"43","bestLap":"43.02","segments":[{"pilotName":"","finishTime":"00:00:00","pilotId":"1","totalPilotTime":"00:07:57","neLength":"00:07:57","kart":"0","pitTime":""}],"lapCount":"10","lastLapS2":"29.40","lastLapS1":"13.69","secondsFromPit":"777","isOnPit":false,"isRaketa":false,"number":"9","pitstops":"0","kart":"0","lastPitMainTime":"0","totalOnTrack":"00:07:57","midLap":"43.389","pilots":[{"onTrack":"00:00:00","name":""}],"bestLapOnSegment":"43.026"},{"pilotName":"Діо","lag":"0.53","timeFromLassPassing":"37099","endLap":false,"position":"4","lastPitTime":"00:00:00","transponderId":"9614994","teamName":"","lastLap":"43.52","lastLapSec":"44","bestLap":"43.08","segments":[{"pilotName":"","finishTime":"00:00:00","pilotId":"1","totalPilotTime":"00:07:57","neLength":"00:07:57","kart":"0","pitTime":""}],"lapCount":"10","lastLapS2":"29.98","lastLapS1":"13.45","secondsFromPit":"777","isOnPit":false,"isRaketa":false,"number":"7","pitstops":"0","kart":"0","lastPitMainTime":"0","totalOnTrack":"00:07:57","midLap":"43.390","pilots":[{"onTrack":"00:00:00","name":""}],"bestLapOnSegment":"43.082"},{"pilotName":"Ждан-Пушкін","lag":"09.40","timeFromLassPassing":"27585","endLap":false,"position":"5","lastPitTime":"00:00:00","transponderId":"4684020","teamName":"","lastLap":"43.44","lastLapSec":"43","bestLap":"43.16","segments":[{"pilotName":"","finishTime":"00:00:00","pilotId":"1","totalPilotTime":"00:07:57","neLength":"00:07:57","kart":"0","pitTime":""}],"lapCount":"10","lastLapS2":"29.76","lastLapS1":"13.55","secondsFromPit":"777","isOnPit":false,"isRaketa":false,"number":"21","pitstops":"0","kart":"0","lastPitMainTime":"0","totalOnTrack":"00:07:57","midLap":"43.762","pilots":[{"onTrack":"00:00:00","name":""}],"bestLapOnSegment":"43.166"},{"pilotName":"Карт 11","lag":"3L+28.68","timeFromLassPassing":"42566","endLap":false,"position":"6","lastPitTime":"00:03:32","transponderId":"2758575","teamName":"","lastLap":"43.20","lastLapSec":"43","bestLap":"43.20","segments":[{"pilotName":"","finishTime":"00:00:00","pilotId":"10","totalPilotTime":"00:04:25","neLength":"00:04:25","kart":"0","pitTime":""},{"pilotName":"","finishTime":"00:03:32","pilotId":"1","totalPilotTime":"00:03:32","neLength":"00:03:32","kart":"0","pitTime":"02:29.601"}],"lapCount":"6","lastLapS2":"29.52","lastLapS1":"13.64","secondsFromPit":"115","isOnPit":false,"isRaketa":false,"number":"11","pitstops":"1","kart":"0","lastPitMainTime":"02:29.601","totalOnTrack":"00:04:25","midLap":"43.484","pilots":[{"onTrack":"00:03:32","name":""}],"bestLapOnSegment":"43.202"},{"pilotName":"Пивоварчук","lag":"3L+22.38","timeFromLassPassing":"21212","endLap":false,"position":"7","lastPitTime":"00:00:00","transponderId":"4688335","teamName":"","lastLap":"43.60","lastLapSec":"44","bestLap":"43.26","segments":[{"pilotName":"","finishTime":"00:00:00","pilotId":"1","totalPilotTime":"00:07:57","neLength":"00:07:57","kart":"0","pitTime":""}],"lapCount":"10","lastLapS2":"29.72","lastLapS1":"13.60","secondsFromPit":"777","isOnPit":false,"isRaketa":false,"number":"33","pitstops":"0","kart":"0","lastPitMainTime":"0","totalOnTrack":"00:07:57","midLap":"43.638","pilots":[{"onTrack":"00:00:00","name":""}],"bestLapOnSegment":"43.267"},{"pilotName":"Гуцуляк","lag":"04.55","timeFromLassPassing":"25726","endLap":false,"position":"8","lastPitTime":"00:00:00","transponderId":"4642517","teamName":"","lastLap":"43.44","lastLapSec":"43","bestLap":"43.33","segments":[{"pilotName":"","finishTime":"00:00:00","pilotId":"1","totalPilotTime":"00:07:57","neLength":"00:07:57","kart":"0","pitTime":""}],"lapCount":"10","lastLapS2":"29.69","lastLapS1":"13.85","secondsFromPit":"777","isOnPit":false,"isRaketa":false,"number":"18","pitstops":"0","kart":"0","lastPitMainTime":"0","totalOnTrack":"00:07:57","midLap":"43.726","pilots":[{"onTrack":"00:00:00","name":""}],"bestLapOnSegment":"43.338"},{"pilotName":"Ревчук Саша","lag":"13.15","timeFromLassPassing":"38958","endLap":false,"position":"9","lastPitTime":"00:00:00","transponderId":"4078493","teamName":"","lastLap":"44.66","lastLapSec":"45","bestLap":"43.34","segments":[{"pilotName":"","finishTime":"00:00:00","pilotId":"1","totalPilotTime":"00:07:57","neLength":"00:07:57","kart":"0","pitTime":""}],"lapCount":"10","lastLapS2":"30.91","lastLapS1":"13.72","secondsFromPit":"777","isOnPit":false,"isRaketa":false,"number":"17","pitstops":"0","kart":"0","lastPitMainTime":"0","totalOnTrack":"00:07:57","midLap":"43.747","pilots":[{"onTrack":"00:00:00","name":""}],"bestLapOnSegment":"43.343"},{"pilotName":"Ревчук Леша","lag":"24.15","timeFromLassPassing":"14750","endLap":false,"position":"10","lastPitTime":"00:00:00","transponderId":"9661676","teamName":"","lastLap":"43.43","lastLapSec":"43","bestLap":"43.35","segments":[{"pilotName":"","finishTime":"00:00:00","pilotId":"1","totalPilotTime":"00:07:57","neLength":"00:07:57","kart":"0","pitTime":"19.633"}],"lapCount":"10","lastLapS2":"29.75","lastLapS1":"13.75","secondsFromPit":"777","isOnPit":false,"isRaketa":false,"number":"6","pitstops":"0","kart":"0","lastPitMainTime":"0","totalOnTrack":"00:07:57","midLap":"45.637","pilots":[{"onTrack":"00:00:00","name":""}],"bestLapOnSegment":"43.354"},{"pilotName":"Лисенський Даня","lag":"19.98","timeFromLassPassing":"34693","endLap":false,"position":"11","lastPitTime":"00:00:00","transponderId":"2261324","teamName":"","lastLap":"43.79","lastLapSec":"44","bestLap":"43.47","segments":[{"pilotName":"","finishTime":"00:00:00","pilotId":"1","totalPilotTime":"00:07:57","neLength":"00:07:57","kart":"0","pitTime":""}],"lapCount":"10","lastLapS2":"30.05","lastLapS1":"13.80","secondsFromPit":"777","isOnPit":false,"isRaketa":false,"number":"14","pitstops":"0","kart":"0","lastPitMainTime":"0","totalOnTrack":"00:07:57","midLap":"44.262","pilots":[{"onTrack":"00:00:00","name":""}],"bestLapOnSegment":"43.473"},{"pilotName":"Панічук","lag":"06.30","timeFromLassPassing":"28351","endLap":false,"position":"12","lastPitTime":"00:00:00","transponderId":"2740799","teamName":"","lastLap":"43.85","lastLapSec":"44","bestLap":"43.50","segments":[{"pilotName":"","finishTime":"00:00:00","pilotId":"1","totalPilotTime":"00:07:57","neLength":"00:07:57","kart":"0","pitTime":""}],"lapCount":"10","lastLapS2":"30.00","lastLapS1":"13.80","secondsFromPit":"777","isOnPit":false,"isRaketa":false,"number":"16","pitstops":"0","kart":"0","lastPitMainTime":"0","totalOnTrack":"00:07:57","midLap":"44.432","pilots":[{"onTrack":"00:00:00","name":""}],"bestLapOnSegment":"43.506"},{"pilotName":"Павлушко","lag":"02.06","timeFromLassPassing":"26273","endLap":false,"position":"13","lastPitTime":"00:00:00","transponderId":"9739691","teamName":"","lastLap":"43.59","lastLapSec":"44","bestLap":"43.59","segments":[{"pilotName":"","finishTime":"00:00:00","pilotId":"1","totalPilotTime":"00:07:57","neLength":"00:07:57","kart":"0","pitTime":""}],"lapCount":"10","lastLapS2":"29.83","lastLapS1":"13.82","secondsFromPit":"777","isOnPit":false,"isRaketa":false,"number":"1","pitstops":"0","kart":"0","lastPitMainTime":"0","totalOnTrack":"00:07:57","midLap":"44.094","pilots":[{"onTrack":"00:00:00","name":""}],"bestLapOnSegment":"43.597"},{"pilotName":"Пашковський","lag":"15.32","timeFromLassPassing":"11025","endLap":false,"position":"14","lastPitTime":"00:00:00","transponderId":"6191269","teamName":"","lastLap":"43.99","lastLapSec":"44","bestLap":"43.64","segments":[{"pilotName":"","finishTime":"00:00:00","pilotId":"1","totalPilotTime":"00:07:57","neLength":"00:07:57","kart":"0","pitTime":""}],"lapCount":"10","lastLapS2":"30.04","lastLapS1":"13.95","secondsFromPit":"777","isOnPit":false,"isRaketa":false,"number":"69","pitstops":"0","kart":"0","lastPitMainTime":"0","totalOnTrack":"00:07:57","midLap":"43.927","pilots":[{"onTrack":"00:00:00","name":""}],"bestLapOnSegment":"43.647"},{"pilotName":"Соляніков","lag":"03.18","timeFromLassPassing":"14219","endLap":false,"position":"15","lastPitTime":"00:00:00","transponderId":"8431733","teamName":"","lastLap":"44.82","lastLapSec":"45","bestLap":"43.71","segments":[{"pilotName":"","finishTime":"00:00:00","pilotId":"1","totalPilotTime":"00:07:57","neLength":"00:07:57","kart":"0","pitTime":"27.212"}],"lapCount":"10","lastLapS2":"30.88","lastLapS1":"13.87","secondsFromPit":"777","isOnPit":false,"isRaketa":false,"number":"4","pitstops":"0","kart":"0","lastPitMainTime":"0","totalOnTrack":"00:07:57","midLap":"44.837","pilots":[{"onTrack":"00:00:00","name":""}],"bestLapOnSegment":"43.711"},{"pilotName":"Слащов","lag":"14.53","timeFromLassPassing":"28695","endLap":false,"position":"16","lastPitTime":"00:00:00","transponderId":"5885393","teamName":"","lastLap":"43.90","lastLapSec":"44","bestLap":"43.86","segments":[{"pilotName":"","finishTime":"00:00:00","pilotId":"1","totalPilotTime":"00:07:57","neLength":"00:07:57","kart":"0","pitTime":""}],"lapCount":"10","lastLapS2":"30.05","lastLapS1":"13.68","secondsFromPit":"777","isOnPit":false,"isRaketa":false,"number":"3","pitstops":"0","kart":"0","lastPitMainTime":"0","totalOnTrack":"00:07:57","midLap":"44.138","pilots":[{"onTrack":"00:00:00","name":""}],"bestLapOnSegment":"43.861"},{"pilotName":"Єлманов","lag":"10.51","timeFromLassPassing":"18275","endLap":false,"position":"17","lastPitTime":"00:00:00","transponderId":"8433860","teamName":"","lastLap":"44.16","lastLapSec":"44","bestLap":"43.92","segments":[{"pilotName":"","finishTime":"00:00:00","pilotId":"1","totalPilotTime":"00:07:57","neLength":"00:07:57","kart":"0","pitTime":"29.047"}],"lapCount":"10","lastLapS2":"30.26","lastLapS1":"14.01","secondsFromPit":"777","isOnPit":false,"isRaketa":false,"number":"10","pitstops":"0","kart":"0","lastPitMainTime":"0","totalOnTrack":"00:07:57","midLap":"44.936","pilots":[{"onTrack":"00:00:00","name":""}],"bestLapOnSegment":"43.920"},{"pilotName":"Дорош","lag":"04.76","timeFromLassPassing":"13454","endLap":false,"position":"18","lastPitTime":"00:00:00","transponderId":"5034562","teamName":"","lastLap":"46.56","lastLapSec":"47","bestLap":"44.39","segments":[{"pilotName":"","finishTime":"00:00:00","pilotId":"1","totalPilotTime":"00:07:57","neLength":"00:07:57","kart":"0","pitTime":""}],"lapCount":"10","lastLapS2":"32.63","lastLapS1":"13.93","secondsFromPit":"777","isOnPit":false,"isRaketa":false,"number":"44","pitstops":"0","kart":"0","lastPitMainTime":"0","totalOnTrack":"00:07:57","midLap":"45.614","pilots":[{"onTrack":"00:00:00","name":""}],"bestLapOnSegment":"44.393"}],"thirdPlaceLag":"03.421","firstPlaceName":"Ференс","bestLapRace":"42.554","teams2":{"1":{"pilotName":"Павлушко","lag":"02.06","timeFromLassPassing":"26273","endLap":false,"position":"13","lastPitTime":"00:00:00","transponderId":"9739691","teamName":"","lastLap":"43.59","lastLapSec":"44","bestLap":"43.59","segments":[{"pilotName":"","finishTime":"00:00:00","pilotId":"1","totalPilotTime":"00:07:57","neLength":"00:07:57","kart":"0","pitTime":""}],"lapCount":"10","lastLapS2":"29.83","lastLapS1":"13.82","secondsFromPit":"777","isOnPit":false,"isRaketa":false,"number":"1","pitstops":"0","kart":"0","lastPitMainTime":"0","totalOnTrack":"00:07:57","midLap":"44.094","pilots":[{"onTrack":"00:00:00","name":""}],"bestLapOnSegment":"43.597"},"3":{"pilotName":"Слащов","lag":"14.53","timeFromLassPassing":"28695","endLap":false,"position":"16","lastPitTime":"00:00:00","transponderId":"5885393","teamName":"","lastLap":"43.90","lastLapSec":"44","bestLap":"43.86","segments":[{"pilotName":"","finishTime":"00:00:00","pilotId":"1","totalPilotTime":"00:07:57","neLength":"00:07:57","kart":"0","pitTime":""}],"lapCount":"10","lastLapS2":"30.05","lastLapS1":"13.68","secondsFromPit":"777","isOnPit":false,"isRaketa":false,"number":"3","pitstops":"0","kart":"0","lastPitMainTime":"0","totalOnTrack":"00:07:57","midLap":"44.138","pilots":[{"onTrack":"00:00:00","name":""}],"bestLapOnSegment":"43.861"},"4":{"pilotName":"Соляніков","lag":"03.18","timeFromLassPassing":"14219","endLap":false,"position":"15","lastPitTime":"00:00:00","transponderId":"8431733","teamName":"","lastLap":"44.82","lastLapSec":"45","bestLap":"43.71","segments":[{"pilotName":"","finishTime":"00:00:00","pilotId":"1","totalPilotTime":"00:07:57","neLength":"00:07:57","kart":"0","pitTime":"27.212"}],"lapCount":"10","lastLapS2":"30.88","lastLapS1":"13.87","secondsFromPit":"777","isOnPit":false,"isRaketa":false,"number":"4","pitstops":"0","kart":"0","lastPitMainTime":"0","totalOnTrack":"00:07:57","midLap":"44.837","pilots":[{"onTrack":"00:00:00","name":""}],"bestLapOnSegment":"43.711"},"6":{"pilotName":"Ревчук Леша","lag":"24.15","timeFromLassPassing":"14750","endLap":false,"position":"10","lastPitTime":"00:00:00","transponderId":"9661676","teamName":"","lastLap":"43.43","lastLapSec":"43","bestLap":"43.35","segments":[{"pilotName":"","finishTime":"00:00:00","pilotId":"1","totalPilotTime":"00:07:57","neLength":"00:07:57","kart":"0","pitTime":"19.633"}],"lapCount":"10","lastLapS2":"29.75","lastLapS1":"13.75","secondsFromPit":"777","isOnPit":false,"isRaketa":false,"number":"6","pitstops":"0","kart":"0","lastPitMainTime":"0","totalOnTrack":"00:07:57","midLap":"45.637","pilots":[{"onTrack":"00:00:00","name":""}],"bestLapOnSegment":"43.354"},"7":{"pilotName":"Діо","lag":"0.53","timeFromLassPassing":"37099","endLap":false,"position":"4","lastPitTime":"00:00:00","transponderId":"9614994","teamName":"","lastLap":"43.52","lastLapSec":"44","bestLap":"43.08","segments":[{"pilotName":"","finishTime":"00:00:00","pilotId":"1","totalPilotTime":"00:07:57","neLength":"00:07:57","kart":"0","pitTime":""}],"lapCount":"10","lastLapS2":"29.98","lastLapS1":"13.45","secondsFromPit":"777","isOnPit":false,"isRaketa":false,"number":"7","pitstops":"0","kart":"0","lastPitMainTime":"0","totalOnTrack":"00:07:57","midLap":"43.390","pilots":[{"onTrack":"00:00:00","name":""}],"bestLapOnSegment":"43.082"},"9":{"pilotName":"Маніло","lag":"03.40","timeFromLassPassing":"36552","endLap":false,"position":"3","lastPitTime":"00:00:00","transponderId":"2807865","teamName":"","lastLap":"43.02","lastLapSec":"43","bestLap":"43.02","segments":[{"pilotName":"","finishTime":"00:00:00","pilotId":"1","totalPilotTime":"00:07:57","neLength":"00:07:57","kart":"0","pitTime":""}],"lapCount":"10","lastLapS2":"29.40","lastLapS1":"13.69","secondsFromPit":"777","isOnPit":false,"isRaketa":false,"number":"9","pitstops":"0","kart":"0","lastPitMainTime":"0","totalOnTrack":"00:07:57","midLap":"43.389","pilots":[{"onTrack":"00:00:00","name":""}],"bestLapOnSegment":"43.026"},"10":{"pilotName":"Єлманов","lag":"10.51","timeFromLassPassing":"18275","endLap":false,"position":"17","lastPitTime":"00:00:00","transponderId":"8433860","teamName":"","lastLap":"44.16","lastLapSec":"44","bestLap":"43.92","segments":[{"pilotName":"","finishTime":"00:00:00","pilotId":"1","totalPilotTime":"00:07:57","neLength":"00:07:57","kart":"0","pitTime":"29.047"}],"lapCount":"10","lastLapS2":"30.26","lastLapS1":"14.01","secondsFromPit":"777","isOnPit":false,"isRaketa":false,"number":"10","pitstops":"0","kart":"0","lastPitMainTime":"0","totalOnTrack":"00:07:57","midLap":"44.936","pilots":[{"onTrack":"00:00:00","name":""}],"bestLapOnSegment":"43.920"},"11":{"pilotName":"Карт 11","lag":"3L+28.68","timeFromLassPassing":"42566","endLap":false,"position":"6","lastPitTime":"00:03:32","transponderId":"2758575","teamName":"","lastLap":"43.20","lastLapSec":"43","bestLap":"43.20","segments":[{"pilotName":"","finishTime":"00:00:00","pilotId":"10","totalPilotTime":"00:04:25","neLength":"00:04:25","kart":"0","pitTime":""},{"pilotName":"","finishTime":"00:03:32","pilotId":"1","totalPilotTime":"00:03:32","neLength":"00:03:32","kart":"0","pitTime":"02:29.601"}],"lapCount":"6","lastLapS2":"29.52","lastLapS1":"13.64","secondsFromPit":"115","isOnPit":false,"isRaketa":false,"number":"11","pitstops":"1","kart":"0","lastPitMainTime":"02:29.601","totalOnTrack":"00:04:25","midLap":"43.484","pilots":[{"onTrack":"00:03:32","name":""}],"bestLapOnSegment":"43.202"},"12":{"pilotName":"Ференс","lag":"0","timeFromLassPassing":"34037","endLap":false,"position":"1","lastPitTime":"00:00:00","transponderId":"5957013","teamName":"","lastLap":"42.57","lastLapSec":"43","bestLap":"42.55","segments":[{"pilotName":"","finishTime":"00:00:00","pilotId":"1","totalPilotTime":"00:07:57","neLength":"00:07:57","kart":"0","pitTime":""}],"lapCount":"10","lastLapS2":"29.22","lastLapS1":"13.37","secondsFromPit":"777","isOnPit":false,"isRaketa":true,"number":"12","pitstops":"0","kart":"0","lastPitMainTime":"0","totalOnTrack":"00:07:57","midLap":"43.012","pilots":[{"onTrack":"00:00:00","name":""}],"bestLapOnSegment":"42.554"},"13":{"pilotName":"Резанко","lag":"05.84","timeFromLassPassing":"39942","endLap":false,"position":"2","lastPitTime":"00:00:00","transponderId":"8441658","teamName":"","lastLap":"43.17","lastLapSec":"43","bestLap":"42.93","segments":[{"pilotName":"","finishTime":"00:00:00","pilotId":"1","totalPilotTime":"00:07:57","neLength":"00:07:57","kart":"0","pitTime":""}],"lapCount":"10","lastLapS2":"29.39","lastLapS1":"13.67","secondsFromPit":"777","isOnPit":false,"isRaketa":false,"number":"13","pitstops":"0","kart":"0","lastPitMainTime":"0","totalOnTrack":"00:07:57","midLap":"43.218","pilots":[{"onTrack":"00:00:00","name":""}],"bestLapOnSegment":"42.934"},"14":{"pilotName":"Лисенський Даня","lag":"19.98","timeFromLassPassing":"34693","endLap":false,"position":"11","lastPitTime":"00:00:00","transponderId":"2261324","teamName":"","lastLap":"43.79","lastLapSec":"44","bestLap":"43.47","segments":[{"pilotName":"","finishTime":"00:00:00","pilotId":"1","totalPilotTime":"00:07:57","neLength":"00:07:57","kart":"0","pitTime":""}],"lapCount":"10","lastLapS2":"30.05","lastLapS1":"13.80","secondsFromPit":"777","isOnPit":false,"isRaketa":false,"number":"14","pitstops":"0","kart":"0","lastPitMainTime":"0","totalOnTrack":"00:07:57","midLap":"44.262","pilots":[{"onTrack":"00:00:00","name":""}],"bestLapOnSegment":"43.473"},"16":{"pilotName":"Панічук","lag":"06.30","timeFromLassPassing":"28351","endLap":false,"position":"12","lastPitTime":"00:00:00","transponderId":"2740799","teamName":"","lastLap":"43.85","lastLapSec":"44","bestLap":"43.50","segments":[{"pilotName":"","finishTime":"00:00:00","pilotId":"1","totalPilotTime":"00:07:57","neLength":"00:07:57","kart":"0","pitTime":""}],"lapCount":"10","lastLapS2":"30.00","lastLapS1":"13.80","secondsFromPit":"777","isOnPit":false,"isRaketa":false,"number":"16","pitstops":"0","kart":"0","lastPitMainTime":"0","totalOnTrack":"00:07:57","midLap":"44.432","pilots":[{"onTrack":"00:00:00","name":""}],"bestLapOnSegment":"43.506"},"17":{"pilotName":"Ревчук Саша","lag":"13.15","timeFromLassPassing":"38958","endLap":false,"position":"9","lastPitTime":"00:00:00","transponderId":"4078493","teamName":"","lastLap":"44.66","lastLapSec":"45","bestLap":"43.34","segments":[{"pilotName":"","finishTime":"00:00:00","pilotId":"1","totalPilotTime":"00:07:57","neLength":"00:07:57","kart":"0","pitTime":""}],"lapCount":"10","lastLapS2":"30.91","lastLapS1":"13.72","secondsFromPit":"777","isOnPit":false,"isRaketa":false,"number":"17","pitstops":"0","kart":"0","lastPitMainTime":"0","totalOnTrack":"00:07:57","midLap":"43.747","pilots":[{"onTrack":"00:00:00","name":""}],"bestLapOnSegment":"43.343"},"18":{"pilotName":"Гуцуляк","lag":"04.55","timeFromLassPassing":"25726","endLap":false,"position":"8","lastPitTime":"00:00:00","transponderId":"4642517","teamName":"","lastLap":"43.44","lastLapSec":"43","bestLap":"43.33","segments":[{"pilotName":"","finishTime":"00:00:00","pilotId":"1","totalPilotTime":"00:07:57","neLength":"00:07:57","kart":"0","pitTime":""}],"lapCount":"10","lastLapS2":"29.69","lastLapS1":"13.85","secondsFromPit":"777","isOnPit":false,"isRaketa":false,"number":"18","pitstops":"0","kart":"0","lastPitMainTime":"0","totalOnTrack":"00:07:57","midLap":"43.726","pilots":[{"onTrack":"00:00:00","name":""}],"bestLapOnSegment":"43.338"},"21":{"pilotName":"Ждан-Пушкін","lag":"09.40","timeFromLassPassing":"27585","endLap":false,"position":"5","lastPitTime":"00:00:00","transponderId":"4684020","teamName":"","lastLap":"43.44","lastLapSec":"43","bestLap":"43.16","segments":[{"pilotName":"","finishTime":"00:00:00","pilotId":"1","totalPilotTime":"00:07:57","neLength":"00:07:57","kart":"0","pitTime":""}],"lapCount":"10","lastLapS2":"29.76","lastLapS1":"13.55","secondsFromPit":"777","isOnPit":false,"isRaketa":false,"number":"21","pitstops":"0","kart":"0","lastPitMainTime":"0","totalOnTrack":"00:07:57","midLap":"43.762","pilots":[{"onTrack":"00:00:00","name":""}],"bestLapOnSegment":"43.166"},"33":{"pilotName":"Пивоварчук","lag":"3L+22.38","timeFromLassPassing":"21212","endLap":false,"position":"7","lastPitTime":"00:00:00","transponderId":"4688335","teamName":"","lastLap":"43.60","lastLapSec":"44","bestLap":"43.26","segments":[{"pilotName":"","finishTime":"00:00:00","pilotId":"1","totalPilotTime":"00:07:57","neLength":"00:07:57","kart":"0","pitTime":""}],"lapCount":"10","lastLapS2":"29.72","lastLapS1":"13.60","secondsFromPit":"777","isOnPit":false,"isRaketa":false,"number":"33","pitstops":"0","kart":"0","lastPitMainTime":"0","totalOnTrack":"00:07:57","midLap":"43.638","pilots":[{"onTrack":"00:00:00","name":""}],"bestLapOnSegment":"43.267"},"44":{"pilotName":"Дорош","lag":"04.76","timeFromLassPassing":"13454","endLap":false,"position":"18","lastPitTime":"00:00:00","transponderId":"5034562","teamName":"","lastLap":"46.56","lastLapSec":"47","bestLap":"44.39","segments":[{"pilotName":"","finishTime":"00:00:00","pilotId":"1","totalPilotTime":"00:07:57","neLength":"00:07:57","kart":"0","pitTime":""}],"lapCount":"10","lastLapS2":"32.63","lastLapS1":"13.93","secondsFromPit":"777","isOnPit":false,"isRaketa":false,"number":"44","pitstops":"0","kart":"0","lastPitMainTime":"0","totalOnTrack":"00:07:57","midLap":"45.614","pilots":[{"onTrack":"00:00:00","name":""}],"bestLapOnSegment":"44.393"},"69":{"pilotName":"Пашковський","lag":"15.32","timeFromLassPassing":"11025","endLap":false,"position":"14","lastPitTime":"00:00:00","transponderId":"6191269","teamName":"","lastLap":"43.99","lastLapSec":"44","bestLap":"43.64","segments":[{"pilotName":"","finishTime":"00:00:00","pilotId":"1","totalPilotTime":"00:07:57","neLength":"00:07:57","kart":"0","pitTime":""}],"lapCount":"10","lastLapS2":"30.04","lastLapS1":"13.95","secondsFromPit":"777","isOnPit":false,"isRaketa":false,"number":"69","pitstops":"0","kart":"0","lastPitMainTime":"0","totalOnTrack":"00:07:57","midLap":"43.927","pilots":[{"onTrack":"00:00:00","name":""}],"bestLapOnSegment":"43.647"}},"compTeamNameFirst":"Команда1","compDiffS2":"-0.0","compDiffS1":"+0.0"},"onBoard":{"karts_on_track":[],"position":"10","timeDiff":"+0.061","firstpos_lag":"-07.730","lastLap":"43.597","onTrack":"07:57.347","position_by_time":"13","sector_2_time":"29.83","karts_on_pit":[],"second_pos_time":"42.934","second_pos_name":"Резанко","sector_2_lag":"-0.613","timeLag":"-01.018","sector_1_lag":"-0.534","lapCount":"10","third_pos_time":"43.026","third_pos_name":"Маніло","sector_1_time":"13.82","totalOnTrack":"00:07:57","prevpos_lag":"+15.324","nextpos_lag":"-02.060","bestLapOnSegment":"43.597","first_pos_time":"42.554","first_pos_name":"Ференс"}}