{"onTablo":{"compTeamSecondS2":"0.0","compTeamSecondS1":"0.0","secondPlaceLag":"","teamsByTimestamp":[8,2,3,13,44,9,5,4,11,10,6],"bestLapRaceNameTeam":"","finish":false,"compTeamFirstLastLap":"0.0","raceStartedButtonTimestamp":1660936869,"bestLapRaceNumberTeam":"","raceFinishedTimestamp":1660937825,"compDiff":"-0.0","bestLapRaceNamePilot":"","compTeamSecondLastLap":"0.0","secondPlaceName":"Георгій","karts":[1,2,3,4,5,6,7,8,9,10,11,12,13,14,15,16,17,18,19,20,21,22,33,44,69],"compTeamFirstS2":"0.0","compTeamFirstS1":"0.0","compTeamNameSecond":"Команда2","totalRaceTime":"00:09:55","thirdPlaceName":"Bebr","secondPlaceNumber":"13","isRace":false,"firstPlaceNumber":"8","thirdPlaceNumber":"2","bestS2Race":"22.811","firstPlaceLag":"","bestS1Race":"18.288","compLag":"0.0","teams":[{"pilotName":"Bebrochka","lag":"0","timeFromLassPassing":"28449","endLap":false,"position":"1","lastPitTime":"00:00:00","transponderId":"5901907","teamName":"","lastLap":"41.10","lastLapSec":"41","bestLap":"41.10","segments":[{"pilotName":"","finishTime":"00:00:00","pilotId":"1","totalPilotTime":"00:09:55","neLength":"00:09:55","kart":"0","pitTime":""}],"lapCount":"13","lastLapS2":"22.82","lastLapS1":"18.28","secondsFromPit":"956","isOnPit":false,"isRaketa":true,"number":"8","pitstops":"0","kart":"0","lastPitMainTime":"0","totalOnTrack":"00:09:55","midLap":"41.981","pilots":[{"onTrack":"00:00:00","name":""}],"bestLapOnSegment":"41.108"},{"pilotName":"Георгій","lag":"05.94","timeFromLassPassing":"34491","endLap":false,"position":"2","lastPitTime":"00:00:00","transponderId":"8441658","teamName":"","lastLap":"42.85","lastLapSec":"43","bestLap":"41.53","segments":[{"pilotName":"","finishTime":"00:00:00","pilotId":"1","totalPilotTime":"00:09:55","neLength":"00:09:55","kart":"0","pitTime":""}],"lapCount":"13","lastLapS2":"24.37","lastLapS1":"18.48","secondsFromPit":"956","isOnPit":false,"isRaketa":false,"number":"13","pitstops":"0","kart":"0","lastPitMainTime":"0","totalOnTrack":"00:09:55","midLap":"42.658","pilots":[{"onTrack":"00:00:00","name":""}],"bestLapOnSegment":"41.530"},{"pilotName":"Bebr","lag":"08.11","timeFromLassPassing":"26262","endLap":false,"position":"3","lastPitTime":"00:00:00","transponderId":"8583082","teamName":"","lastLap":"41.68","lastLapSec":"42","bestLap":"41.56","segments":[{"pilotName":"","finishTime":"00:00:00","pilotId":"1","totalPilotTime":"00:09:55","neLength":"00:09:55","kart":"0","pitTime":""}],"lapCount":"13","lastLapS2":"23.27","lastLapS1":"18.41","secondsFromPit":"956","isOnPit":false,"isRaketa":false,"number":"2","pitstops":"0","kart":"0","lastPitMainTime":"0","totalOnTrack":"00:09:55","midLap":"42.301","pilots":[{"onTrack":"00:00:00","name":""}],"bestLapOnSegment":"41.567"},{"pilotName":"Ілларіон","lag":"01.76","timeFromLassPassing":"24523","endLap":false,"position":"4","lastPitTime":"00:00:00","transponderId":"5885393","teamName":"","lastLap":"42.62","lastLapSec":"43","bestLap":"42.59","segments":[{"pilotName":"","finishTime":"00:00:00","pilotId":"1","totalPilotTime":"00:09:55","neLength":"00:09:55","kart":"0","pitTime":""}],"lapCount":"13","lastLapS2":"23.73","lastLapS1":"18.89","secondsFromPit":"956","isOnPit":false,"isRaketa":false,"number":"3","pitstops":"0","kart":"0","lastPitMainTime":"0","totalOnTrack":"00:09:55","midLap":"43.944","pilots":[{"onTrack":"00:00:00","name":""}],"bestLapOnSegment":"42.591"},{"pilotName":"Олександр","lag":"27.13","timeFromLassPassing":"40068","endLap":false,"position":"5","lastPitTime":"00:00:00","transponderId":"5034562","teamName":"","lastLap":"48.03","lastLapSec":"48","bestLap":"42.59","segments":[{"pilotName":"","finishTime":"00:00:00","pilotId":"1","totalPilotTime":"00:09:55","neLength":"00:09:55","kart":"0","pitTime":""}],"lapCount":"12","lastLapS2":"27.61","lastLapS1":"20.41","secondsFromPit":"956","isOnPit":false,"isRaketa":false,"number":"44","pitstops":"0","kart":"0","lastPitMainTime":"0","totalOnTrack":"00:09:55","midLap":"44.948","pilots":[{"onTrack":"00:00:00","name":""}],"bestLapOnSegment":"42.599"},{"pilotName":"Вадим","lag":"12.39","timeFromLassPassing":"52428","endLap":false,"position":"6","lastPitTime":"00:00:00","transponderId":"9661676","teamName":"","lastLap":"43.24","lastLapSec":"43","bestLap":"43.11","segments":[{"pilotName":"","finishTime":"00:00:00","pilotId":"1","totalPilotTime":"00:09:55","neLength":"00:09:55","kart":"0","pitTime":"19.633"}],"lapCount":"12","lastLapS2":"24.28","lastLapS1":"18.96","secondsFromPit":"956","isOnPit":false,"isRaketa":false,"number":"6","pitstops":"0","kart":"0","lastPitMainTime":"0","totalOnTrack":"00:09:55","midLap":"44.824","pilots":[{"onTrack":"00:00:00","name":""}],"bestLapOnSegment":"43.112"},{"pilotName":"Денис","lag":"07.22","timeFromLassPassing":"45207","endLap":false,"position":"7","lastPitTime":"00:00:00","transponderId":"2807865","teamName":"","lastLap":"45.18","lastLapSec":"45","bestLap":"43.58","segments":[{"pilotName":"","finishTime":"00:00:00","pilotId":"1","totalPilotTime":"00:09:55","neLength":"00:09:55","kart":"0","pitTime":""}],"lapCount":"12","lastLapS2":"25.31","lastLapS1":"19.86","secondsFromPit":"956","isOnPit":false,"isRaketa":false,"number":"9","pitstops":"0","kart":"0","lastPitMainTime":"0","totalOnTrack":"00:09:55","midLap":"44.954","pilots":[{"onTrack":"00:00:00","name":""}],"bestLapOnSegment":"43.586"},{"pilotName":"Стас","lag":"13.49","timeFromLassPassing":"13544","endLap":false,"position":"8","lastPitTime":"00:00:00","transponderId":"8584138","teamName":"","lastLap":"45.19","lastLapSec":"45","bestLap":"43.62","segments":[{"pilotName":"","finishTime":"00:00:00","pilotId":"1","totalPilotTime":"00:09:55","neLength":"00:09:55","kart":"0","pitTime":""}],"lapCount":"13","lastLapS2":"25.99","lastLapS1":"19.20","secondsFromPit":"956","isOnPit":false,"isRaketa":false,"number":"5","pitstops":"0","kart":"0","lastPitMainTime":"0","totalOnTrack":"00:09:55","midLap":"44.557","pilots":[{"onTrack":"00:00:00","name":""}],"bestLapOnSegment":"43.622"},{"pilotName":"Кевин","lag":"3L+44.44","timeFromLassPassing":"14214","endLap":false,"position":"9","lastPitTime":"00:00:00","transponderId":"8431733","teamName":"","lastLap":"45.36","lastLapSec":"45","bestLap":"45.36","segments":[{"pilotName":"","finishTime":"00:00:00","pilotId":"1","totalPilotTime":"00:09:55","neLength":"00:09:55","kart":"0","pitTime":"27.212"}],"lapCount":"9","lastLapS2":"25.98","lastLapS1":"19.37","secondsFromPit":"956","isOnPit":false,"isRaketa":false,"number":"4","pitstops":"0","kart":"0","lastPitMainTime":"0","totalOnTrack":"00:09:55","midLap":"01:02.839","pilots":[{"onTrack":"00:00:00","name":""}],"bestLapOnSegment":"45.365"},{"pilotName":"Даша","lag":"1L+26.37","timeFromLassPassing":"40615","endLap":false,"position":"10","lastPitTime":"00:00:00","transponderId":"2758575","teamName":"","lastLap":"48.40","lastLapSec":"48","bestLap":"48.40","segments":[{"pilotName":"","finishTime":"00:00:00","pilotId":"1","totalPilotTime":"00:09:55","neLength":"00:09:55","kart":"0","pitTime":"04:10.579"}],"lapCount":"10","lastLapS2":"27.56","lastLapS1":"20.83","secondsFromPit":"956","isOnPit":false,"isRaketa":false,"number":"11","pitstops":"0","kart":"0","lastPitMainTime":"0","totalOnTrack":"00:09:55","midLap":"52.478","pilots":[{"onTrack":"00:00:00","name":""}],"bestLapOnSegment":"48.401"},{"pilotName":"Настя","lag":"2L+46.24","timeFromLassPassing":"42802","endLap":false,"position":"11","lastPitTime":"00:00:00","transponderId":"8433860","teamName":"","lastLap":"01:06.29","lastLapSec":"66","bestLap":"59.93","segments":[{"pilotName":"","finishTime":"00:00:00","pilotId":"1","totalPilotTime":"00:09:55","neLength":"00:09:55","kart":"0","pitTime":"29.047"}],"lapCount":"7","lastLapS2":"37.11","lastLapS1":"29.17","secondsFromPit":"956","isOnPit":false,"isRaketa":false,"number":"10","pitstops":"0","kart":"0","lastPitMainTime":"0","totalOnTrack":"00:09:55","midLap":"01:11.493","pilots":[{"onTrack":"00:00:00","name":""}],"bestLapOnSegment":"59.936"}],"thirdPlaceLag":"08.111","firstPlaceName":"Bebrochka","bestLapRace":"41.108","teams2":{"2":{"pilotName":"Bebr","lag":"08.11","timeFromLassPassing":"26262","endLap":false,"position":"3","lastPitTime":"00:00:00","transponderId":"8583082","teamName":"","lastLap":"41.68","lastLapSec":"42","bestLap":"41.56","segments":[{"pilotName":"","finishTime":"00:00:00","pilotId":"1","totalPilotTime":"00:09:55","neLength":"00:09:55","kart":"0","pitTime":""}],"lapCount":"13","lastLapS2":"23.27","lastLapS1":"18.41","secondsFromPit":"956","isOnPit":false,"isRaketa":false,"number":"2","pitstops":"0","kart":"0","lastPitMainTime":"0","totalOnTrack":"00:09:55","midLap":"42.301","pilots":[{"onTrack":"00:00:00","name":""}],"bestLapOnSegment":"41.567"},"3":{"pilotName":"Ілларіон","lag":"01.76","timeFromLassPassing":"24523","endLap":false,"position":"4","lastPitTime":"00:00:00","transponderId":"5885393","teamName":"","lastLap":"42.62","lastLapSec":"43","bestLap":"42.59","segments":[{"pilotName":"","finishTime":"00:00:00","pilotId":"1","totalPilotTime":"00:09:55","neLength":"00:09:55","kart":"0","pitTime":""}],"lapCount":"13","lastLapS2":"23.73","lastLapS1":"18.89","secondsFromPit":"956","isOnPit":false,"isRaketa":false,"number":"3","pitstops":"0","kart":"0","lastPitMainTime":"0","totalOnTrack":"00:09:55","midLap":"43.944","pilots":[{"onTrack":"00:00:00","name":""}],"bestLapOnSegment":"42.591"},"4":{"pilotName":"Кевин","lag":"3L+44.44","timeFromLassPassing":"14214","endLap":false,"position":"9","lastPitTime":"00:00:00","transponderId":"8431733","teamName":"","lastLap":"45.36","lastLapSec":"45","bestLap":"45.36","segments":[{"pilotName":"","finishTime":"00:00:00","pilotId":"1","totalPilotTime":"00:09:55","neLength":"00:09:55","kart":"0","pitTime":"27.212"}],"lapCount":"9","lastLapS2":"25.98","lastLapS1":"19.37","secondsFromPit":"956","isOnPit":false,"isRaketa":false,"number":"4","pitstops":"0","kart":"0","lastPitMainTime":"0","totalOnTrack":"00:09:55","midLap":"01:02.839","pilots":[{"onTrack":"00:00:00","name":""}],"bestLapOnSegment":"45.365"},"5":{"pilotName":"Стас","lag":"13.49","timeFromLassPassing":"13544","endLap":false,"position":"8","lastPitTime":"00:00:00","transponderId":"8584138","teamName":"","lastLap":"45.19","lastLapSec":"45","bestLap":"43.62","segments":[{"pilotName":"","finishTime":"00:00:00","pilotId":"1","totalPilotTime":"00:09:55","neLength":"00:09:55","kart":"0","pitTime":""}],"lapCount":"13","lastLapS2":"25.99","lastLapS1":"19.20","secondsFromPit":"956","isOnPit":false,"isRaketa":false,"number":"5","pitstops":"0","kart":"0","lastPitMainTime":"0","totalOnTrack":"00:09:55","midLap":"44.557","pilots":[{"onTrack":"00:00:00","name":""}],"bestLapOnSegment":"43.622"},"6":{"pilotName":"Вадим","lag":"12.39","timeFromLassPassing":"52428","endLap":false,"position":"6","lastPitTime":"00:00:00","transponderId":"9661676","teamName":"","lastLap":"43.24","lastLapSec":"43","bestLap":"43.11","segments":[{"pilotName":"","finishTime":"00:00:00","pilotId":"1","totalPilotTime":"00:09:55","neLength":"00:09:55","kart":"0","pitTime":"19.633"}],"lapCount":"12","lastLapS2":"24.28","lastLapS1":"18.96","secondsFromPit":"956","isOnPit":false,"isRaketa":false,"number":"6","pitstops":"0","kart":"0","lastPitMainTime":"0","totalOnTrack":"00:09:55","midLap":"44.824","pilots":[{"onTrack":"00:00:00","name":""}],"bestLapOnSegment":"43.112"},"8":{"pilotName":"Bebrochka","lag":"0","timeFromLassPassing":"28449","endLap":false,"position":"1","lastPitTime":"00:00:00","transponderId":"5901907","teamName":"","lastLap":"41.10","lastLapSec":"41","bestLap":"41.10","segments":[{"pilotName":"","finishTime":"00:00:00","pilotId":"1","totalPilotTime":"00:09:55","neLength":"00:09:55","kart":"0","pitTime":""}],"lapCount":"13","lastLapS2":"22.82","lastLapS1":"18.28","secondsFromPit":"956","isOnPit":false,"isRaketa":true,"number":"8","pitstops":"0","kart":"0","lastPitMainTime":"0","totalOnTrack":"00:09:55","midLap":"41.981","pilots":[{"onTrack":"00:00:00","name":""}],"bestLapOnSegment":"41.108"},"9":{"pilotName":"Денис","lag":"07.22","timeFromLassPassing":"45207","endLap":false,"position":"7","lastPitTime":"00:00:00","transponderId":"2807865","teamName":"","lastLap":"45.18","lastLapSec":"45","bestLap":"43.58","segments":[{"pilotName":"","finishTime":"00:00:00","pilotId":"1","totalPilotTime":"00:09:55","neLength":"00:09:55","kart":"0","pitTime":""}],"lapCount":"12","lastLapS2":"25.31","lastLapS1":"19.86","secondsFromPit":"956","isOnPit":false,"isRaketa":false,"number":"9","pitstops":"0","kart":"0","lastPitMainTime":"0","totalOnTrack":"00:09:55","midLap":"44.954","pilots":[{"onTrack":"00:00:00","name":""}],"bestLapOnSegment":"43.586"},"10":{"pilotName":"Настя","lag":"2L+46.24","timeFromLassPassing":"42802","endLap":false,"position":"11","lastPitTime":"00:00:00","transponderId":"8433860","teamName":"","lastLap":"01:06.29","lastLapSec":"66","bestLap":"59.93","segments":[{"pilotName":"","finishTime":"00:00:00","pilotId":"1","totalPilotTime":"00:09:55","neLength":"00:09:55","kart":"0","pitTime":"29.047"}],"lapCount":"7","lastLapS2":"37.11","lastLapS1":"29.17","secondsFromPit":"956","isOnPit":false,"isRaketa":false,"number":"10","pitstops":"0","kart":"0","lastPitMainTime":"0","totalOnTrack":"00:09:55","midLap":"01:11.493","pilots":[{"onTrack":"00:00:00","name":""}],"bestLapOnSegment":"59.936"},"11":{"pilotName":"Даша","lag":"1L+26.37","timeFromLassPassing":"40615","endLap":false,"position":"10","lastPitTime":"00:00:00","transponderId":"2758575","teamName":"","lastLap":"48.40","lastLapSec":"48","bestLap":"48.40","segments":[{"pilotName":"","finishTime":"00:00:00","pilotId":"1","totalPilotTime":"00:09:55","neLength":"00:09:55","kart":"0","pitTime":"04:10.579"}],"lapCount":"10","lastLapS2":"27.56","lastLapS1":"20.83","secondsFromPit":"956","isOnPit":false,"isRaketa":false,"number":"11","pitstops":"0","kart":"0","lastPitMainTime":"0","totalOnTrack":"00:09:55","midLap":"52.478","pilots":[{"onTrack":"00:00:00","name":""}],"bestLapOnSegment":"48.401"},"13":{"pilotName":"Георгій","lag":"05.94","timeFromLassPassing":"34491","endLap":false,"position":"2","lastPitTime":"00:00:00","transponderId":"8441658","teamName":"","lastLap":"42.85","lastLapSec":"43","bestLap":"41.53","segments":[{"pilotName":"","finishTime":"00:00:00","pilotId":"1","totalPilotTime":"00:09:55","neLength":"00:09:55","kart":"0","pitTime":""}],"lapCount":"13","lastLapS2":"24.37","lastLapS1":"18.48","secondsFromPit":"956","isOnPit":false,"isRaketa":false,"number":"13","pitstops":"0","kart":"0","lastPitMainTime":"0","totalOnTrack":"00:09:55","midLap":"42.658","pilots":[{"onTrack":"00:00:00","name":""}],"bestLapOnSegment":"41.530"},"44":{"pilotName":"Олександр","lag":"27.13","timeFromLassPassing":"40068","endLap":false,"position":"5","lastPitTime":"00:00:00","transponderId":"5034562","teamName":"","lastLap":"48.03","lastLapSec":"48","bestLap":"42.59","segments":[{"pilotName":"","finishTime":"00:00:00","pilotId":"1","totalPilotTime":"00:09:55","neLength":"00:09:55","kart":"0","pitTime":""}],"lapCount":"12","lastLapS2":"27.61","lastLapS1":"20.41","secondsFromPit":"956","isOnPit":false,"isRaketa":false,"number":"44","pitstops":"0","kart":"0","lastPitMainTime":"0","totalOnTrack":"00:09:55","midLap":"44.948","pilots":[{"onTrack":"00:00:00","name":""}],"bestLapOnSegment":"42.599"}},"compTeamNameFirst":"Команда1","compDiffS2":"-0.0","compDiffS1":"+0.0"},"onBoard":{"karts_on_track":[],"position":"12","timeDiff":"+","firstpos_lag":"0","lastLap":"","onTrack":"41:24.963","position_by_time":"1","sector_2_time":"","karts_on_pit":[],"second_pos_time":"41.530","second_pos_name":"Георгій","sector_2_lag":"-","timeLag":"+0.0","sector_1_lag":"-","lapCount":"0","third_pos_time":"41.567","third_pos_name":"Bebr","sector_1_time":"","totalOnTrack":"00:41:24","prevpos_lag":"+","nextpos_lag":"0","bestLapOnSegment":"","first_pos_time":"41.108","first_pos_name":"Bebrochka"}}